cohort,source_count,encoder,policy,graph,scaling,family,equal_participant_nrmse,equal_participant_nmse,row_mean_nrmse,p95,p99,maximum,rows_above_one,participants,records
hcp83,8,qsf,random,individual,tanh3,bounded_residual,0.13341135984325134,0.01835820353290958,0.133421141645929,0.17143742938185236,0.19350856935013516,0.2390168553203153,0,729,3189
hcp83,8,qsf,random,individual,tanh3,ordinary,0.13595092611797877,0.019091986037579927,0.13596693834807602,0.1764680341721979,0.2018654528107558,0.2562848721267452,0,729,3189
hcp83,8,qsf,random,individual,tanh3,projection,0.13591839724184326,0.019081148609448973,0.13593590007220793,0.1763640950170254,0.2018654528107558,0.2561778450961945,0,729,3189
hcp83,8,qsf,random,individual,tanh3,residual,0.13350548759043265,0.01838354817704761,0.1335121481083165,0.17143742938185236,0.19350856935013516,0.2390168553203153,0,729,3189
hcp83,8,qsf,graph_coverage,individual,tanh3,bounded_residual,0.2247410846012181,0.05115267411748453,0.22493395189346738,0.26554598978914085,0.2882186417338041,0.4015567299933317,0,729,3189
hcp83,8,qsf,graph_coverage,individual,tanh3,ordinary,0.2271131761028318,0.05225678380498749,0.22728667507959233,0.2696371444756795,0.29020533685293154,0.395672478202087,0,729,3189
hcp83,8,qsf,graph_coverage,individual,tanh3,projection,0.22651469781099806,0.05196176904642956,0.22666762804100996,0.2687155962159847,0.2893492879276135,0.3677786920894972,0,729,3189
hcp83,8,qsf,graph_coverage,individual,tanh3,residual,0.22541192909126573,0.051479613803976136,0.22562989563768232,0.26622353186083336,0.2891830872525919,0.4341256442136489,0,729,3189
hcp83,8,qsf,sfh_fixed,individual,tanh3,bounded_residual,0.20747812741458885,0.044138207176724134,0.2076845694769804,0.2638984409842917,0.2890687090682009,0.4015567299933366,0,729,3189
hcp83,8,qsf,sfh_fixed,individual,tanh3,ordinary,0.20674147399317638,0.04400447305238088,0.20697962368100237,0.2652127737559358,0.2901548357154815,0.3956724782021539,0,729,3189
hcp83,8,qsf,sfh_fixed,individual,tanh3,projection,0.20627075488854388,0.04379072702927269,0.2064821606419909,0.2650421803446589,0.2895044863843721,0.3677786920895012,0,729,3189
hcp83,8,qsf,sfh_fixed,individual,tanh3,residual,0.20794420213465112,0.04435241916849449,0.20817272476945559,0.2640975290343883,0.2909535828712651,0.4341256442137359,0,729,3189
hcp83,8,qsf,spectral,individual,tanh3,bounded_residual,0.14842866769993102,0.022392623362841077,0.1485526180900375,0.17955776038013455,0.2101954215092416,0.3452739479112967,0,729,3189
hcp83,8,qsf,spectral,individual,tanh3,ordinary,0.14828739409618352,0.022358294487406387,0.14844525325173336,0.18161700063948047,0.21138097003136952,0.3128506426800334,0,729,3189
hcp83,8,qsf,spectral,individual,tanh3,projection,0.1481789231318687,0.02233140213171773,0.14832513388829696,0.18161700063948047,0.21238832945157715,0.3128506426800334,0,729,3189
hcp83,8,qsf,spectral,individual,tanh3,residual,0.14847499919222737,0.02240294764028543,0.14861204966047398,0.17955776038013455,0.2101954215092416,0.3452739479112967,0,729,3189
hcp83,8,qsf,qsf_discrimination,individual,tanh3,bounded_residual,0.12737236211907882,0.01665508988765358,0.1275311217212818,0.16566827846412255,0.18133016838378316,0.2267624460170881,0,729,3189
hcp83,8,qsf,qsf_discrimination,individual,tanh3,ordinary,0.13016223629602997,0.0173841554816906,0.1303067465758484,0.17010775587007812,0.18723376271146924,0.2098860565747318,0,729,3189
hcp83,8,qsf,qsf_discrimination,individual,tanh3,projection,0.12982898497744333,0.017297448292269823,0.12999160337286403,0.1696522094266255,0.18653965613528806,0.2098860565747318,0,729,3189
hcp83,8,qsf,qsf_discrimination,individual,tanh3,residual,0.12758103218763453,0.016707524680321627,0.12773276677699757,0.16589181845445333,0.1831074356568724,0.2267624460170881,0,729,3189
hcp83,8,qsf,heat_discrimination,individual,tanh3,bounded_residual,0.12277589785019447,0.015488892876355962,0.1228189473659398,0.1574905526528484,0.1785971512189897,0.2070859936022621,0,729,3189
hcp83,8,qsf,heat_discrimination,individual,tanh3,ordinary,0.12439771153509949,0.015922123442316517,0.12447002612253559,0.16055838314783163,0.18510785640334518,0.2116324624287351,0,729,3189
hcp83,8,qsf,heat_discrimination,individual,tanh3,projection,0.12428782350376988,0.01589073303935875,0.12435720395199863,0.1603396746848977,0.1849976894065781,0.2116324624287351,0,729,3189
hcp83,8,qsf,heat_discrimination,individual,tanh3,residual,0.12285078844038759,0.015510420694826011,0.12289375434421602,0.1576202497824138,0.17908310168755157,0.2070859936022621,0,729,3189
hcp83,8,qsf,spatial,individual,tanh3,bounded_residual,0.12766380633625085,0.016724576381683228,0.12767710776426328,0.16230747575111026,0.18037107372323374,0.2171464260471681,0,729,3189
hcp83,8,qsf,spatial,individual,tanh3,ordinary,0.13028480650393404,0.01744799619001206,0.13033119751658084,0.16719172292248582,0.18735654907461594,0.268827957999302,0,729,3189
hcp83,8,qsf,spatial,individual,tanh3,projection,0.13003999429179877,0.017371632793770325,0.1300841601312264,0.16664145694459753,0.18552778872104392,0.2121528453624491,0,729,3189
hcp83,8,qsf,spatial,individual,tanh3,residual,0.12780778587353456,0.01676638165419343,0.12781883914170403,0.1628171839894371,0.1806156176562377,0.2171464260471681,0,729,3189
hcp83,8,heat_raw18,random,individual,tanh3,bounded_residual,0.14748949813572362,0.022149792497074095,0.14758529011069402,0.18029729810364498,0.19854272356672817,0.2772152102739302,0,729,3189
hcp83,8,heat_raw18,random,individual,tanh3,ordinary,0.15066759373782543,0.023141525829377698,0.15076454265160166,0.18551415090758686,0.20581598335332843,0.3324310942837584,0,729,3189
hcp83,8,heat_raw18,random,individual,tanh3,projection,0.15046025719300554,0.02306499088992645,0.15053207586004844,0.1844655027992206,0.20507772212088246,0.27137788560588,0,729,3189
hcp83,8,heat_raw18,random,individual,tanh3,residual,0.14761460938612822,0.022196217675846043,0.14772837620903778,0.18082312363219347,0.19921609046207045,0.3110823475219071,0,729,3189
hcp83,8,heat_raw18,graph_coverage,individual,tanh3,bounded_residual,0.22569084908409223,0.05142316890076838,0.22584454404370163,0.26114843765135815,0.2793858247475179,0.3547594299316045,0,729,3189
hcp83,8,heat_raw18,graph_coverage,individual,tanh3,ordinary,0.22863815902547827,0.05281394970178916,0.22878213783913634,0.2650886264003312,0.2843772718697593,0.4016630031556765,0,729,3189
hcp83,8,heat_raw18,graph_coverage,individual,tanh3,projection,0.2278630613737947,0.05241127234767559,0.22801117070618132,0.2645491747184562,0.2820742721301689,0.3428753309219023,0,729,3189
hcp83,8,heat_raw18,graph_coverage,individual,tanh3,residual,0.22638854995701932,0.05177543211078044,0.22654850401618407,0.26251955700650703,0.28252485708463065,0.4060423820341919,0,729,3189
hcp83,8,heat_raw18,sfh_fixed,individual,tanh3,bounded_residual,0.2065973334555592,0.043700391779041795,0.2067534278078397,0.2594502782643548,0.2773658100309727,0.3999694940770567,0,729,3189
hcp83,8,heat_raw18,sfh_fixed,individual,tanh3,ordinary,0.20827647181642908,0.04445751122927786,0.20851184453035992,0.2625766319388057,0.28005545433765744,0.3336299573314346,0,729,3189
hcp83,8,heat_raw18,sfh_fixed,individual,tanh3,projection,0.20714816350623858,0.043952100093417636,0.20737610343938928,0.26081186644530796,0.27805749315626677,0.3261351899496256,0,729,3189
hcp83,8,heat_raw18,sfh_fixed,individual,tanh3,residual,0.2076398274393548,0.044160207951452486,0.2078121193947793,0.260872856182458,0.2772325306452744,0.3899267346719127,0,729,3189
hcp83,8,heat_raw18,spectral,individual,tanh3,bounded_residual,0.1535564261018986,0.02384246573076094,0.153773066157499,0.17954392249733284,0.2035100847231629,0.3053485066802512,0,729,3189
hcp83,8,heat_raw18,spectral,individual,tanh3,ordinary,0.155762103718216,0.02452193870346267,0.155935252627768,0.18263750713883303,0.2046856149498851,0.3020196276380449,0,729,3189
hcp83,8,heat_raw18,spectral,individual,tanh3,projection,0.15555103456705063,0.024450529328221796,0.15573173040670002,0.18258902072128153,0.2038798305867623,0.2956567799401353,0,729,3189
hcp83,8,heat_raw18,spectral,individual,tanh3,residual,0.15385604457481405,0.02393428191407237,0.15407745430483588,0.17973945283891482,0.20426323384750522,0.3053485066802512,0,729,3189
hcp83,8,heat_raw18,qsf_discrimination,individual,tanh3,bounded_residual,0.14001406767142108,0.019855686517663285,0.14014384296843016,0.16770939359409578,0.18326243751556986,0.2161178767516373,0,729,3189
hcp83,8,heat_raw18,qsf_discrimination,individual,tanh3,ordinary,0.14360682267812389,0.02088838418472353,0.14376138486758036,0.1726729966658329,0.19132420029431188,0.2239264328331401,0,729,3189
hcp83,8,heat_raw18,qsf_discrimination,individual,tanh3,projection,0.1431076265850247,0.020736907470009534,0.14324867653245268,0.17168341617915744,0.1894497265976252,0.2121767379483881,0,729,3189
hcp83,8,heat_raw18,qsf_discrimination,individual,tanh3,residual,0.14041335818672784,0.019971047556291727,0.14056294408777606,0.16823607063198112,0.18499440145444448,0.2219898312944069,0,729,3189
hcp83,8,heat_raw18,heat_discrimination,individual,tanh3,bounded_residual,0.13767354389543776,0.019297630904029268,0.13776132139981487,0.17095760943516922,0.1881588486881417,0.230764281935744,0,729,3189
hcp83,8,heat_raw18,heat_discrimination,individual,tanh3,ordinary,0.1401032203680318,0.019982004654076457,0.14018279413742768,0.1738939270492674,0.19554834544633784,0.2426396630661488,0,729,3189
hcp83,8,heat_raw18,heat_discrimination,individual,tanh3,projection,0.13988006981898068,0.019912787268288136,0.13996639583512288,0.1738227268526474,0.19483888509835434,0.2364217432142812,0,729,3189
hcp83,8,heat_raw18,heat_discrimination,individual,tanh3,residual,0.1378742536173434,0.019358782104090838,0.13795246244840767,0.17149945715466056,0.18825651663370224,0.2345055715569445,0,729,3189
hcp83,8,heat_raw18,spatial,individual,tanh3,bounded_residual,0.14214972686037705,0.020566225088455813,0.14220111542154096,0.17497847021265983,0.19102622445878878,0.2156662746461802,0,729,3189
hcp83,8,heat_raw18,spatial,individual,tanh3,ordinary,0.1456948077305136,0.021620833006427614,0.14576005824955598,0.17980146577214492,0.197923124130165,0.2557260582706427,0,729,3189
hcp83,8,heat_raw18,spatial,individual,tanh3,projection,0.1453083125967503,0.02148326844792184,0.14536387749379023,0.17839729836114823,0.19296458848839484,0.22082954031633,0,729,3189
hcp83,8,heat_raw18,spatial,individual,tanh3,residual,0.14252165619155432,0.02068784860779805,0.14261606460474593,0.1755031165528711,0.1923369455550787,0.2580689870668005,0,729,3189
hcp83,8,heat_norm18,random,individual,tanh3,bounded_residual,0.1533580695362515,0.02405917043794742,0.15349005485828396,0.1921540884104766,0.20981940391837817,0.3085528050652203,0,729,3189
hcp83,8,heat_norm18,random,individual,tanh3,ordinary,0.15607202130409262,0.02495019454279752,0.15617132625477054,0.19601944710457198,0.21651724073628584,0.3985537342915873,0,729,3189
hcp83,8,heat_norm18,random,individual,tanh3,projection,0.1551184407142685,0.024614308166796856,0.15522163870966893,0.1949082732233452,0.21369756431603038,0.2780402255124449,0,729,3189
hcp83,8,heat_norm18,random,individual,tanh3,residual,0.1540995785113764,0.0243487644406971,0.15425916389902763,0.1925161988866447,0.21186558139517986,0.6402681202668826,0,729,3189
hcp83,8,heat_norm18,graph_coverage,individual,tanh3,bounded_residual,0.23167178170492958,0.054116049867483425,0.23180699682582667,0.2670557962910873,0.2819142247348843,0.376237015119026,0,729,3189
hcp83,8,heat_norm18,graph_coverage,individual,tanh3,ordinary,0.2343082515455133,0.05538082695529605,0.23452187838801986,0.2706339154366483,0.28787245360383834,0.3819470861000467,0,729,3189
hcp83,8,heat_norm18,graph_coverage,individual,tanh3,projection,0.2337141877396597,0.05507288447089326,0.23383269498819828,0.26995730914219856,0.28526491778067636,0.3578927532234197,0,729,3189
hcp83,8,heat_norm18,graph_coverage,individual,tanh3,residual,0.23228539110885935,0.054432892180843274,0.23251522267892066,0.26823223871764407,0.28483965472241524,0.3768405865324651,0,729,3189
hcp83,8,heat_norm18,sfh_fixed,individual,tanh3,bounded_residual,0.21270408242890962,0.04643503747362778,0.21294260044499286,0.2658845070421213,0.2802559422971573,0.3698755904305852,0,729,3189
hcp83,8,heat_norm18,sfh_fixed,individual,tanh3,ordinary,0.21422142913430903,0.04713564751768369,0.21456039632948565,0.26828388835857575,0.2842063013487024,0.3819470861000522,0,729,3189
hcp83,8,heat_norm18,sfh_fixed,individual,tanh3,projection,0.2136418412398458,0.04684512787037627,0.213906433317858,0.26704126471388684,0.28113741713131685,0.3171796139584522,0,729,3189
hcp83,8,heat_norm18,sfh_fixed,individual,tanh3,residual,0.21319944517824205,0.046683804017030685,0.2135130079435991,0.2666385474724448,0.28189926960645245,0.3768405865324692,0,729,3189
hcp83,8,heat_norm18,spectral,individual,tanh3,bounded_residual,0.15779053537327623,0.0251540692732387,0.15809335804560645,0.18488860644003793,0.20521337924833521,0.3016598886594236,0,729,3189
hcp83,8,heat_norm18,spectral,individual,tanh3,ordinary,0.15957557419552265,0.025721077953995863,0.159821616175484,0.18747316123504257,0.20571978118923018,0.2755925176825455,0,729,3189
hcp83,8,heat_norm18,spectral,individual,tanh3,projection,0.159181231241024,0.025592765793573953,0.15943364822550274,0.1870296361922847,0.2046887015473216,0.2755925176825455,0,729,3189
hcp83,8,heat_norm18,spectral,individual,tanh3,residual,0.15816874257818284,0.025276012208740446,0.15846950339825197,0.18520480674322948,0.20638167533787058,0.3004962803819645,0,729,3189
hcp83,8,heat_norm18,qsf_discrimination,individual,tanh3,bounded_residual,0.1458850290355081,0.021552797040145736,0.14600750207988059,0.1746338416364146,0.19040822515373987,0.2150564210342369,0,729,3189
hcp83,8,heat_norm18,qsf_discrimination,individual,tanh3,ordinary,0.14826298073921648,0.02226744976252248,0.1484022562949922,0.1784331889836252,0.1925928642132882,0.2171170368936965,0,729,3189
hcp83,8,heat_norm18,qsf_discrimination,individual,tanh3,projection,0.14765549861968524,0.02208620598498527,0.14775477668478376,0.17764000023446824,0.19178345180624143,0.2132325585466054,0,729,3189
hcp83,8,heat_norm18,qsf_discrimination,individual,tanh3,residual,0.14626912868540248,0.02166604228370043,0.1464256893564721,0.17525605433052982,0.19173410394905765,0.2113399153124014,0,729,3189
hcp83,8,heat_norm18,heat_discrimination,individual,tanh3,bounded_residual,0.14066124632800533,0.020115109519332663,0.1407722149832055,0.17171695809421084,0.194361721411903,0.2405089146686303,0,729,3189
hcp83,8,heat_norm18,heat_discrimination,individual,tanh3,ordinary,0.14224868460652276,0.020581192566221117,0.14234765665807894,0.17408899648396614,0.1979662070193159,0.2455066097765004,0,729,3189
hcp83,8,heat_norm18,heat_discrimination,individual,tanh3,projection,0.1419477132933185,0.020487998243830456,0.14203517221362238,0.1733396130527696,0.19656865737177937,0.2455066097765004,0,729,3189
hcp83,8,heat_norm18,heat_discrimination,individual,tanh3,residual,0.14101295154692825,0.020218685089383546,0.14112782981904687,0.17216776889686794,0.1947931231188435,0.2405089146686303,0,729,3189
hcp83,8,heat_norm18,spatial,individual,tanh3,bounded_residual,0.14465288823226427,0.02132168933976498,0.14471023438789055,0.1788434013393035,0.19565960407454194,0.2164101366031531,0,729,3189
hcp83,8,heat_norm18,spatial,individual,tanh3,ordinary,0.14762510279344415,0.022350139585516498,0.14766729418232274,0.18482227833585488,0.20394277739985261,0.5852694586359473,0,729,3189
hcp83,8,heat_norm18,spatial,individual,tanh3,projection,0.1463599156987427,0.02182618140230865,0.1464156194244916,0.18117064524195428,0.19879065031548082,0.2232316742976245,0,729,3189
hcp83,8,heat_norm18,spatial,individual,tanh3,residual,0.14559444568144483,0.021758226623820005,0.14565217683210205,0.1810422984093811,0.20036196069531723,0.6426029079468394,0,729,3189
hcp83,16,qsf,random,individual,tanh3,bounded_residual,0.11838168675399748,0.014574230533546173,0.11839456255423329,0.15690988879489473,0.17315360799130664,0.2157087414870395,0,729,3189
hcp83,16,qsf,random,individual,tanh3,ordinary,0.12160558809973104,0.015378660758303533,0.12164953475320607,0.1622070548408624,0.18177906626762208,0.2274533179963921,0,729,3189
hcp83,16,qsf,random,individual,tanh3,projection,0.12141970371768682,0.015326610161169527,0.12146766659699951,0.16135433933966786,0.18001793051435608,0.2270684819016823,0,729,3189
hcp83,16,qsf,random,individual,tanh3,residual,0.118558092443845,0.014615832974658474,0.11856322243961703,0.15691444958129286,0.17315360799130664,0.2157087414870395,0,729,3189
hcp83,16,qsf,graph_coverage,individual,tanh3,bounded_residual,0.14444928951881653,0.021273584448623827,0.14470842212040866,0.1787962250752949,0.20221667970241472,0.3530836820188686,0,729,3189
hcp83,16,qsf,graph_coverage,individual,tanh3,ordinary,0.14685590224789608,0.02200248151852775,0.14704566276074335,0.1840063023623245,0.20924640032011574,0.3510931265527985,0,729,3189
hcp83,16,qsf,graph_coverage,individual,tanh3,projection,0.14656087690157216,0.021911977081204785,0.14675484801840155,0.1831848719825251,0.20846824698633168,0.3471973772657972,0,729,3189
hcp83,16,qsf,graph_coverage,individual,tanh3,residual,0.1447900727785604,0.021374682632101315,0.14503494263332856,0.17905734196614423,0.20494782067526204,0.3573843226784832,0,729,3189
hcp83,16,qsf,sfh_fixed,individual,tanh3,bounded_residual,0.1414009935381751,0.020428896274505854,0.14159179718390985,0.17675492161279222,0.199005992340171,0.3585093643797545,0,729,3189
hcp83,16,qsf,sfh_fixed,individual,tanh3,ordinary,0.1419807578569233,0.020611015890550262,0.1420897404646256,0.1791377395899035,0.19781223770093137,0.3514560375338734,0,729,3189
hcp83,16,qsf,sfh_fixed,individual,tanh3,projection,0.141895576977006,0.020587083064753313,0.14200385826437043,0.17906951071375113,0.19781223770093137,0.3514560375338734,0,729,3189
hcp83,16,qsf,sfh_fixed,individual,tanh3,residual,0.14160743949513385,0.020485762136730232,0.14180199429495718,0.17691987003290582,0.19931615664341984,0.3585093643797545,0,729,3189
hcp83,16,qsf,spectral,individual,tanh3,bounded_residual,0.11220951161906637,0.013081917634249068,0.11222210021358486,0.14682254288646168,0.1585089147522554,0.1985945137948401,0,729,3189
hcp83,16,qsf,spectral,individual,tanh3,ordinary,0.11511287170368274,0.01376320427292409,0.11513438743941992,0.15103590681913706,0.16388134236080515,0.1963119493153694,0,729,3189
hcp83,16,qsf,spectral,individual,tanh3,projection,0.1149330417759546,0.013723290441894721,0.11494591676842957,0.15076855858646068,0.16363670188693974,0.1963428143169294,0,729,3189
hcp83,16,qsf,spectral,individual,tanh3,residual,0.11231906578200579,0.013106012377996403,0.11234095129639966,0.14682254288646168,0.15852649221641735,0.1982507024677061,0,729,3189
hcp83,16,qsf,qsf_discrimination,individual,tanh3,bounded_residual,0.11288696693135558,0.013132504890765999,0.11301512420495133,0.14471728266114406,0.1582887370321144,0.1986001010481024,0,729,3189
hcp83,16,qsf,qsf_discrimination,individual,tanh3,ordinary,0.11553363497256254,0.013764540723015225,0.115658068684398,0.14987513922917606,0.16440130241007117,0.1936943279163088,0,729,3189
hcp83,16,qsf,qsf_discrimination,individual,tanh3,projection,0.11527192131052992,0.013702115935959904,0.11539422581189042,0.1496763736295899,0.16391376728857704,0.1901203469961351,0,729,3189
hcp83,16,qsf,qsf_discrimination,individual,tanh3,residual,0.11302582179074616,0.013161198926358754,0.11316088778855682,0.14471728266114406,0.15860707484143458,0.2011746701539875,0,729,3189
hcp83,16,qsf,heat_discrimination,individual,tanh3,bounded_residual,0.10951159627041128,0.012465100962396239,0.1095583089437499,0.144041767615923,0.15646094507002192,0.1861285840897738,0,729,3189
hcp83,16,qsf,heat_discrimination,individual,tanh3,ordinary,0.11176754556383629,0.012971318367867956,0.11184394956813394,0.14699942682958644,0.16233327982996043,0.1925119572203792,0,729,3189
hcp83,16,qsf,heat_discrimination,individual,tanh3,projection,0.11176692440087316,0.012971141506273744,0.11184349709129611,0.14699942682958644,0.16233327982996043,0.1925119572203792,0,729,3189
hcp83,16,qsf,heat_discrimination,individual,tanh3,residual,0.10951178083509014,0.012465153361364814,0.1095584589730171,0.144041767615923,0.15646094507002192,0.1861285840897738,0,729,3189
hcp83,16,qsf,spatial,individual,tanh3,bounded_residual,0.11068180102766079,0.012667489518831896,0.11072202062840077,0.14194800552838371,0.15477516291953827,0.1825668707775598,0,729,3189
hcp83,16,qsf,spatial,individual,tanh3,ordinary,0.11374509484222291,0.013378785645721494,0.11381527060030307,0.14720312322699985,0.16198789638516234,0.3293318344392983,0,729,3189
hcp83,16,qsf,spatial,individual,tanh3,projection,0.11353301425271092,0.013319785856861843,0.11358946121084845,0.1471918911792087,0.16276815324729185,0.1885035223265347,0,729,3189
hcp83,16,qsf,spatial,individual,tanh3,residual,0.1107947129758578,0.01269982368605287,0.11085005444390517,0.14194800552838371,0.15468802037385954,0.3215998867502028,0,729,3189
hcp83,16,heat_raw18,random,individual,tanh3,bounded_residual,0.1346045522424176,0.018528240273574276,0.13464464951173952,0.16815617377393743,0.18569081491435627,0.2376884287225366,0,729,3189
hcp83,16,heat_raw18,random,individual,tanh3,ordinary,0.13818343019361531,0.019537329168104065,0.13821728113898052,0.17346847571460483,0.19229136772321515,0.2718794939010002,0,729,3189
hcp83,16,heat_raw18,random,individual,tanh3,projection,0.1376717840429431,0.019379928090612626,0.13771390287208166,0.1729628459356755,0.19076432019519557,0.2586001170612598,0,729,3189
hcp83,16,heat_raw18,random,individual,tanh3,residual,0.1350636847952997,0.018662700101135275,0.13510040673477672,0.16885969855021513,0.18668905250493462,0.2670375163678818,0,729,3189
hcp83,16,heat_raw18,graph_coverage,individual,tanh3,bounded_residual,0.1523027180868424,0.02351387409280861,0.1524945905995509,0.18418354929954814,0.20545761877247176,0.3483793652856022,0,729,3189
hcp83,16,heat_raw18,graph_coverage,individual,tanh3,ordinary,0.15636237320310076,0.02481045171698521,0.15649208758424876,0.18957809632275552,0.20911363925535664,0.3403502706610494,0,729,3189
hcp83,16,heat_raw18,graph_coverage,individual,tanh3,projection,0.15589013363014806,0.024641971495967103,0.15605104970445205,0.18916682513342523,0.21028595861890756,0.3315811861081877,0,729,3189
hcp83,16,heat_raw18,graph_coverage,individual,tanh3,residual,0.152777921788936,0.023676043838108996,0.15293665105888807,0.18415768935655774,0.20511026623976497,0.3506068554948826,0,729,3189
hcp83,16,heat_raw18,sfh_fixed,individual,tanh3,bounded_residual,0.14722727171103758,0.022048842765382885,0.1473767966334624,0.1798540215303194,0.19978733012716707,0.4045000644978824,0,729,3189
hcp83,16,heat_raw18,sfh_fixed,individual,tanh3,ordinary,0.15070325571345036,0.023073097260528717,0.15081582333023927,0.18385990787449286,0.20262056021376457,0.3332378840396551,0,729,3189
hcp83,16,heat_raw18,sfh_fixed,individual,tanh3,projection,0.15040331662296266,0.022981820952901272,0.1505022416222202,0.1833655820473694,0.20262056021376457,0.3332378840396551,0,729,3189
hcp83,16,heat_raw18,sfh_fixed,individual,tanh3,residual,0.147495782420012,0.02212460292656386,0.14765626868896678,0.1804860214417496,0.1997897108071733,0.4045000644978824,0,729,3189
hcp83,16,heat_raw18,spectral,individual,tanh3,bounded_residual,0.12542649278720194,0.01607907999272543,0.12554747905432817,0.1556827922504522,0.16864109505576358,0.1972860209436453,0,729,3189
hcp83,16,heat_raw18,spectral,individual,tanh3,ordinary,0.1285137408108288,0.01688107332548788,0.12862940960496347,0.15935221934351912,0.17361204796140653,0.2031956424962342,0,729,3189
hcp83,16,heat_raw18,spectral,individual,tanh3,projection,0.12813501066826766,0.016773781840689797,0.12824201729889573,0.1584718787900558,0.1720374500212516,0.1978892233035725,0,729,3189
hcp83,16,heat_raw18,spectral,individual,tanh3,residual,0.12558891253058385,0.01612712045720919,0.125706936869472,0.1562607394070599,0.16985401726972968,0.1972860209436453,0,729,3189
hcp83,16,heat_raw18,qsf_discrimination,individual,tanh3,bounded_residual,0.12547292664053114,0.016041703152444138,0.1255969896686399,0.15408634388082648,0.17103421663360333,0.2048490811289694,0,729,3189
hcp83,16,heat_raw18,qsf_discrimination,individual,tanh3,ordinary,0.1288926110988151,0.016943396619404427,0.12903003048326647,0.15897922132685074,0.17701992084683582,0.287221167070828,0,729,3189
hcp83,16,heat_raw18,qsf_discrimination,individual,tanh3,projection,0.12827859311417034,0.016760534156963353,0.128396240147593,0.15723921839209792,0.1731466247833449,0.207711940646181,0,729,3189
hcp83,16,heat_raw18,qsf_discrimination,individual,tanh3,residual,0.12587232586395963,0.01615909429901843,0.12603322393517444,0.1544762409094234,0.1733882977272856,0.2849298992287485,0,729,3189
hcp83,16,heat_raw18,heat_discrimination,individual,tanh3,bounded_residual,0.12742126863206465,0.016575834339724704,0.12746142961508666,0.15801655138239823,0.17718413673184935,0.2133135318919017,0,729,3189
hcp83,16,heat_raw18,heat_discrimination,individual,tanh3,ordinary,0.12962429276753631,0.01714749413978505,0.12966382827570205,0.16102826995711741,0.18110436657615875,0.2069095924491192,0,729,3189
hcp83,16,heat_raw18,heat_discrimination,individual,tanh3,projection,0.12962620302887057,0.017144267890406642,0.12967106732500647,0.16100742119707162,0.17998291597176236,0.2069095924491192,0,729,3189
hcp83,16,heat_raw18,heat_discrimination,individual,tanh3,residual,0.12742927080377367,0.016578877603130288,0.12746691746379402,0.15801655138239823,0.17718413673184935,0.2133135318919017,0,729,3189
hcp83,16,heat_raw18,spatial,individual,tanh3,bounded_residual,0.1270149367037473,0.01640856579557142,0.1271750484448728,0.15475726949489318,0.16804425081052757,0.2098186942657187,0,729,3189
hcp83,16,heat_raw18,spatial,individual,tanh3,ordinary,0.13030919580656242,0.017289196675818828,0.13043240593545677,0.16086862032302757,0.177091772398745,0.2546409132150907,0,729,3189
hcp83,16,heat_raw18,spatial,individual,tanh3,projection,0.12975843960882852,0.017118922996037133,0.12990202489094688,0.15899546945994114,0.17166260686234538,0.211379882361005,0,729,3189
hcp83,16,heat_raw18,spatial,individual,tanh3,residual,0.12740351004150804,0.016529858541694458,0.1275590441639356,0.15634027798070357,0.172176798477646,0.24979584439322,0,729,3189
hcp83,16,heat_norm18,random,individual,tanh3,bounded_residual,0.1374211855587716,0.01939565626287651,0.1375176901968092,0.17546967679913916,0.1926986082912967,0.254365496269596,0,729,3189
hcp83,16,heat_norm18,random,individual,tanh3,ordinary,0.140021472512562,0.020175331379248887,0.14010895479747637,0.17932181059534633,0.1985716714035094,0.3336176919152867,0,729,3189
hcp83,16,heat_norm18,random,individual,tanh3,projection,0.13920644438886953,0.019903124769213985,0.13928544949293975,0.17761893202355444,0.19493882882416858,0.2659826502677137,0,729,3189
hcp83,16,heat_norm18,random,individual,tanh3,residual,0.13808132490938504,0.01961428328057456,0.13819023934963698,0.17610256154759132,0.19362027629130577,0.323916692144419,0,729,3189
hcp83,16,heat_norm18,graph_coverage,individual,tanh3,bounded_residual,0.15719941877392618,0.025040915548442604,0.15747529450428358,0.18918674051249054,0.2113911132361486,0.3067979270498338,0,729,3189
hcp83,16,heat_norm18,graph_coverage,individual,tanh3,ordinary,0.16096148774560315,0.026304353978054824,0.16120595481620084,0.19548261594071312,0.22176989925321516,0.4226801470260886,0,729,3189
hcp83,16,heat_norm18,graph_coverage,individual,tanh3,projection,0.1598830378973777,0.025911542352751428,0.16012476810252613,0.19427748469122616,0.21724372918452095,0.2869374159520957,0,729,3189
hcp83,16,heat_norm18,graph_coverage,individual,tanh3,residual,0.15807973719483204,0.025354482903137847,0.158348442251658,0.19066192585571082,0.21447136777017484,0.3877248053645832,0,729,3189
hcp83,16,heat_norm18,sfh_fixed,individual,tanh3,bounded_residual,0.15460687478954052,0.024246796650605095,0.15487325608899763,0.18694862486881614,0.20772709550774743,0.3413569958375096,0,729,3189
hcp83,16,heat_norm18,sfh_fixed,individual,tanh3,ordinary,0.15744236921520144,0.02514764243685976,0.15766310128858013,0.1906183156066276,0.21506595197905864,0.3031362502590631,0,729,3189
hcp83,16,heat_norm18,sfh_fixed,individual,tanh3,projection,0.1567467235305122,0.02492626405850944,0.1569636499804434,0.19053279183780308,0.21138827592406675,0.299806103523144,0,729,3189
hcp83,16,heat_norm18,sfh_fixed,individual,tanh3,residual,0.1551641900588135,0.024420439809846973,0.155422238112286,0.18713450823629194,0.21065381834245728,0.3459745251202183,0,729,3189
hcp83,16,heat_norm18,spectral,individual,tanh3,bounded_residual,0.12477243039396138,0.016007612332296306,0.12491611961255593,0.15937509615103762,0.171232026733428,0.1935856182521785,0,729,3189
hcp83,16,heat_norm18,spectral,individual,tanh3,ordinary,0.1273453947192712,0.01668304777029607,0.1275071412968773,0.1632470015335559,0.17835649425359135,0.1967514999194503,0,729,3189
hcp83,16,heat_norm18,spectral,individual,tanh3,projection,0.12661418541935238,0.016482381762146774,0.1267626351868689,0.16211254279092674,0.17552996583295333,0.1904420368287878,0,729,3189
hcp83,16,heat_norm18,spectral,individual,tanh3,residual,0.12511192058754605,0.016108902387323366,0.12528723216884113,0.16045045770658864,0.17390584775473558,0.193608602699999,0,729,3189
hcp83,16,heat_norm18,qsf_discrimination,individual,tanh3,bounded_residual,0.1282394957835745,0.016749005671320354,0.1283267956689678,0.15689003629211445,0.17124027672451558,0.2052001732195518,0,729,3189
hcp83,16,heat_norm18,qsf_discrimination,individual,tanh3,ordinary,0.1311671526835113,0.017537512004580567,0.1312308791998488,0.1617264102299786,0.17635615173219077,0.23730438651856,0,729,3189
hcp83,16,heat_norm18,qsf_discrimination,individual,tanh3,projection,0.12999560217325593,0.017217429674976553,0.13006718964693353,0.1598774536201109,0.17395926865534772,0.2065941908244723,0,729,3189
hcp83,16,heat_norm18,qsf_discrimination,individual,tanh3,residual,0.12914473903184734,0.017000472595267414,0.12923300134440419,0.15800909251185938,0.17353016792049403,0.243460219718413,0,729,3189
hcp83,16,heat_norm18,heat_discrimination,individual,tanh3,bounded_residual,0.12723812258607656,0.016531920261504136,0.12733038342525466,0.1581814869702012,0.17290857218727002,0.208435040715393,0,729,3189
hcp83,16,heat_norm18,heat_discrimination,individual,tanh3,ordinary,0.1286462015602096,0.016900246428576286,0.12872430843371355,0.16075936317622885,0.17729742936964477,0.2085876939071088,0,729,3189
hcp83,16,heat_norm18,heat_discrimination,individual,tanh3,projection,0.12865657766498637,0.016899734231252742,0.12873797318813196,0.16056182949338205,0.17729446334689675,0.2085876939071088,0,729,3189
hcp83,16,heat_norm18,heat_discrimination,individual,tanh3,residual,0.12726149589204333,0.016539489595320582,0.1273527840564946,0.15825472099420906,0.1736906868108698,0.208435040715393,0,729,3189
hcp83,16,heat_norm18,spatial,individual,tanh3,bounded_residual,0.12714624994615853,0.016475673836786345,0.12736197564105778,0.15672902680201312,0.16735449312491285,0.2330912271251322,0,729,3189
hcp83,16,heat_norm18,spatial,individual,tanh3,ordinary,0.13006488649193812,0.017275228943467207,0.13026265488428598,0.16148285412390298,0.17906175036949576,0.3361485258814104,0,729,3189
hcp83,16,heat_norm18,spatial,individual,tanh3,projection,0.12898923815330132,0.01695707844913553,0.12919568901879303,0.15925037300587683,0.17328588642013776,0.2142109985033672,0,729,3189
hcp83,16,heat_norm18,spatial,individual,tanh3,residual,0.1280708336981776,0.016749167999294087,0.12828234115851325,0.15797404341401833,0.17350709402808112,0.3590598249433986,0,729,3189
hcp83,32,qsf,random,individual,tanh3,bounded_residual,0.10455338090039518,0.01143630196289357,0.10462907445874446,0.13941074604640838,0.1507286645604736,0.1864887172526512,0,729,3189
hcp83,32,qsf,random,individual,tanh3,ordinary,0.10784634735469116,0.012165154744331092,0.10794484988533157,0.14479801656448024,0.15886179956283353,0.3075259769503191,0,729,3189
hcp83,32,qsf,random,individual,tanh3,projection,0.10770552060445572,0.012123004379147304,0.10778796489614127,0.1445789273742102,0.1582440268789409,0.1909764590958715,0,729,3189
hcp83,32,qsf,random,individual,tanh3,residual,0.10471351582536602,0.011479909387107606,0.10480503122954242,0.1394930634467925,0.1507286645604736,0.3204024006296068,0,729,3189
hcp83,32,qsf,graph_coverage,individual,tanh3,bounded_residual,0.10758566045981566,0.012054245435247964,0.1076443171510535,0.14180330389191748,0.15292127097637884,0.1902455795333144,0,729,3189
hcp83,32,qsf,graph_coverage,individual,tanh3,ordinary,0.11108419075972764,0.01284256635785245,0.11113729204117272,0.14727510277317327,0.1598184724579936,0.1916190865247075,0,729,3189
hcp83,32,qsf,graph_coverage,individual,tanh3,projection,0.1105348968246213,0.012723187671360162,0.11059539814994876,0.14703474886754325,0.1597805086837653,0.1873552734687923,0,729,3189
hcp83,32,qsf,graph_coverage,individual,tanh3,residual,0.10795625610755365,0.012126679317683617,0.10800927016304775,0.14174198297259905,0.153373912618588,0.1915170451505572,0,729,3189
hcp83,32,qsf,sfh_fixed,individual,tanh3,bounded_residual,0.10733224399507353,0.012016902405636003,0.1074351859232243,0.1414046724108272,0.15200899809882873,0.1936075607594336,0,729,3189
hcp83,32,qsf,sfh_fixed,individual,tanh3,ordinary,0.11066952029458958,0.012770670123736354,0.11076228353536272,0.14676043657890936,0.15976789671678152,0.1951312196969711,0,729,3189
hcp83,32,qsf,sfh_fixed,individual,tanh3,projection,0.11009023092281137,0.012646947407694505,0.11018514587363547,0.146930089985236,0.1604562163111591,0.1914777326406338,0,729,3189
hcp83,32,qsf,sfh_fixed,individual,tanh3,residual,0.10759466950965965,0.012070108841750667,0.10769320529192937,0.14125344868188786,0.15243546217901446,0.197041654252815,0,729,3189
hcp83,32,qsf,spectral,individual,tanh3,bounded_residual,0.10248980484132847,0.011025596926477695,0.10254300403957495,0.13663024240403246,0.14847795795895324,0.1831863308377206,0,729,3189
hcp83,32,qsf,spectral,individual,tanh3,ordinary,0.10575207998363251,0.011722867166559531,0.10582416609156292,0.14197120858360282,0.15582475514566274,0.1805248641851236,0,729,3189
hcp83,32,qsf,spectral,individual,tanh3,projection,0.10566582502366166,0.01170478875796985,0.10574033784390692,0.14205938397373996,0.15633124039305285,0.1803573993654612,0,729,3189
hcp83,32,qsf,spectral,individual,tanh3,residual,0.1025816166898809,0.0110437614844637,0.10263454007618564,0.13679383229900247,0.14848682476422914,0.18328306859443,0,729,3189
hcp83,32,qsf,qsf_discrimination,individual,tanh3,bounded_residual,0.10039324481854407,0.010615610086286207,0.10042891055125061,0.1348237564946324,0.1471858068202135,0.18381758119251,0,729,3189
hcp83,32,qsf,qsf_discrimination,individual,tanh3,ordinary,0.1034753624642585,0.011258276995709722,0.10352600045377208,0.1398780683496026,0.15352864828309562,0.1811341206455645,0,729,3189
hcp83,32,qsf,qsf_discrimination,individual,tanh3,projection,0.10327887100777272,0.011212504068969006,0.1033368648497807,0.1396030342443013,0.1527028060602999,0.1811341206455645,0,729,3189
hcp83,32,qsf,qsf_discrimination,individual,tanh3,residual,0.1004971813253614,0.010637770771338493,0.100529480099023,0.134989839295562,0.14714037047578504,0.18381758119251,0,729,3189
hcp83,32,qsf,heat_discrimination,individual,tanh3,bounded_residual,0.09991422924660116,0.010534642900902612,0.0999429190680777,0.13561506719826594,0.14741208246580653,0.1773805765059448,0,729,3189
hcp83,32,qsf,heat_discrimination,individual,tanh3,ordinary,0.10278828957337163,0.011128693218205142,0.10284823644477777,0.13961497554089025,0.1520757205499062,0.1813306077337347,0,729,3189
hcp83,32,qsf,heat_discrimination,individual,tanh3,projection,0.10278828957337163,0.011128693218205142,0.10284823644477777,0.13961497554089025,0.1520757205499062,0.1813306077337347,0,729,3189
hcp83,32,qsf,heat_discrimination,individual,tanh3,residual,0.09991422924660116,0.010534642900902612,0.0999429190680777,0.13561506719826594,0.14741208246580653,0.1773805765059448,0,729,3189
hcp83,32,qsf,spatial,individual,tanh3,bounded_residual,0.10251370262043627,0.011001721338019743,0.1025495321059291,0.13617878244830842,0.14883131286011503,0.1797956415092712,0,729,3189
hcp83,32,qsf,spatial,individual,tanh3,ordinary,0.10559813903524681,0.011664852808404864,0.10564797771933897,0.14096868995413048,0.15444183781274815,0.2252686523963067,0,729,3189
hcp83,32,qsf,spatial,individual,tanh3,projection,0.10547903447247298,0.011630752233748159,0.10552723348064534,0.1406738574880564,0.1546528262603475,0.1777850120377892,0,729,3189
hcp83,32,qsf,spatial,individual,tanh3,residual,0.10255105644671672,0.011015011273600559,0.1025954009437314,0.13617878244830842,0.14891340011838988,0.254458449882776,0,729,3189
hcp83,32,heat_raw18,random,individual,tanh3,bounded_residual,0.11905816636142957,0.014553218964742676,0.11920931377863402,0.1508218961441564,0.16459863810919156,0.2396666576664621,0,729,3189
hcp83,32,heat_raw18,random,individual,tanh3,ordinary,0.12239325843096165,0.01539324455479832,0.12253413867228209,0.15626072567244903,0.17194957041114853,0.2835030378878906,0,729,3189
hcp83,32,heat_raw18,random,individual,tanh3,projection,0.12184000329179724,0.0152344710238367,0.12197806385668375,0.15475134100253943,0.1700327596719139,0.2041955822175441,0,729,3189
hcp83,32,heat_raw18,random,individual,tanh3,residual,0.11939710609832582,0.014645948876894016,0.11955305451499325,0.15186544951296554,0.16704552736844944,0.278041914707624,0,729,3189
hcp83,32,heat_raw18,graph_coverage,individual,tanh3,bounded_residual,0.11978847831553781,0.014709876820568154,0.11988062949160808,0.1504973439070301,0.16249805781885682,0.2032469340269275,0,729,3189
hcp83,32,heat_raw18,graph_coverage,individual,tanh3,ordinary,0.12374137996018827,0.015692950178195206,0.12382784263703776,0.15643481174055715,0.16979687235619845,0.1978968005762641,0,729,3189
hcp83,32,heat_raw18,graph_coverage,individual,tanh3,projection,0.12293779767565971,0.01549138668101322,0.12302714483838158,0.1557709198653392,0.1676616801832227,0.1978968005762641,0,729,3189
hcp83,32,heat_raw18,graph_coverage,individual,tanh3,residual,0.12027362834885354,0.014828312819481167,0.12035645312362463,0.15136758783852655,0.16288051566531775,0.2044531439499168,0,729,3189
hcp83,32,heat_raw18,sfh_fixed,individual,tanh3,bounded_residual,0.12016670629360836,0.014792855541399707,0.12028258312789795,0.150729845717604,0.1627907901194137,0.2013141038942124,0,729,3189
hcp83,32,heat_raw18,sfh_fixed,individual,tanh3,ordinary,0.12366765276738335,0.015672124552012577,0.12378998223646966,0.15608232548722334,0.16874378465968168,0.1950641001674495,0,729,3189
hcp83,32,heat_raw18,sfh_fixed,individual,tanh3,projection,0.12309082137087755,0.015525518265683892,0.12321343830124495,0.15508402771998578,0.1677461759411894,0.1948600616084486,0,729,3189
hcp83,32,heat_raw18,sfh_fixed,individual,tanh3,residual,0.12055594169258056,0.014890966982591814,0.12067571746694544,0.1511984523383177,0.16330647731811698,0.2023239356113294,0,729,3189
hcp83,32,heat_raw18,spectral,individual,tanh3,bounded_residual,0.1160498134328006,0.013846727852107193,0.11621846736251963,0.14747262350700624,0.1625449269887305,0.1960495490942633,0,729,3189
hcp83,32,heat_raw18,spectral,individual,tanh3,ordinary,0.11927261045621274,0.014631515179150083,0.1194007378694426,0.15179285364533898,0.16828739491911124,0.2132274979226415,0,729,3189
hcp83,32,heat_raw18,spectral,individual,tanh3,projection,0.11881780223282562,0.014507557572328167,0.1189793857216318,0.15096091863869593,0.1661235597814193,0.20075708260148,0,729,3189
hcp83,32,heat_raw18,spectral,individual,tanh3,residual,0.11623877189287614,0.01390213312946648,0.11639112992913384,0.1478188386523624,0.16310744708297495,0.2162629092860377,0,729,3189
hcp83,32,heat_raw18,qsf_discrimination,individual,tanh3,bounded_residual,0.11435985715731123,0.013470274212801026,0.114472233319287,0.14594765498918255,0.15945379397717918,0.1941625370497375,0,729,3189
hcp83,32,heat_raw18,qsf_discrimination,individual,tanh3,ordinary,0.11729234059142392,0.014167972226079455,0.11737743797768958,0.14995710273271962,0.16481743214253566,0.2066649563604416,0,729,3189
hcp83,32,heat_raw18,qsf_discrimination,individual,tanh3,projection,0.11700980172990977,0.014088231340942302,0.11709803746380024,0.14901745195000243,0.16334306149781352,0.1972380479573884,0,729,3189
hcp83,32,heat_raw18,qsf_discrimination,individual,tanh3,residual,0.11452408725296012,0.013515466798610223,0.11463946899308451,0.14608855549735286,0.16070967440433398,0.2050546846605024,0,729,3189
hcp83,32,heat_raw18,heat_discrimination,individual,tanh3,bounded_residual,0.11556673890842409,0.01378847862379107,0.11561522343297162,0.14927826804986497,0.16539124448237277,0.2229524118960389,0,729,3189
hcp83,32,heat_raw18,heat_discrimination,individual,tanh3,ordinary,0.11794714776849435,0.01435164761701028,0.11798820867835985,0.1517909991362632,0.16928619506782772,0.2264617907459582,0,729,3189
hcp83,32,heat_raw18,heat_discrimination,individual,tanh3,projection,0.11791169225980477,0.014331486561465472,0.11796149700480432,0.15110635273070372,0.16704296694634801,0.2158987114798029,0,729,3189
hcp83,32,heat_raw18,heat_discrimination,individual,tanh3,residual,0.1155680445277584,0.013788854683102874,0.11561611882007859,0.14927826804986497,0.16539124448237277,0.2229524118960389,0,729,3189
hcp83,32,heat_raw18,spatial,individual,tanh3,bounded_residual,0.1178925491338137,0.014225426785571512,0.11803476137360831,0.14761552605336747,0.16217237699700474,0.2168558319685352,0,729,3189
hcp83,32,heat_raw18,spatial,individual,tanh3,ordinary,0.12081356739013328,0.014940637970548997,0.12093099175666876,0.15151044868802585,0.16905321482953217,0.2231337841133984,0,729,3189
hcp83,32,heat_raw18,spatial,individual,tanh3,projection,0.12060017857619182,0.014876326539087555,0.1207288544023817,0.15094329025012063,0.16594260912069939,0.2231337841133984,0,729,3189
hcp83,32,heat_raw18,spatial,individual,tanh3,residual,0.11794664924098262,0.01424481956481191,0.11809074559162529,0.14821907014942212,0.16324076287007708,0.2168558319685352,0,729,3189
hcp83,32,heat_norm18,random,individual,tanh3,bounded_residual,0.12021560112769984,0.014873363589212625,0.12033330533874799,0.15414577808377222,0.16804809426450948,0.2322578525245181,0,729,3189
hcp83,32,heat_norm18,random,individual,tanh3,ordinary,0.12250336945088351,0.015474328717347215,0.12260864417756707,0.158257729656099,0.17563689856260553,0.2426224832799116,0,729,3189
hcp83,32,heat_norm18,random,individual,tanh3,projection,0.12206163562333637,0.015336212888083432,0.1221592739700441,0.15680275928082202,0.17146201768548916,0.2176016811823169,0,729,3189
hcp83,32,heat_norm18,random,individual,tanh3,residual,0.12062055851988912,0.01499405161785526,0.12074182621456842,0.15563286752888503,0.1694039838700112,0.2391673485265869,0,729,3189
hcp83,32,heat_norm18,graph_coverage,individual,tanh3,bounded_residual,0.12026847950590441,0.014855027586706197,0.12037649810849564,0.15294655175153907,0.16339116418187438,0.1933296562540845,0,729,3189
hcp83,32,heat_norm18,graph_coverage,individual,tanh3,ordinary,0.1232169028433211,0.015598517005518097,0.12330973141785774,0.1577011986639006,0.17091968675296718,0.1933287661928503,0,729,3189
hcp83,32,heat_norm18,graph_coverage,individual,tanh3,projection,0.1223503186995871,0.015381434144779042,0.12244029804679825,0.1565278521062422,0.16869841937183905,0.1893884336378774,0,729,3189
hcp83,32,heat_norm18,graph_coverage,individual,tanh3,residual,0.12097632738369712,0.01502399843441543,0.12108619109835277,0.15389234984200645,0.16546444836213123,0.1913664071359851,0,729,3189
hcp83,32,heat_norm18,sfh_fixed,individual,tanh3,bounded_residual,0.11971056227065693,0.014745916630556187,0.11986414717317695,0.15276863422310344,0.16386514674022643,0.1967775337038408,0,729,3189
hcp83,32,heat_norm18,sfh_fixed,individual,tanh3,ordinary,0.12244576197667383,0.015438923066447681,0.12259930097624655,0.15756422834283343,0.17091435061430346,0.193341958015027,0,729,3189
hcp83,32,heat_norm18,sfh_fixed,individual,tanh3,projection,0.12169076681502264,0.015247063742697272,0.12182837290961497,0.15658409806408588,0.16804143508687572,0.1923488586795652,0,729,3189
hcp83,32,heat_norm18,sfh_fixed,individual,tanh3,residual,0.12017375738543977,0.014862177236591088,0.12035139518150335,0.15350618005951355,0.16641160504566324,0.1971466350415,0,729,3189
hcp83,32,heat_norm18,spectral,individual,tanh3,bounded_residual,0.11496867616075342,0.013656011157023161,0.11513456682896597,0.1486594379804498,0.1604799826696968,0.1823474033413255,0,729,3189
hcp83,32,heat_norm18,spectral,individual,tanh3,ordinary,0.1171981526001445,0.014211640915834104,0.1173716629380773,0.15289529834458998,0.16648185223374426,0.197150828717445,0,729,3189
hcp83,32,heat_norm18,spectral,individual,tanh3,projection,0.11692039558664193,0.014132848019810244,0.11707831926048452,0.15199776480158914,0.16541624029362648,0.1838147350316717,0,729,3189
hcp83,32,heat_norm18,spectral,individual,tanh3,residual,0.11514656895980732,0.013710669677170405,0.11532278532181062,0.148951507581068,0.16184800906584124,0.1865557404218468,0,729,3189
hcp83,32,heat_norm18,qsf_discrimination,individual,tanh3,bounded_residual,0.1134673817264805,0.013320572112104268,0.11361081325034376,0.1467606908606889,0.15984443697678508,0.1940234227021005,0,729,3189
hcp83,32,heat_norm18,qsf_discrimination,individual,tanh3,ordinary,0.1154851530728591,0.013810556570125112,0.11562932854882955,0.15073865037849837,0.16539517769536924,0.2108453903655192,0,729,3189
hcp83,32,heat_norm18,qsf_discrimination,individual,tanh3,projection,0.11509223871799305,0.013705817292372472,0.11522500822837187,0.14964987438341487,0.1629065538209259,0.1971367127625777,0,729,3189
hcp83,32,heat_norm18,qsf_discrimination,individual,tanh3,residual,0.1136395760201271,0.013368289293026955,0.11379146511511563,0.14712592249960094,0.16011692059366622,0.2070517136785944,0,729,3189
hcp83,32,heat_norm18,heat_discrimination,individual,tanh3,bounded_residual,0.11502674247852945,0.013677919136566965,0.11507772808877222,0.14845496477879064,0.16154515409548342,0.1980091738675723,0,729,3189
hcp83,32,heat_norm18,heat_discrimination,individual,tanh3,ordinary,0.11649760576929122,0.01404100574923937,0.11654127053779563,0.15222684836421208,0.16750496787997593,0.1976417173847785,0,729,3189
hcp83,32,heat_norm18,heat_discrimination,individual,tanh3,projection,0.11628442728527567,0.013973977057298418,0.11632494124256608,0.15047951291886696,0.16499066815547506,0.1976417173847785,0,729,3189
hcp83,32,heat_norm18,heat_discrimination,individual,tanh3,residual,0.11512602058788729,0.013708082628922064,0.11517771894190086,0.1491350454144063,0.16449656251548084,0.1980091738675723,0,729,3189
hcp83,32,heat_norm18,spatial,individual,tanh3,bounded_residual,0.11834822253243077,0.014362122162248747,0.1184517543548521,0.14841911127031976,0.16259159949521138,0.2264534588209552,0,729,3189
hcp83,32,heat_norm18,spatial,individual,tanh3,ordinary,0.12065142169618331,0.014935434616463546,0.1207652287264684,0.15276614139183953,0.16705441753478514,0.2355037358899588,0,729,3189
hcp83,32,heat_norm18,spatial,individual,tanh3,projection,0.12015916013310401,0.014807098973555305,0.12027288778017814,0.1517766960226607,0.16562961781329405,0.2355037358899588,0,729,3189
hcp83,32,heat_norm18,spatial,individual,tanh3,residual,0.11860711281643169,0.014430632789093253,0.11870966186615088,0.1493014936460614,0.16286193600750562,0.2264534588209552,0,729,3189
hcp83,8,qsf,heat_discrimination,template,tanh3,bounded_residual,0.03501760920028536,0.0013848746584481108,0.03491279145284284,0.05855213408324271,0.08027507968822695,0.129626522652922,0,729,3189
hcp83,8,qsf,heat_discrimination,template,tanh3,ordinary,0.03648264462826708,0.001504115507320936,0.036324329333653545,0.060702086460502055,0.08235922081474138,0.1296988240818891,0,729,3189
hcp83,8,qsf,heat_discrimination,template,tanh3,projection,0.0364742362060256,0.0015027709590022611,0.036317074214118034,0.060702086460502055,0.0818036804835231,0.1296988240818891,0,729,3189
hcp83,8,qsf,heat_discrimination,template,tanh3,residual,0.03501760920028536,0.0013848746584481108,0.03491279145284284,0.05855213408324271,0.08027507968822695,0.129626522652922,0,729,3189
hcp83,8,qsf,random,template,tanh3,bounded_residual,0.03707935259192466,0.0015912656263731158,0.03694016850221132,0.0646883246623248,0.09103295173336327,0.1645343028328683,0,729,3189
hcp83,8,qsf,random,template,tanh3,ordinary,0.03893031191151521,0.0017476381544726041,0.03873204100338258,0.06680905812346309,0.09377354502260346,0.1636239083607567,0,729,3189
hcp83,8,qsf,random,template,tanh3,projection,0.03892536440424028,0.0017471656078643111,0.038727038392525594,0.06680905812346309,0.09377354502260346,0.1636239083607567,0,729,3189
hcp83,8,qsf,random,template,tanh3,residual,0.03707935259192466,0.0015912656263731158,0.03694016850221132,0.0646883246623248,0.09103295173336327,0.1645343028328683,0,729,3189
hcp83,8,heat_raw18,qsf_discrimination,template,tanh3,bounded_residual,0.036701328925601996,0.0015011869499423451,0.03607501380797058,0.05744868832336852,0.08055583170437376,0.1294841908863844,0,729,1489
hcp83,8,heat_raw18,qsf_discrimination,template,tanh3,ordinary,0.038217228006598346,0.001644999844712315,0.03756165717573057,0.0614130541207581,0.08833801509470039,0.1376592787054354,0,729,1489
hcp83,8,heat_raw18,qsf_discrimination,template,tanh3,projection,0.03820779638471158,0.001644331528393412,0.037549526562299346,0.0614130541207581,0.08833801509470039,0.1376592787054354,0,729,1489
hcp83,8,heat_raw18,qsf_discrimination,template,tanh3,residual,0.036701328925601996,0.0015011869499423451,0.03607501380797058,0.05744868832336852,0.08055583170437376,0.1294841908863844,0,729,1489
hcp83,8,heat_raw18,random,template,tanh3,bounded_residual,0.037858711976545924,0.001652417742747841,0.03772117075775326,0.06543699045205913,0.09126890328441677,0.1549417870167735,0,729,3189
hcp83,8,heat_raw18,random,template,tanh3,ordinary,0.03964111916720335,0.001808246762075173,0.03944757400872816,0.06827267382948997,0.09428613680073199,0.1539834775069934,0,729,3189
hcp83,8,heat_raw18,random,template,tanh3,projection,0.039633669024682294,0.0018075358676171661,0.03944034829356819,0.06827267382948997,0.09428613680073199,0.1539834775069934,0,729,3189
hcp83,8,heat_raw18,random,template,tanh3,residual,0.0378594756317019,0.0016525125559382072,0.037721908967790915,0.06543699045205913,0.09126890328441677,0.1549417870167735,0,729,3189
hcp83,8,heat_norm18,heat_discrimination,template,tanh3,bounded_residual,0.03572384822972094,0.0014622495162341534,0.03574233628805337,0.06119031304307223,0.08680945224583721,0.1370393121373352,0,729,2552
hcp83,8,heat_norm18,heat_discrimination,template,tanh3,ordinary,0.0372661569487498,0.0015879218220860524,0.037226165171733584,0.0632893252077019,0.09040858843252916,0.1376245532467956,0,729,2552
hcp83,8,heat_norm18,heat_discrimination,template,tanh3,projection,0.037261466628563,0.001587480457744085,0.03722252872852418,0.0632893252077019,0.09040858843252916,0.1376245532467956,0,729,2552
hcp83,8,heat_norm18,heat_discrimination,template,tanh3,residual,0.03572384822972094,0.0014622495162341534,0.03574233628805337,0.06119031304307223,0.08680945224583721,0.1370393121373352,0,729,2552
hcp83,8,heat_norm18,random,template,tanh3,bounded_residual,0.03741915950446762,0.0016297817630628445,0.03726264902349105,0.06586905911578392,0.09248702679007707,0.1557832124043776,0,729,3189
hcp83,8,heat_norm18,random,template,tanh3,ordinary,0.03924272105916294,0.0017863615449221829,0.03902708248240613,0.06832158071023035,0.09556397001431778,0.1545927933155236,0,729,3189
hcp83,8,heat_norm18,random,template,tanh3,projection,0.03923546598912719,0.0017856601956675062,0.03902006021750775,0.06832158071023035,0.09556397001431778,0.1545927933155236,0,729,3189
hcp83,8,heat_norm18,random,template,tanh3,residual,0.03741915950446762,0.0016297817630628445,0.03726264902349105,0.06586905911578392,0.09248702679007707,0.1557832124043776,0,729,3189
hcp83,16,qsf,heat_discrimination,template,tanh3,bounded_residual,0.031002218370746813,0.0010734878194203338,0.031155938283464395,0.05104886522220942,0.06927399117513648,0.1088559978275351,0,729,1489
hcp83,16,qsf,heat_discrimination,template,tanh3,ordinary,0.03252779523006817,0.0011957874790339117,0.032595171346544626,0.053432198095602214,0.07463636016587533,0.1128843352022644,0,729,1489
hcp83,16,qsf,heat_discrimination,template,tanh3,projection,0.03247335389327064,0.0011873589363535634,0.032562406082515066,0.05331710714184828,0.07463636016587533,0.1089750183872018,0,729,1489
hcp83,16,qsf,heat_discrimination,template,tanh3,residual,0.031002218370746813,0.0010734878194203338,0.031155938283464395,0.05104886522220942,0.06927399117513648,0.1088559978275351,0,729,1489
hcp83,16,qsf,random,template,tanh3,bounded_residual,0.03344275186204409,0.0012942948921247962,0.0333056201829288,0.05824991515666416,0.08144091004669575,0.139027933252939,0,729,3189
hcp83,16,qsf,random,template,tanh3,ordinary,0.035135485010249684,0.0014246950378247623,0.034951484569724,0.06128972932348466,0.08699452255791762,0.1327048801591388,0,729,3189
hcp83,16,qsf,random,template,tanh3,projection,0.03513436668474851,0.0014246242597361705,0.03495034496431538,0.06128972932348466,0.08699452255791762,0.1327048801591388,0,729,3189
hcp83,16,qsf,random,template,tanh3,residual,0.03344275186204409,0.0012942948921247962,0.0333056201829288,0.05824991515666416,0.08144091004669575,0.139027933252939,0,729,3189
hcp83,16,heat_raw18,random,template,tanh3,bounded_residual,0.03467262283035047,0.0013951721128513713,0.034535550295956126,0.061952301497101674,0.08537898502889538,0.1393696250714743,0,729,3189
hcp83,16,heat_raw18,random,template,tanh3,ordinary,0.03653519408011198,0.0015458446286761263,0.03634167399018824,0.06447613534391576,0.08933399949025328,0.1408435187356967,0,729,3189
hcp83,16,heat_raw18,random,template,tanh3,projection,0.036533966825478034,0.0015456982199834948,0.036340403836012565,0.06447613534391576,0.08933399949025328,0.1408435187356967,0,729,3189
hcp83,16,heat_raw18,random,template,tanh3,residual,0.03467262283035047,0.0013951721128513713,0.034535550295956126,0.061952301497101674,0.08537898502889538,0.1393696250714743,0,729,3189
hcp83,16,heat_raw18,spectral,template,tanh3,bounded_residual,0.03025408843025667,0.0010229050330940142,0.03036469513565727,0.04981441016437245,0.06749714786843852,0.1050859752046635,0,729,1702
hcp83,16,heat_raw18,spectral,template,tanh3,ordinary,0.03182989343769782,0.0011386654371198757,0.031903760207399406,0.05282311318604276,0.0729456374629096,0.1138885100731994,0,729,1702
hcp83,16,heat_raw18,spectral,template,tanh3,projection,0.03182890448397957,0.0011385947682838508,0.03190273096886313,0.05282311318604276,0.0729456374629096,0.1138885100731994,0,729,1702
hcp83,16,heat_raw18,spectral,template,tanh3,residual,0.03025408843025667,0.0010229050330940142,0.03036469513565727,0.04981441016437245,0.06749714786843852,0.1050859752046635,0,729,1702
hcp83,16,heat_norm18,random,template,tanh3,bounded_residual,0.035269520424993504,0.0014483856725215425,0.035123994040145594,0.06316050639765323,0.0869448523049796,0.141367331365639,0,729,3189
hcp83,16,heat_norm18,random,template,tanh3,ordinary,0.03721004601558998,0.0016065458085488978,0.03700735915994836,0.06581392195652666,0.09010293383937108,0.1430912329878984,0,729,3189
hcp83,16,heat_norm18,random,template,tanh3,projection,0.03720857269163369,0.0016063711049975962,0.037005825813050716,0.06581392195652666,0.09010293383937108,0.1430912329878984,0,729,3189
hcp83,16,heat_norm18,random,template,tanh3,residual,0.035269520424993504,0.0014483856725215425,0.035123994040145594,0.06316050639765323,0.0869448523049796,0.141367331365639,0,729,3189
hcp83,16,heat_norm18,spectral,template,tanh3,bounded_residual,0.030297809520069396,0.0010158884756363104,0.03021367028175023,0.04800248127741531,0.06688977079296236,0.10633393387287,0,729,1700
hcp83,16,heat_norm18,spectral,template,tanh3,ordinary,0.03183812370892952,0.0011306396042244228,0.03175013835161805,0.05090247448637894,0.07410510168260558,0.1168774099937388,0,729,1700
hcp83,16,heat_norm18,spectral,template,tanh3,projection,0.03182702713137711,0.0011298739033630397,0.031736346138325974,0.05090247448637894,0.07410510168260558,0.1168774099937388,0,729,1700
hcp83,16,heat_norm18,spectral,template,tanh3,residual,0.030298785193684473,0.001015964092742537,0.030214901915459523,0.04800248127741531,0.06688977079296236,0.10633393387287,0,729,1700
hcp83,32,qsf,qsf_discrimination,template,tanh3,bounded_residual,0.02703127735505611,0.000812331596468652,0.02714737432084405,0.04367756643924189,0.05876859677459394,0.0922578087284012,0,729,1487
hcp83,32,qsf,qsf_discrimination,template,tanh3,ordinary,0.028468826658288593,0.0009070292744140329,0.02858146988374699,0.046024138265610394,0.0664397542033832,0.1036338733266402,0,729,1487
hcp83,32,qsf,qsf_discrimination,template,tanh3,projection,0.02843338733982544,0.0009028479622103479,0.02854968049639164,0.04588392732477495,0.06445333238496831,0.1014457721603262,0,729,1487
hcp83,32,qsf,qsf_discrimination,template,tanh3,residual,0.02703127735505611,0.000812331596468652,0.02714737432084405,0.04367756643924189,0.05876859677459394,0.0922578087284012,0,729,1487
hcp83,32,qsf,random,template,tanh3,bounded_residual,0.02976130567044693,0.0009974830716593997,0.02965377432825242,0.04929245615256521,0.0691787112883435,0.1067924775550764,0,729,3189
hcp83,32,qsf,random,template,tanh3,ordinary,0.03139107675864104,0.001107668071505154,0.031235452615637524,0.05144263172367627,0.07146081787155895,0.1102794941293078,0,729,3189
hcp83,32,qsf,random,template,tanh3,projection,0.03138695577760292,0.0011073434457331962,0.031231556304725936,0.05144263172367627,0.07146081787155895,0.1102794941293078,0,729,3189
hcp83,32,qsf,random,template,tanh3,residual,0.02976130567044693,0.0009974830716593997,0.02965377432825242,0.04929245615256521,0.0691787112883435,0.1067924775550764,0,729,3189
hcp83,32,heat_raw18,qsf_discrimination,template,tanh3,bounded_residual,0.03073435605082314,0.0010595420989876697,0.03067592490433114,0.05083088884368821,0.07065780085140047,0.1048033496243207,0,729,1915
hcp83,32,heat_raw18,qsf_discrimination,template,tanh3,ordinary,0.03243715553835124,0.0011902515750417096,0.032249787041984064,0.05265561426273109,0.07461532928757361,0.1210801679551534,0,729,1915
hcp83,32,heat_raw18,qsf_discrimination,template,tanh3,projection,0.032422558897781464,0.0011889869052983933,0.03223657065497533,0.05265561426273109,0.07461532928757361,0.1210801679551534,0,729,1915
hcp83,32,heat_raw18,qsf_discrimination,template,tanh3,residual,0.03073435605082314,0.0010595420989876697,0.03067592490433114,0.05083088884368821,0.07065780085140047,0.1048033496243207,0,729,1915
hcp83,32,heat_raw18,random,template,tanh3,bounded_residual,0.03252151960314937,0.0012027019871034728,0.032409086206864515,0.054339619512656555,0.076993094984942,0.1155545388426024,0,729,3189
hcp83,32,heat_raw18,random,template,tanh3,ordinary,0.03439533614149931,0.0013438808374255662,0.03422700292535434,0.056541924255514346,0.08243782977180301,0.1227153985534889,0,729,3189
hcp83,32,heat_raw18,random,template,tanh3,projection,0.03434196310207267,0.0013402662404286122,0.03417446060648783,0.056541924255514346,0.08243782977180301,0.1227153985534888,0,729,3189
hcp83,32,heat_raw18,random,template,tanh3,residual,0.03252291901347512,0.001202808671919108,0.03241044889342212,0.05437998630884062,0.076993094984942,0.1155545388426024,0,729,3189
hcp83,32,heat_norm18,qsf_discrimination,template,tanh3,bounded_residual,0.03121855263319438,0.001103815905464163,0.03130568501334457,0.05294811429823051,0.07268126483931742,0.1139721897249652,0,729,1915
hcp83,32,heat_norm18,qsf_discrimination,template,tanh3,ordinary,0.03296477509556017,0.0012380586163468705,0.03291833095821923,0.054542746851438936,0.07694148667071078,0.1267538395123655,0,729,1915
hcp83,32,heat_norm18,qsf_discrimination,template,tanh3,projection,0.03293730403431264,0.0012355773978193947,0.032895431965253956,0.054542746851438936,0.07694148667071078,0.1267538395123655,0,729,1915
hcp83,32,heat_norm18,qsf_discrimination,template,tanh3,residual,0.03121855263319438,0.001103815905464163,0.03130568501334457,0.05294811429823051,0.07268126483931742,0.1139721897249652,0,729,1915
hcp83,32,heat_norm18,random,template,tanh3,bounded_residual,0.03324074152804499,0.0012634251300738608,0.033121566522123606,0.055980027078957266,0.07959280710996616,0.121746991771745,0,729,3189
hcp83,32,heat_norm18,random,template,tanh3,ordinary,0.035088942154289975,0.0014067051309017168,0.034915236414658754,0.0582885291084646,0.0844848924396465,0.128997287855002,0,729,3189
hcp83,32,heat_norm18,random,template,tanh3,projection,0.03505716787102013,0.001404241058558542,0.0348834109969231,0.05826858309253015,0.0844848924396465,0.128997287855002,0,729,3189
hcp83,32,heat_norm18,random,template,tanh3,residual,0.033243495569806145,0.001263670202096454,0.033124335202830084,0.055980027078957266,0.07959280710996616,0.121746991771745,0,729,3189
hcp83,16,qsf,qsf_discrimination,template,tanh3,bounded_residual,0.030526322726730226,0.0010341286022874767,0.03050607985282947,0.048760366257692526,0.069791601831951,0.1062756973124953,0,729,1700
hcp83,16,qsf,qsf_discrimination,template,tanh3,ordinary,0.031758905842926725,0.0011233611145308553,0.031661339487807263,0.05101192258040373,0.06963166353359086,0.1106588432926333,0,729,1700
hcp83,16,qsf,qsf_discrimination,template,tanh3,projection,0.031758905842926725,0.0011233611145308553,0.031661339487807263,0.05101192258040373,0.06963166353359086,0.1106588432926333,0,729,1700
hcp83,16,qsf,qsf_discrimination,template,tanh3,residual,0.030526322726730226,0.0010341286022874767,0.03050607985282947,0.048760366257692526,0.069791601831951,0.1062756973124953,0,729,1700
hcp83,16,heat_norm18,qsf_discrimination,template,tanh3,bounded_residual,0.03403221212313269,0.0013293385092812374,0.03368919887082302,0.05732726548093828,0.07938408356340518,0.127405099385351,0,729,1276
hcp83,16,heat_norm18,qsf_discrimination,template,tanh3,ordinary,0.03572086068498277,0.0014602094772933603,0.03522623697154081,0.058357369349497076,0.08225466863408112,0.1324172569073662,0,729,1276
hcp83,16,heat_norm18,qsf_discrimination,template,tanh3,projection,0.03572086068498277,0.0014602094772933603,0.03522623697154081,0.058357369349497076,0.08225466863408112,0.1324172569073662,0,729,1276
hcp83,16,heat_norm18,qsf_discrimination,template,tanh3,residual,0.03403221212313269,0.0013293385092812374,0.03368919887082302,0.05732726548093828,0.07938408356340518,0.127405099385351,0,729,1276
hcp83,8,heat_raw18,heat_discrimination,template,tanh3,bounded_residual,0.03515963374249046,0.001385819270764441,0.03531949673138269,0.058939660675085194,0.08335752983322325,0.1296135806916563,0,729,1700
hcp83,8,heat_raw18,heat_discrimination,template,tanh3,ordinary,0.03652943230302451,0.0015056308493707356,0.036664690270795025,0.0622268191429607,0.0877695657610291,0.1365839673244782,0,729,1700
hcp83,8,heat_raw18,heat_discrimination,template,tanh3,projection,0.03652943230302451,0.0015056308493707356,0.036664690270795025,0.0622268191429607,0.0877695657610291,0.1365839673244782,0,729,1700
hcp83,8,heat_raw18,heat_discrimination,template,tanh3,residual,0.03515963374249046,0.001385819270764441,0.03531949673138269,0.058939660675085194,0.08335752983322325,0.1296135806916563,0,729,1700
hcp83,16,heat_raw18,qsf_discrimination,template,tanh3,bounded_residual,0.03154721652656246,0.0011233851542677578,0.03154201353982893,0.05222586261256795,0.07346090550466998,0.1199976893930166,0,729,1487
hcp83,16,heat_raw18,qsf_discrimination,template,tanh3,ordinary,0.03324889895358641,0.001253535074973615,0.033152971373993236,0.05486405004347108,0.07566004302398009,0.1265828440791675,0,729,1487
hcp83,16,heat_raw18,qsf_discrimination,template,tanh3,projection,0.03324889895358641,0.001253535074973615,0.033152971373993236,0.05486405004347108,0.07566004302398009,0.1265828440791675,0,729,1487
hcp83,16,heat_raw18,qsf_discrimination,template,tanh3,residual,0.03154721652656246,0.0011233851542677578,0.03154201353982893,0.05222586261256795,0.07346090550466998,0.1199976893930166,0,729,1487
hcp83,32,qsf,heat_discrimination,template,tanh3,bounded_residual,0.029899299887709927,0.0010014989219365908,0.029810596221822822,0.04838910044943111,0.06745663564091336,0.1018582804966282,0,729,1063
hcp83,32,qsf,heat_discrimination,template,tanh3,ordinary,0.031283505501768914,0.0011003276426943254,0.03111363178835877,0.05020744510823441,0.06895722856775305,0.1097519179316867,0,729,1063
hcp83,32,qsf,heat_discrimination,template,tanh3,projection,0.031283505501768914,0.0011003276426943254,0.03111363178835877,0.05020744510823441,0.06895722856775305,0.1097519179316867,0,729,1063
hcp83,32,qsf,heat_discrimination,template,tanh3,residual,0.029899299887709927,0.0010014989219365908,0.029810596221822822,0.04838910044943111,0.06745663564091336,0.1018582804966282,0,729,1063
hcp83,32,heat_raw18,heat_discrimination,template,tanh3,bounded_residual,0.03311217604690292,0.0012403932006230585,0.03311217604690292,0.05478833873625035,0.07131662788379733,0.1091071245105069,0,213,213
hcp83,32,heat_raw18,heat_discrimination,template,tanh3,ordinary,0.034472257905267915,0.0013503664509876456,0.034472257905267915,0.054950831140814976,0.07843477039368228,0.1229697834926701,0,213,213
hcp83,32,heat_raw18,heat_discrimination,template,tanh3,projection,0.034472257905267915,0.0013503664509876456,0.034472257905267915,0.054950831140814976,0.07843477039368228,0.1229697834926701,0,213,213
hcp83,32,heat_raw18,heat_discrimination,template,tanh3,residual,0.03311217604690292,0.0012403932006230585,0.03311217604690292,0.05478833873625035,0.07131662788379733,0.1091071245105069,0,213,213
hcp83,32,heat_raw18,spectral,template,tanh3,bounded_residual,0.03197748112548803,0.001156992221631999,0.03182967635187029,0.0520845312760377,0.07044341990028882,0.1120265032644832,0,637,1061
hcp83,32,heat_raw18,spectral,template,tanh3,ordinary,0.0339019848367538,0.001295626385066269,0.03382412773122189,0.0551752673816021,0.07848780105367166,0.1249412252396719,0,637,1061
hcp83,32,heat_raw18,spectral,template,tanh3,projection,0.033861195709540146,0.0012916755589541737,0.03378937781243984,0.0551752673816021,0.07848780105367166,0.1249412252396719,0,637,1061
hcp83,32,heat_raw18,spectral,template,tanh3,residual,0.03197748112548803,0.001156992221631999,0.03182967635187029,0.0520845312760377,0.07044341990028882,0.1120265032644832,0,637,1061
hcp83,32,heat_norm18,spectral,template,tanh3,bounded_residual,0.03217400343349156,0.0011767815939123679,0.031846490108931105,0.052349362289760476,0.07281122141582112,0.1166234027483213,0,637,1274
hcp83,32,heat_norm18,spectral,template,tanh3,ordinary,0.03405533127686428,0.001315948777255229,0.033782103138336156,0.055278266654987994,0.07827667387536259,0.1265390032763196,0,637,1274
hcp83,32,heat_norm18,spectral,template,tanh3,projection,0.034045644884456355,0.0013152783480990704,0.03377045040714271,0.055278266654987994,0.07827667387536259,0.1265390032763196,0,637,1274
hcp83,32,heat_norm18,spectral,template,tanh3,residual,0.03217626760281919,0.001176938450171479,0.03184905863398279,0.052349362289760476,0.07281122141582112,0.1166234027483213,0,637,1274
hcp83,32,qsf,spectral,template,tanh3,bounded_residual,0.02898098356410909,0.0009309635740189038,0.029083494205686216,0.04698095231823978,0.06128062785873894,0.0869747861352952,0,519,639
hcp83,32,qsf,spectral,template,tanh3,ordinary,0.030418170831729728,0.001018034147178889,0.030517350680004746,0.04925961131875553,0.062026223396139495,0.0883205246758856,0,519,639
hcp83,32,qsf,spectral,template,tanh3,projection,0.030426676024504887,0.0010170900310288097,0.030520202624875276,0.04924034168710275,0.062026223396139495,0.0883205246758856,0,519,639
hcp83,32,qsf,spectral,template,tanh3,residual,0.02898098356410909,0.0009309635740189038,0.029083494205686216,0.04698095231823978,0.06128062785873894,0.0869747861352952,0,519,639
hcp83,8,heat_norm18,qsf_discrimination,template,tanh3,bounded_residual,0.03641830776869067,0.0014980586651608548,0.03641830776869067,0.06133181471999798,0.07831173996454388,0.1069625969409764,0,213,213
hcp83,8,heat_norm18,qsf_discrimination,template,tanh3,ordinary,0.03791432939896368,0.0016212944892523738,0.03791432939896368,0.06441336002326034,0.08629578595852712,0.109382517655387,0,213,213
hcp83,8,heat_norm18,qsf_discrimination,template,tanh3,projection,0.03791432939896368,0.0016212944892523738,0.03791432939896368,0.06441336002326034,0.08629578595852712,0.109382517655387,0,213,213
hcp83,8,heat_norm18,qsf_discrimination,template,tanh3,residual,0.03641830776869067,0.0014980586651608548,0.03641830776869067,0.06133181471999798,0.07831173996454388,0.1069625969409764,0,213,213
hcp83,8,qsf,random,individual,group_floor,bounded_residual,0.13900366748626355,0.019851572211605988,0.13909925842201942,0.1752741754269937,0.20039835649106083,0.3010495707052339,0,729,3189
hcp83,8,qsf,random,individual,group_floor,ordinary,0.1427107739021282,0.024053123366837632,0.14286361882192167,0.17977684834532556,0.20728401049268294,2.9999698172440383,2,729,3189
hcp83,8,qsf,random,individual,group_floor,projection,0.14114722481177513,0.020483720145217155,0.14121542846179416,0.17963824141378226,0.20629438764156047,0.2795086075242898,0,729,3189
hcp83,8,qsf,random,individual,group_floor,residual,0.14117971847719807,0.02805612190607647,0.14141846880750072,0.17547565531011614,0.20421525579061758,5.001391205236515,2,729,3189
hcp83,8,heat_raw18,random,individual,group_floor,bounded_residual,0.14765757560397164,0.02220806170683374,0.14776548801263334,0.18062868692454936,0.19863973991413114,0.2713402064896317,0,729,3189
hcp83,8,heat_raw18,random,individual,group_floor,ordinary,0.15112557649863978,0.023293492378639136,0.15123143596032163,0.18527276187665745,0.20441511755662772,0.44055369822153,0,729,3189
hcp83,8,heat_raw18,random,individual,group_floor,projection,0.1509887990516692,0.02321887717714825,0.1510794916007011,0.18520813053991061,0.20412050794596845,0.2580712639916175,0,729,3189
hcp83,8,heat_raw18,random,individual,group_floor,residual,0.14773707390764212,0.022256523325116403,0.14786801124553453,0.18068728144846002,0.1998282553650062,0.4660539759769461,0,729,3189
hcp83,8,heat_norm18,random,individual,group_floor,bounded_residual,0.15166089268732488,0.0235629503018725,0.15179763154587644,0.19069750866593227,0.20970021350051601,0.2743414811857758,0,729,3189
hcp83,8,heat_norm18,random,individual,group_floor,ordinary,0.1552326717087308,0.0249982880239191,0.15558349173661587,0.1949095842658675,0.22025689015801073,1.4060800269879072,1,729,3189
hcp83,8,heat_norm18,random,individual,group_floor,projection,0.15333671655884237,0.024093643912200244,0.15344965990739382,0.19362943921501136,0.2124623863049447,0.2886612343277523,0,729,3189
hcp83,8,heat_norm18,random,individual,group_floor,residual,0.15345220352207375,0.024416078887106882,0.15383218210661628,0.1918269959344686,0.21709211108027165,1.3803133427764382,1,729,3189
hcp83,16,qsf,random,individual,group_floor,bounded_residual,0.123985174523564,0.015922421129542612,0.12400819965144408,0.16065380472159776,0.17774773475649017,0.3129285371695482,0,729,3189
hcp83,16,qsf,random,individual,group_floor,ordinary,0.12801481302106987,0.0179306712897968,0.12798468022525195,0.16637483131782174,0.18869270976245797,1.4177746749321136,1,729,3189
hcp83,16,qsf,random,individual,group_floor,projection,0.12664880852174673,0.016609789110576048,0.1266555850123041,0.1655800176577695,0.18328110823584642,0.3025657931781003,0,729,3189
hcp83,16,qsf,random,individual,group_floor,residual,0.12519374101396522,0.017043453385226393,0.12512982516909787,0.1616471453158742,0.18016658878971,1.29412687045135,1,729,3189
hcp83,16,heat_raw18,random,individual,group_floor,bounded_residual,0.1356167341136182,0.018766806040026365,0.13568640290047868,0.1684962398575612,0.18204360731733782,0.2299775202765743,0,729,3189
hcp83,16,heat_raw18,random,individual,group_floor,ordinary,0.13924347161140022,0.019819203528026224,0.13931115342129433,0.17334630570869172,0.18901806485999503,0.406345384786027,0,729,3189
hcp83,16,heat_raw18,random,individual,group_floor,projection,0.13893080365584712,0.019696505206499192,0.13900459191510892,0.17263839101177866,0.18751769809193705,0.2850373211063248,0,729,3189
hcp83,16,heat_raw18,random,individual,group_floor,residual,0.1358454536729932,0.018869395255443094,0.13592449283287852,0.16877923302187925,0.18215645399982447,0.4398241439030923,0,729,3189
hcp83,16,heat_norm18,random,individual,group_floor,bounded_residual,0.1351554210911569,0.018796900652908337,0.13525837705142488,0.17355181659435093,0.1913315391069315,0.2599309225819963,0,729,3189
hcp83,16,heat_norm18,random,individual,group_floor,ordinary,0.13817130887110673,0.019757999149450527,0.13830441893308756,0.17807242394185027,0.20152038174790557,0.4847818104009924,0,729,3189
hcp83,16,heat_norm18,random,individual,group_floor,projection,0.13697156460434115,0.019311698474183684,0.13704984209944407,0.17634363004205353,0.19617103674673125,0.2745290587119345,0,729,3189
hcp83,16,heat_norm18,random,individual,group_floor,residual,0.13615360097286067,0.019180011673477163,0.13631359479259975,0.17446111447948437,0.19571293988037888,0.4796151240429193,0,729,3189
hcp83,32,qsf,random,individual,group_floor,bounded_residual,0.10898512056708869,0.012374631628583049,0.10912016428120606,0.14245281903744228,0.15494743096307273,0.2708841413434915,0,729,3189
hcp83,32,qsf,random,individual,group_floor,ordinary,0.11345958480380337,0.015184658049087975,0.11382346999842677,0.14808143895154832,0.16945347743455472,2.561055253110264,1,729,3189
hcp83,32,qsf,random,individual,group_floor,projection,0.11179685989532151,0.013002378295445802,0.11191096973511296,0.1464711812732355,0.1604394072149687,0.275954037047156,0,729,3189
hcp83,32,qsf,random,individual,group_floor,residual,0.11024292020278877,0.01379932475573851,0.11059393909655821,0.143008544393551,0.16105590890945068,2.0278852195489083,1,729,3189
hcp83,32,heat_raw18,random,individual,group_floor,bounded_residual,0.12106728253986207,0.015032790755693838,0.1212053094287997,0.1508064110852292,0.16236523532536268,0.2769465922349363,0,729,3189
hcp83,32,heat_raw18,random,individual,group_floor,ordinary,0.1282104138639664,0.029532697903931326,0.12820386501084774,0.156603500019778,0.170113530951451,4.62897636816846,3,729,3189
hcp83,32,heat_raw18,random,individual,group_floor,projection,0.12422633866379557,0.015805629258963446,0.12434970533282959,0.15580470259116663,0.1677788957734514,0.2449756947484449,0,729,3189
hcp83,32,heat_raw18,random,individual,group_floor,residual,0.1233073065626071,0.01919341768006231,0.12343070639343735,0.1515466509373395,0.16288450523661455,2.424986119928336,3,729,3189
hcp83,32,heat_norm18,random,individual,group_floor,bounded_residual,0.11745631180539727,0.014248843741290148,0.1176059714040507,0.15172864896016816,0.1648541253751807,0.2399342196056446,0,729,3189
hcp83,32,heat_norm18,random,individual,group_floor,ordinary,0.12271751174525417,0.02139071533168917,0.12269602152026268,0.1574264778251244,0.17927247914512165,3.1873066744043976,3,729,3189
hcp83,32,heat_norm18,random,individual,group_floor,projection,0.11919577716853075,0.01467419009345321,0.11931156248285787,0.1546622910619594,0.16921879799365322,0.2265513539745206,0,729,3189
hcp83,32,heat_norm18,random,individual,group_floor,residual,0.12089147243795281,0.02083965300809409,0.12094710718763324,0.15378906622524713,0.17534080620869735,3.0701546592780167,3,729,3189
oasis,8,qsf,random,individual,tanh3,bounded_residual,0.09120996998147866,0.008723684216091994,0.09140548050744382,0.12346468229191938,0.18191141090410234,0.2665186177749309,0,461,2085
oasis,8,qsf,random,individual,tanh3,ordinary,0.09235574996384349,0.009033201353757141,0.09255256597560096,0.12716860250867282,0.18537088112364808,0.3741822897196912,0,461,2085
oasis,8,qsf,random,individual,tanh3,projection,0.09206404097469074,0.008925433067875828,0.09228167950949497,0.12714216648618307,0.18537088112364808,0.2962151705558588,0,461,2085
oasis,8,qsf,random,individual,tanh3,residual,0.09142792546675965,0.00881073816820449,0.09158885524235322,0.12395521831678166,0.18312040759684606,0.357526155992404,0,461,2085
oasis,8,qsf,graph_coverage,individual,tanh3,bounded_residual,0.09306246066826385,0.00898598318218468,0.09316635497701697,0.12219616718491054,0.17521541921088454,0.2621905794511148,0,461,2085
oasis,8,qsf,graph_coverage,individual,tanh3,ordinary,0.09360636769758067,0.009113521327642971,0.09373861400978849,0.12388477793654153,0.1864535075709752,0.2540669767723358,0,461,2085
oasis,8,qsf,graph_coverage,individual,tanh3,projection,0.09359968894736281,0.009112120906028013,0.09373161754116612,0.12388477793654153,0.1864535075709752,0.2540669767723358,0,461,2085
oasis,8,qsf,graph_coverage,individual,tanh3,residual,0.0932079905834431,0.009016133397391154,0.09331336390151296,0.12230883669857798,0.17521541921088454,0.2621905794511148,0,461,2085
oasis,8,qsf,sfh_fixed,individual,tanh3,bounded_residual,0.08573890021039492,0.0077211550177696715,0.08593724241193476,0.11476213400519426,0.17291341176665148,0.2947152881973259,0,461,2085
oasis,8,qsf,sfh_fixed,individual,tanh3,ordinary,0.08651409358271603,0.007906454265028172,0.08674544511338642,0.11632571152716398,0.18789688834535112,0.3070302833126185,0,461,2085
oasis,8,qsf,sfh_fixed,individual,tanh3,projection,0.08649385402719457,0.007890648166680652,0.08671602610922147,0.11614060958326684,0.18540057331382184,0.275409071385955,0,461,2085
oasis,8,qsf,sfh_fixed,individual,tanh3,residual,0.0857541832497257,0.007725833459845369,0.08595898278507007,0.11476213400519426,0.17291341176665148,0.2947152881973259,0,461,2085
oasis,8,qsf,spectral,individual,tanh3,bounded_residual,0.09282462779554791,0.009063071244540238,0.09316193368500177,0.12677431553755375,0.18395110557963376,0.3176284520483972,0,461,2085
oasis,8,qsf,spectral,individual,tanh3,ordinary,0.09421308958167178,0.009369083641175037,0.09463724071265578,0.13042964351313766,0.20632672245837824,0.3421643255943926,0,461,2085
oasis,8,qsf,spectral,individual,tanh3,projection,0.0937528382324627,0.009278068465259987,0.09417446045695026,0.12916002758903533,0.204742049762752,0.3264170995674254,0,461,2085
oasis,8,qsf,spectral,individual,tanh3,residual,0.09332891311966557,0.00915624234130716,0.09365959579540847,0.12706048126095623,0.18236931574825432,0.3239155447838254,0,461,2085
oasis,8,qsf,qsf_discrimination,individual,tanh3,bounded_residual,0.08578325905573518,0.007797077917194762,0.08583728908748829,0.11368676570797377,0.18964022117060772,0.3358870717989748,0,461,2085
oasis,8,qsf,qsf_discrimination,individual,tanh3,ordinary,0.08669642483330624,0.008004860611769662,0.0867747051048933,0.1144514550690821,0.2060179525345028,0.3215376886854001,0,461,2085
oasis,8,qsf,qsf_discrimination,individual,tanh3,projection,0.08631582005066338,0.007913544119009358,0.08640125187111324,0.11439045572951587,0.20010974349328503,0.3215376886854001,0,461,2085
oasis,8,qsf,qsf_discrimination,individual,tanh3,residual,0.08607284888349295,0.007869749484743414,0.0861099735281062,0.11368676570797377,0.1886123836981333,0.3358870717989748,0,461,2085
oasis,8,qsf,heat_discrimination,individual,tanh3,bounded_residual,0.08238150247090345,0.007154587852448521,0.08243677372459125,0.10721589478440934,0.16561959130256274,0.3292593828262918,0,461,2085
oasis,8,qsf,heat_discrimination,individual,tanh3,ordinary,0.08403380205710678,0.0075210320886047064,0.08411320624292834,0.10976625549405548,0.1840346781267834,0.3412430464973537,0,461,2085
oasis,8,qsf,heat_discrimination,individual,tanh3,projection,0.08353167716714183,0.0073751914468931055,0.083624991351089,0.10883933657895878,0.1800434613647891,0.3170839193830176,0,461,2085
oasis,8,qsf,heat_discrimination,individual,tanh3,residual,0.08284222546168532,0.007260990357296184,0.08286425921407668,0.10756730892483886,0.17048097556681502,0.3292593828262918,0,461,2085
oasis,8,qsf,spatial,individual,tanh3,bounded_residual,0.08243975268355473,0.007125558689933808,0.08270442589354031,0.11099546750476276,0.1649621287576092,0.2857184281057014,0,461,2085
oasis,8,qsf,spatial,individual,tanh3,ordinary,0.08409512288340425,0.007486201019524215,0.08446036071630274,0.11361281403943557,0.18122350938033507,0.3098839529645628,0,461,2085
oasis,8,qsf,spatial,individual,tanh3,projection,0.083606779524692,0.007365895622199595,0.08389670800674681,0.11229417183448999,0.17229467217134184,0.2849940137557,0,461,2085
oasis,8,qsf,spatial,individual,tanh3,residual,0.08271706274426056,0.007198649662887405,0.08304910806839652,0.11130083433017915,0.1649621287576092,0.3021425607530661,0,461,2085
oasis,8,heat_raw18,random,individual,tanh3,bounded_residual,0.10890830751149103,0.012305907027815513,0.1089531429896114,0.13721211230553879,0.1996317090547851,0.3358246803263522,0,461,2085
oasis,8,heat_raw18,random,individual,tanh3,ordinary,0.110496670318107,0.012759569157422468,0.11056085012324991,0.1399989123885264,0.2109320604984032,0.3968922770678355,0,461,2085
oasis,8,heat_raw18,random,individual,tanh3,projection,0.10934576542343928,0.01241748744000209,0.10942891383654291,0.13819514856621848,0.20424285637139256,0.3381173337870474,0,461,2085
oasis,8,heat_raw18,random,individual,tanh3,residual,0.10990229274238801,0.012606072839559467,0.10991555599583609,0.1382171165958009,0.20584607482348838,0.3678333686843377,0,461,2085
oasis,8,heat_raw18,graph_coverage,individual,tanh3,bounded_residual,0.11236603419676816,0.013084939700648595,0.112388821938857,0.14211084811436017,0.20173939501964044,0.3620630260114076,0,461,2085
oasis,8,heat_raw18,graph_coverage,individual,tanh3,ordinary,0.11328774632201193,0.013444195110462825,0.11325564212065718,0.14304694464160417,0.20898728053699445,0.5570877929129083,0,461,2085
oasis,8,heat_raw18,graph_coverage,individual,tanh3,projection,0.11243116666556245,0.013117689008837995,0.11247937045848322,0.1422796411445518,0.20781997995480933,0.3700598233362998,0,461,2085
oasis,8,heat_raw18,graph_coverage,individual,tanh3,residual,0.1133557115617427,0.01344222257798079,0.11329928386868794,0.14191392158164565,0.2010025865789558,0.5539355051075664,0,461,2085
oasis,8,heat_raw18,sfh_fixed,individual,tanh3,bounded_residual,0.10172231029712456,0.010779640642862288,0.10178318783598896,0.12576616759723333,0.18787202813447632,0.3390284907158484,0,461,2085
oasis,8,heat_raw18,sfh_fixed,individual,tanh3,ordinary,0.10245469293349313,0.011042900024962731,0.1025009617960269,0.12781071158178087,0.19481729944011666,0.4853872107187738,0,461,2085
oasis,8,heat_raw18,sfh_fixed,individual,tanh3,projection,0.10212123843426678,0.01088341363914039,0.10221652112954176,0.12673821770502436,0.19501281485802033,0.3186208881010298,0,461,2085
oasis,8,heat_raw18,sfh_fixed,individual,tanh3,residual,0.10213256399742313,0.010943694890132652,0.10214480001992766,0.1268605162339448,0.18666680010790493,0.4727658346215312,0,461,2085
oasis,8,heat_raw18,spectral,individual,tanh3,bounded_residual,0.1086798050720153,0.012215285670074924,0.10881744312047258,0.1337896402333275,0.20016281114303025,0.3831510219509573,0,461,2085
oasis,8,heat_raw18,spectral,individual,tanh3,ordinary,0.11051953406011814,0.012740445630471811,0.11071443155433855,0.13579668964524713,0.21958771390104678,0.3878051896395799,0,461,2085
oasis,8,heat_raw18,spectral,individual,tanh3,projection,0.10947576361176371,0.012409012432170706,0.10963445638572836,0.13618958219000438,0.20941721098180666,0.3878051896395799,0,461,2085
oasis,8,heat_raw18,spectral,individual,tanh3,residual,0.1095899056183121,0.012505349200016934,0.1097471930420458,0.13420619433338862,0.2193464291271061,0.3831510219509573,0,461,2085
oasis,8,heat_raw18,qsf_discrimination,individual,tanh3,bounded_residual,0.10071966710408983,0.010594440096058966,0.100679625965071,0.1214661779384381,0.20154600006201723,0.4051099609954492,0,461,2085
oasis,8,heat_raw18,qsf_discrimination,individual,tanh3,ordinary,0.10184917997072182,0.010978916975632151,0.10171760473428694,0.12322479063450506,0.20977126587071654,0.4401841899254519,0,461,2085
oasis,8,heat_raw18,qsf_discrimination,individual,tanh3,projection,0.1010829716457972,0.010695436383678323,0.10104681329848264,0.12273842592145459,0.20033513956766927,0.4230323822670487,0,461,2085
oasis,8,heat_raw18,qsf_discrimination,individual,tanh3,residual,0.10136537746899868,0.010839819826233648,0.10124887937148196,0.12251842074857358,0.21229289090558962,0.4047933665525952,0,461,2085
oasis,8,heat_raw18,heat_discrimination,individual,tanh3,bounded_residual,0.09795683986825063,0.009966522833564086,0.09778923733644049,0.1185373126001326,0.19062580753553496,0.3121699770063106,0,461,2085
oasis,8,heat_raw18,heat_discrimination,individual,tanh3,ordinary,0.09932589899384851,0.010391896646310251,0.0991590904722277,0.12120778683240271,0.2166074370864067,0.4599404648790111,0,461,2085
oasis,8,heat_raw18,heat_discrimination,individual,tanh3,projection,0.098706889868148,0.010133448667008486,0.09858478298231851,0.11972065945341018,0.19777103576688215,0.3265151843481401,0,461,2085
oasis,8,heat_raw18,heat_discrimination,individual,tanh3,residual,0.09861473321728736,0.010229069587744555,0.0983956442105591,0.11938959163105109,0.20242452399861405,0.4516998623778359,0,461,2085
oasis,8,heat_raw18,spatial,individual,tanh3,bounded_residual,0.0995239615166516,0.010250798067763576,0.09964170185138325,0.12411108024730809,0.19330089145531182,0.2792856402535234,0,461,2085
oasis,8,heat_raw18,spatial,individual,tanh3,ordinary,0.10127942815273433,0.010797914197176135,0.10134097263971746,0.12482379021661177,0.19508983993644174,0.49999325881768,0,461,2085
oasis,8,heat_raw18,spatial,individual,tanh3,projection,0.10012044403482359,0.010392869258288813,0.10027371114381732,0.12508175530442342,0.1934034518001313,0.2707488334786926,0,461,2085
oasis,8,heat_raw18,spatial,individual,tanh3,residual,0.10060442651373261,0.01064338111132025,0.10063695579682169,0.1244717803299103,0.19364696168256054,0.5200576490718636,0,461,2085
oasis,8,heat_norm18,random,individual,tanh3,bounded_residual,0.11453808925739607,0.013585798998284177,0.11471318530115422,0.14182892857840684,0.2033611655656488,0.3785944126235449,0,461,2085
oasis,8,heat_norm18,random,individual,tanh3,ordinary,0.11767189462420201,0.014735638809589767,0.11793746138695836,0.14566466101984166,0.2712820331381308,0.568943973680767,0,461,2085
oasis,8,heat_norm18,random,individual,tanh3,projection,0.11488933589745247,0.013696266179483297,0.11511074329060324,0.14233922171030441,0.20635280452615404,0.386442305772352,0,461,2085
oasis,8,heat_norm18,random,individual,tanh3,residual,0.11753053699142398,0.014689801251430537,0.1177233922766583,0.1460007637305924,0.25368520836198916,0.5621739941783187,0,461,2085
oasis,8,heat_norm18,graph_coverage,individual,tanh3,bounded_residual,0.12456475711998354,0.016271584285148164,0.12485334911275207,0.157276342980544,0.23331018410807008,0.5087739464583355,0,461,2085
oasis,8,heat_norm18,graph_coverage,individual,tanh3,ordinary,0.12546706700749347,0.01668189078902555,0.1257505859465432,0.1597419195849019,0.2537334440373352,0.598981450082636,0,461,2085
oasis,8,heat_norm18,graph_coverage,individual,tanh3,projection,0.12414678255891211,0.016131587415357567,0.12442610078139424,0.15605791385749784,0.23417245278347182,0.4555379231270203,0,461,2085
oasis,8,heat_norm18,graph_coverage,individual,tanh3,residual,0.12584672178072734,0.016831905010636364,0.1261573936361525,0.15936132483357418,0.2527661718546713,0.6264129961495223,0,461,2085
oasis,8,heat_norm18,sfh_fixed,individual,tanh3,bounded_residual,0.10573197441254656,0.011707282871947871,0.10594425018264925,0.13085500384549426,0.21709009904465743,0.3898620083979888,0,461,2085
oasis,8,heat_norm18,sfh_fixed,individual,tanh3,ordinary,0.10806532944937874,0.012534661323735848,0.10813486585606225,0.13499286635902472,0.23655093700515506,0.6783788708110797,0,461,2085
oasis,8,heat_norm18,sfh_fixed,individual,tanh3,projection,0.10577826909421552,0.011688886211809623,0.1059734447987498,0.13216492764916762,0.21636097999317627,0.358944214181802,0,461,2085
oasis,8,heat_norm18,sfh_fixed,individual,tanh3,residual,0.10800310400305393,0.012524139554642946,0.10811560449011348,0.13313945002166722,0.24073149951404738,0.670214037992589,0,461,2085
oasis,8,heat_norm18,spectral,individual,tanh3,bounded_residual,0.11388454257439672,0.013401136560534982,0.11389293030836027,0.138793563214845,0.2184049875915892,0.3982713901623085,0,461,2085
oasis,8,heat_norm18,spectral,individual,tanh3,ordinary,0.11777270598814829,0.015113856867505448,0.11800749452882349,0.14589847800640704,0.24426508815769368,0.8522293333990311,0,461,2085
oasis,8,heat_norm18,spectral,individual,tanh3,projection,0.11424397463167091,0.013471830291915073,0.11425106857880868,0.13940721859116822,0.2140770294456921,0.318621346226012,0,461,2085
oasis,8,heat_norm18,spectral,individual,tanh3,residual,0.11738990625343801,0.014940211045620965,0.11754994743437719,0.14602523522492492,0.23507532257219865,0.8263506318775358,0,461,2085
oasis,8,heat_norm18,qsf_discrimination,individual,tanh3,bounded_residual,0.10789239757744915,0.012080283644890173,0.10797029414283309,0.12902870922523757,0.2147866800159255,0.3548309197702492,0,461,2085
oasis,8,heat_norm18,qsf_discrimination,individual,tanh3,ordinary,0.10972273217970281,0.012857760170726842,0.1098514358224623,0.13110938613462125,0.21947668359169403,0.7630453764422594,0,461,2085
oasis,8,heat_norm18,qsf_discrimination,individual,tanh3,projection,0.1081441784047199,0.012146662093426104,0.10822787667577756,0.12908800805622025,0.2121969952419175,0.3551508816119638,0,461,2085
oasis,8,heat_norm18,qsf_discrimination,individual,tanh3,residual,0.10965297366550393,0.012825850140995236,0.10979498555250515,0.12979158444076017,0.23007645998522955,0.6787863601267372,0,461,2085
oasis,8,heat_norm18,heat_discrimination,individual,tanh3,bounded_residual,0.10227958808876104,0.010854879466655783,0.10222549113014683,0.12216461798943672,0.1922462397278415,0.3287670770180497,0,461,2085
oasis,8,heat_norm18,heat_discrimination,individual,tanh3,ordinary,0.10396801428097394,0.011416956335973253,0.10391760011525387,0.12406005740773884,0.20581906229258534,0.422231024006742,0,461,2085
oasis,8,heat_norm18,heat_discrimination,individual,tanh3,projection,0.10287159889835648,0.010993127597182977,0.10283770301104696,0.12330239324449872,0.1981753899878049,0.3187451786875147,0,461,2085
oasis,8,heat_norm18,heat_discrimination,individual,tanh3,residual,0.10350635259934074,0.011310835805451547,0.10346069556267477,0.12316902115762968,0.20479570156128646,0.4286352406288144,0,461,2085
oasis,8,heat_norm18,spatial,individual,tanh3,bounded_residual,0.10066973136091718,0.010505836905658223,0.10076539827300436,0.12159536091097511,0.19545449132678366,0.3616647388364428,0,461,2085
oasis,8,heat_norm18,spatial,individual,tanh3,ordinary,0.10234066178388147,0.011004962766649145,0.10240737690829922,0.12543671110339677,0.20699516061978837,0.3947413927206661,0,461,2085
oasis,8,heat_norm18,spatial,individual,tanh3,projection,0.10108329871098619,0.010607185888213206,0.10119761823679493,0.12328426843501729,0.1967954554310037,0.3858177058064352,0,461,2085
oasis,8,heat_norm18,spatial,individual,tanh3,residual,0.10178669908483062,0.010877433672166462,0.10183326503729807,0.1233877558955812,0.20017811912629796,0.4017638316626106,0,461,2085
oasis,16,qsf,random,individual,tanh3,bounded_residual,0.06593667995130077,0.004620831231226364,0.06603959691501099,0.09182610197673707,0.1415739493779125,0.2612819062073368,0,461,2085
oasis,16,qsf,random,individual,tanh3,ordinary,0.06720743519787291,0.004861573806368421,0.06736743695072007,0.09355963753902866,0.1537287580296049,0.2975420087013368,0,461,2085
oasis,16,qsf,random,individual,tanh3,projection,0.06704394846275813,0.004833172696475032,0.06718975391965402,0.09339966718737878,0.1528833064864327,0.2975420087013368,0,461,2085
oasis,16,qsf,random,individual,tanh3,residual,0.06594148031492167,0.004626318804047021,0.0660521600675779,0.09182610197673707,0.1415739493779125,0.2612819062073368,0,461,2085
oasis,16,qsf,graph_coverage,individual,tanh3,bounded_residual,0.07192642322460373,0.00541895468534247,0.0720238569443568,0.09932255279727742,0.14193549375965206,0.213248686900127,0,461,2085
oasis,16,qsf,graph_coverage,individual,tanh3,ordinary,0.07276140785458869,0.005588820376921929,0.07290618073085739,0.0998841094771647,0.15125913133966193,0.2339320202318333,0,461,2085
oasis,16,qsf,graph_coverage,individual,tanh3,projection,0.07275672243481028,0.005586815446190696,0.07290307284809791,0.0998841094771647,0.15125913133966193,0.2339320202318333,0,461,2085
oasis,16,qsf,graph_coverage,individual,tanh3,residual,0.07192642322460373,0.00541895468534247,0.0720238569443568,0.09932255279727742,0.14193549375965206,0.213248686900127,0,461,2085
oasis,16,qsf,sfh_fixed,individual,tanh3,bounded_residual,0.06949820666778382,0.005116351322219225,0.06960819346771613,0.09702200398564338,0.14754199204112517,0.2237325783749074,0,461,2085
oasis,16,qsf,sfh_fixed,individual,tanh3,ordinary,0.07053350008811964,0.005303621764432155,0.070666769909538,0.09875191596671194,0.1580739458584315,0.2479115819619538,0,461,2085
oasis,16,qsf,sfh_fixed,individual,tanh3,projection,0.07049706287251196,0.005287821386858379,0.07063728601917724,0.09875191596671194,0.1580739458584315,0.2467342507212352,0,461,2085
oasis,16,qsf,sfh_fixed,individual,tanh3,residual,0.06949820666778382,0.005116351322219225,0.06960819346771613,0.09702200398564338,0.14754199204112517,0.2237325783749074,0,461,2085
oasis,16,qsf,spectral,individual,tanh3,bounded_residual,0.07339078056754851,0.0057252055762899694,0.0736208891380684,0.10217233015940304,0.15683612733753804,0.3046213650718517,0,461,2085
oasis,16,qsf,spectral,individual,tanh3,ordinary,0.0749441413546055,0.006015025218731024,0.07524486242254223,0.1048844204625757,0.1602666127324632,0.3000357673437118,0,461,2085
oasis,16,qsf,spectral,individual,tanh3,projection,0.07464218972219856,0.005953198827828112,0.07495377991096618,0.10455572490846587,0.1623980698215087,0.3000357673437118,0,461,2085
oasis,16,qsf,spectral,individual,tanh3,residual,0.07370891618180331,0.005775292755872813,0.07393340231251684,0.10226929072709304,0.15052907932957654,0.3046213650718517,0,461,2085
oasis,16,qsf,qsf_discrimination,individual,tanh3,bounded_residual,0.06167585327460466,0.004104248212258321,0.06180843572979082,0.0870326236367266,0.13844350747351758,0.2723657300537856,0,461,2085
oasis,16,qsf,qsf_discrimination,individual,tanh3,ordinary,0.06342059866275238,0.004395413013761907,0.06361302029217702,0.08908866810933336,0.16111538292447156,0.2742690587704549,0,461,2085
oasis,16,qsf,qsf_discrimination,individual,tanh3,projection,0.06307626459513721,0.004333951349448401,0.0632476433856689,0.08875621092328655,0.16023693690621466,0.2742690587704549,0,461,2085
oasis,16,qsf,qsf_discrimination,individual,tanh3,residual,0.06197023609013287,0.0041417315119912064,0.06210130698869012,0.08740092534593101,0.13586651991062762,0.2723657300537856,0,461,2085
oasis,16,qsf,heat_discrimination,individual,tanh3,bounded_residual,0.06254207850514064,0.004152345765495286,0.06268083238967476,0.0855197242460249,0.1339229923113532,0.2019201255589021,0,461,2085
oasis,16,qsf,heat_discrimination,individual,tanh3,ordinary,0.06440371304158417,0.004480113260511913,0.064566562547182,0.08725979878422394,0.1615685489555237,0.2565638308563918,0,461,2085
oasis,16,qsf,heat_discrimination,individual,tanh3,projection,0.06396403703211884,0.004374526368466905,0.06413760612572192,0.08694742397547002,0.15297097236144502,0.2323578458156305,0,461,2085
oasis,16,qsf,heat_discrimination,individual,tanh3,residual,0.0627279943956545,0.004193483253642661,0.06284648719348658,0.0853881293237329,0.13392519536977557,0.2573793860288784,0,461,2085
oasis,16,qsf,spatial,individual,tanh3,bounded_residual,0.05868292954549073,0.0036578988140882813,0.058803261217254585,0.08011458081685444,0.13007968794506322,0.190281140504976,0,461,2085
oasis,16,qsf,spatial,individual,tanh3,ordinary,0.06036134917626575,0.003948599089270391,0.06054568663389676,0.08342367829443416,0.15548972659511567,0.2343149461023495,0,461,2085
oasis,16,qsf,spatial,individual,tanh3,projection,0.05999627796635109,0.0038623300682298833,0.060168406885952375,0.08323449860954026,0.14468464588139474,0.2129711106896502,0,461,2085
oasis,16,qsf,spatial,individual,tanh3,residual,0.05872365484452687,0.003670491961642532,0.05884601761725144,0.08014578906557886,0.13007968794506322,0.2047848135806267,0,461,2085
oasis,16,heat_raw18,random,individual,tanh3,bounded_residual,0.08525430080245228,0.007606097614632233,0.08529897023457586,0.11206649259648847,0.1637416262807672,0.2705248887401647,0,461,2085
oasis,16,heat_raw18,random,individual,tanh3,ordinary,0.08691908434138249,0.007952638965326829,0.08702160822448003,0.1153136273395028,0.17636601309038116,0.2883589162764126,0,461,2085
oasis,16,heat_raw18,random,individual,tanh3,projection,0.08603539396234196,0.007764087570627883,0.08613880297164409,0.11461248746764334,0.17006551317356472,0.2834673230533554,0,461,2085
oasis,16,heat_raw18,random,individual,tanh3,residual,0.0859817145538688,0.007775150405256462,0.08600884687879429,0.1123393632094605,0.17208019856462295,0.3121808836366269,0,461,2085
oasis,16,heat_raw18,graph_coverage,individual,tanh3,bounded_residual,0.08900809023844121,0.008297978121426228,0.08902635475888393,0.11629910886557343,0.16688804946075594,0.358283273803888,0,461,2085
oasis,16,heat_raw18,graph_coverage,individual,tanh3,ordinary,0.08964885158785225,0.008458368424380176,0.08968345352063992,0.11692505481101789,0.16584259421262823,0.3764536011253629,0,461,2085
oasis,16,heat_raw18,graph_coverage,individual,tanh3,projection,0.0894463774850473,0.008392698098654065,0.08949347563840548,0.11718016203972915,0.16584259421262823,0.3163758242490525,0,461,2085
oasis,16,heat_raw18,graph_coverage,individual,tanh3,residual,0.08917514647622583,0.00835574260891759,0.08917769360418348,0.11681850386071416,0.1682729348232249,0.3736886993175589,0,461,2085
oasis,16,heat_raw18,sfh_fixed,individual,tanh3,bounded_residual,0.08786442732229757,0.008166598105815655,0.0878662421803648,0.11611239209389206,0.17116738666373196,0.316712251241923,0,461,2085
oasis,16,heat_raw18,sfh_fixed,individual,tanh3,ordinary,0.08870461380072114,0.008353314478718914,0.0887096113728045,0.11666498702770955,0.17216071956505,0.3936309269173925,0,461,2085
oasis,16,heat_raw18,sfh_fixed,individual,tanh3,projection,0.08848049304977065,0.008278205430256275,0.08851190142983073,0.11535824887746558,0.17216071956505,0.316169372028957,0,461,2085
oasis,16,heat_raw18,sfh_fixed,individual,tanh3,residual,0.08807197520071532,0.008233931238570665,0.08805746419822906,0.1165168721048054,0.1721047791368664,0.3939508888062555,0,461,2085
oasis,16,heat_raw18,spectral,individual,tanh3,bounded_residual,0.09109091261188751,0.008656573228973617,0.09126397311425102,0.11639584692525473,0.16826293923710708,0.322213834037916,0,461,2085
oasis,16,heat_raw18,spectral,individual,tanh3,ordinary,0.09272701821822205,0.009094919971782373,0.09292827980988493,0.11760149990615831,0.20491244494565836,0.3684153868485446,0,461,2085
oasis,16,heat_raw18,spectral,individual,tanh3,projection,0.09197018203589004,0.008850939917445937,0.0921899067528631,0.1175985214983509,0.17723058696556002,0.3275388423818294,0,461,2085
oasis,16,heat_raw18,spectral,individual,tanh3,residual,0.09174170227190165,0.008884004372567455,0.09190547147641195,0.11689413194459791,0.19817335980455078,0.3595819503399433,0,461,2085
oasis,16,heat_raw18,qsf_discrimination,individual,tanh3,bounded_residual,0.08019521009184567,0.006812866396389275,0.080107144581459,0.10562234393640632,0.16554937143351411,0.2974516824391777,0,461,2085
oasis,16,heat_raw18,qsf_discrimination,individual,tanh3,ordinary,0.08129833545737143,0.007060629563899598,0.08119186958509761,0.107095304272207,0.18850556259317075,0.3521199450440646,0,461,2085
oasis,16,heat_raw18,qsf_discrimination,individual,tanh3,projection,0.081093341682032,0.0069733115428466125,0.08102505981979839,0.10699199033801277,0.17579845132663402,0.3022380044693842,0,461,2085
oasis,16,heat_raw18,qsf_discrimination,individual,tanh3,residual,0.08035187982003607,0.006882519093963175,0.08021910749068907,0.10606643987219178,0.17476087988125658,0.3340417998143781,0,461,2085
oasis,16,heat_raw18,heat_discrimination,individual,tanh3,bounded_residual,0.08211411091500112,0.007067866326908937,0.08195058130866577,0.10377454766072347,0.17163423687338933,0.2599440779347572,0,461,2085
oasis,16,heat_raw18,heat_discrimination,individual,tanh3,ordinary,0.08386108832777109,0.007512784896737409,0.08364941335019713,0.10593713148689131,0.18548339512152678,0.3907385846370853,0,461,2085
oasis,16,heat_raw18,heat_discrimination,individual,tanh3,projection,0.08329913894526782,0.00728747276848711,0.08316483451141124,0.10593713148689131,0.1763462377492244,0.2653244372012249,0,461,2085
oasis,16,heat_raw18,heat_discrimination,individual,tanh3,residual,0.08291346118101112,0.007324005065762086,0.0826610226027869,0.10412121276213879,0.17230908459382147,0.382869033296638,0,461,2085
oasis,16,heat_raw18,spatial,individual,tanh3,bounded_residual,0.07857440871482425,0.0064727917751004425,0.07855334945656155,0.10123985278695845,0.16452268638598838,0.2372866000919734,0,461,2085
oasis,16,heat_raw18,spatial,individual,tanh3,ordinary,0.08047671842222513,0.006992389650695085,0.08041283740114696,0.10496144503061253,0.1747445523971857,0.4621534127089003,0,461,2085
oasis,16,heat_raw18,spatial,individual,tanh3,projection,0.07960300866501448,0.006666346740185491,0.0796268177384055,0.10286050422502759,0.1693038941436235,0.24235788731062,0,461,2085
oasis,16,heat_raw18,spatial,individual,tanh3,residual,0.07952890727111482,0.006819075750570519,0.07940682818991679,0.10364811577660946,0.17050709722224996,0.4735544039535662,0,461,2085
oasis,16,heat_norm18,random,individual,tanh3,bounded_residual,0.08842135033932431,0.00828033032961547,0.08851363723239715,0.1143213007480885,0.17623148672805036,0.5015437651607878,0,461,2085
oasis,16,heat_norm18,random,individual,tanh3,ordinary,0.09072295747296849,0.009016880633011735,0.09084454527347588,0.11763515921135914,0.20800031777761677,0.5797022008444697,0,461,2085
oasis,16,heat_norm18,random,individual,tanh3,projection,0.08903802405576385,0.008420558667485391,0.0891630114789029,0.11490752409717513,0.18294015200763536,0.5155472064978296,0,461,2085
oasis,16,heat_norm18,random,individual,tanh3,residual,0.09039419637848765,0.008932392422683988,0.09046595089936336,0.1175585287829652,0.205114981845051,0.5792625503963147,0,461,2085
oasis,16,heat_norm18,graph_coverage,individual,tanh3,bounded_residual,0.09678619971336792,0.009813258342609769,0.09697728314557738,0.12203556192454396,0.18096686234554674,0.3996355424135704,0,461,2085
oasis,16,heat_norm18,graph_coverage,individual,tanh3,ordinary,0.0979195627554779,0.010144494775766856,0.09805186522253866,0.12511545408712763,0.19909604045573787,0.3747229686108714,0,461,2085
oasis,16,heat_norm18,graph_coverage,individual,tanh3,projection,0.09686082058656328,0.009813067002494262,0.09706570810989018,0.12333762451111453,0.17916735262826106,0.3498524164824029,0,461,2085
oasis,16,heat_norm18,graph_coverage,individual,tanh3,residual,0.09802014603657362,0.010180626565285915,0.09812753044574031,0.12375175303940085,0.2023162252892975,0.381119431305706,0,461,2085
oasis,16,heat_norm18,sfh_fixed,individual,tanh3,bounded_residual,0.09251544318635548,0.009015444286232566,0.09272973400889771,0.1207980942137729,0.17987498923192438,0.3355420953738818,0,461,2085
oasis,16,heat_norm18,sfh_fixed,individual,tanh3,ordinary,0.09445751515982821,0.009596199048242937,0.09465842897855906,0.12277797500607147,0.197979883363688,0.6037079648835177,0,461,2085
oasis,16,heat_norm18,sfh_fixed,individual,tanh3,projection,0.09285752907977905,0.00908272495669284,0.09304051444607929,0.12166901566597178,0.186661149614448,0.3407088356495554,0,461,2085
oasis,16,heat_norm18,sfh_fixed,individual,tanh3,residual,0.09432374088773397,0.009572434758739798,0.09454354235570296,0.12163427812335843,0.19450634555593124,0.589914435973356,0,461,2085
oasis,16,heat_norm18,spectral,individual,tanh3,bounded_residual,0.0956165328843175,0.0094881770009262,0.09576493648566373,0.12072499360572089,0.20145503330241454,0.2990663639205823,0,461,2085
oasis,16,heat_norm18,spectral,individual,tanh3,ordinary,0.09927371975525298,0.011026015666449406,0.09956014880731624,0.12550501251221802,0.21395354195949476,1.1751900291408757,1,461,2085
oasis,16,heat_norm18,spectral,individual,tanh3,projection,0.09624571109213485,0.009625438121516026,0.09640955489080502,0.12192440584496253,0.1989359150526741,0.3035687762143478,0,461,2085
oasis,16,heat_norm18,spectral,individual,tanh3,residual,0.0986074188458076,0.010829792070935802,0.09888388977301159,0.1234258921742386,0.2163191969459418,1.1510030861894596,1,461,2085
oasis,16,heat_norm18,qsf_discrimination,individual,tanh3,bounded_residual,0.08244273826444908,0.007188806200921572,0.0825974518780025,0.10669311651358145,0.17434576183866105,0.3165311007616543,0,461,2085
oasis,16,heat_norm18,qsf_discrimination,individual,tanh3,ordinary,0.08383077139668141,0.007523286106048179,0.08390310046180319,0.10876398669697623,0.177887750544299,0.3367018008339744,0,461,2085
oasis,16,heat_norm18,qsf_discrimination,individual,tanh3,projection,0.08304919220641281,0.007280013326137657,0.0831574395841174,0.10779767054368421,0.17692877339688537,0.2928224020755632,0,461,2085
oasis,16,heat_norm18,qsf_discrimination,individual,tanh3,residual,0.08335538497476518,0.007458879486410381,0.08349142912357083,0.10763600294075913,0.18135100181370295,0.3527029370755431,0,461,2085
oasis,16,heat_norm18,heat_discrimination,individual,tanh3,bounded_residual,0.08479350192206295,0.0076068425704834035,0.08478052712122625,0.10576292473536396,0.18766244008693625,0.3794389246203271,0,461,2085
oasis,16,heat_norm18,heat_discrimination,individual,tanh3,ordinary,0.08681542534403433,0.00813099959450428,0.08668110929333614,0.10848700499782193,0.18915309963903704,0.4167703757959539,0,461,2085
oasis,16,heat_norm18,heat_discrimination,individual,tanh3,projection,0.08535415850917934,0.0076723343967700685,0.08530259863071239,0.1072865448183737,0.17862137245447346,0.3463520632419649,0,461,2085
oasis,16,heat_norm18,heat_discrimination,individual,tanh3,residual,0.08651711247227309,0.008044566939314992,0.08637249293536328,0.10745385973599055,0.17527477981060288,0.4061549293111974,0,461,2085
oasis,16,heat_norm18,spatial,individual,tanh3,bounded_residual,0.07951584081347161,0.006630237793457937,0.07962046483165207,0.10287128260045694,0.16345045276589254,0.2515133568082787,0,461,2085
oasis,16,heat_norm18,spatial,individual,tanh3,ordinary,0.08147739568408893,0.0071357097170137935,0.08161657991988404,0.10475158152541265,0.1762068473106619,0.3740875327640925,0,461,2085
oasis,16,heat_norm18,spatial,individual,tanh3,projection,0.08015111921095229,0.00676485725217441,0.08028017459461417,0.10376994865183532,0.16904995136562392,0.2747949910881815,0,461,2085
oasis,16,heat_norm18,spatial,individual,tanh3,residual,0.08076516999731069,0.006976974589546915,0.08089937676918409,0.103745229970062,0.1660461091630702,0.3710086939159978,0,461,2085
oasis,32,qsf,random,individual,tanh3,bounded_residual,0.0498289421439827,0.002661246761768243,0.049972635399480235,0.07187646676710531,0.09649167766940701,0.1803593940443676,0,461,2085
oasis,32,qsf,random,individual,tanh3,ordinary,0.05155079778158102,0.00289486755302244,0.051758916433928895,0.07383146588849619,0.1308070060068352,0.213059946613097,0,461,2085
oasis,32,qsf,random,individual,tanh3,projection,0.051385656164054584,0.0028595628486461173,0.05158404729826212,0.07381831154706535,0.12327875604402332,0.2103891653439444,0,461,2085
oasis,32,qsf,random,individual,tanh3,residual,0.049935266761198145,0.0026785140758004474,0.05007621841806949,0.07236540418601188,0.09790624840083333,0.1964859251556288,0,461,2085
oasis,32,qsf,graph_coverage,individual,tanh3,bounded_residual,0.05020689819604252,0.002689404860520691,0.05038362045637676,0.0726223995886575,0.10293127755085048,0.2065359991098021,0,461,2085
oasis,32,qsf,graph_coverage,individual,tanh3,ordinary,0.05173833396817989,0.0029132118023724287,0.05200751555157532,0.07477724268061134,0.12955749627053023,0.2518419608141743,0,461,2085
oasis,32,qsf,graph_coverage,individual,tanh3,projection,0.05150246887185013,0.0028790656175981663,0.05175299399806719,0.07402446959540929,0.1261636385393197,0.2518419608141743,0,461,2085
oasis,32,qsf,graph_coverage,individual,tanh3,residual,0.050210183882352946,0.0026928727715410153,0.05038763483442601,0.07263344906309933,0.10293127755085048,0.2065359991098021,0,461,2085
oasis,32,qsf,sfh_fixed,individual,tanh3,bounded_residual,0.0509733629906022,0.0027603950496910994,0.0511564115207571,0.07389758010915826,0.1032084844150428,0.1589519657233433,0,461,2085
oasis,32,qsf,sfh_fixed,individual,tanh3,ordinary,0.052393385704980734,0.0029730951916915496,0.05262997779126032,0.07408445716393829,0.13232010729052943,0.2125034219344666,0,461,2085
oasis,32,qsf,sfh_fixed,individual,tanh3,projection,0.05218781528544096,0.0029337675702429595,0.05241705440980391,0.07408445716393829,0.12743701445428243,0.2125034219344666,0,461,2085
oasis,32,qsf,sfh_fixed,individual,tanh3,residual,0.051078209567210854,0.002773719088236135,0.05126308605845787,0.07392220553673387,0.10349206683959938,0.1589519657233433,0,461,2085
oasis,32,qsf,spectral,individual,tanh3,bounded_residual,0.05187842933147636,0.002863205556225944,0.05208429740404692,0.07437917179706094,0.10807930076553489,0.200160556762074,0,461,2085
oasis,32,qsf,spectral,individual,tanh3,ordinary,0.05368547757058669,0.0031373890229394416,0.05397508828605382,0.07696691159239173,0.13961070208436516,0.2204611521643333,0,461,2085
oasis,32,qsf,spectral,individual,tanh3,projection,0.05337596093904983,0.0030797201411827675,0.05364682460091498,0.07688207154405849,0.1316012307433111,0.1944774885315013,0,461,2085
oasis,32,qsf,spectral,individual,tanh3,residual,0.05194323218279676,0.002872496729538177,0.05215955886550514,0.07444944322090145,0.10807930076553489,0.200160556762074,0,461,2085
oasis,32,qsf,qsf_discrimination,individual,tanh3,bounded_residual,0.046294234324691236,0.0022989204792164455,0.0464024830251016,0.065790002310214,0.09251349186034298,0.1596994808877688,0,461,2085
oasis,32,qsf,qsf_discrimination,individual,tanh3,ordinary,0.048179549361374134,0.0025582388040233865,0.04834286200361617,0.06926899059044975,0.13027310522275862,0.2123305068674193,0,461,2085
oasis,32,qsf,qsf_discrimination,individual,tanh3,projection,0.04778013559942021,0.0024717856295762555,0.0479321309969259,0.0692998735307962,0.1178544221991587,0.1987230431590418,0,461,2085
oasis,32,qsf,qsf_discrimination,individual,tanh3,residual,0.046381785435252475,0.0023077075086030455,0.04648817999355644,0.06602959178962914,0.09251349186034298,0.1725679953696602,0,461,2085
oasis,32,qsf,heat_discrimination,individual,tanh3,bounded_residual,0.04780385408900803,0.002444174647205498,0.0479413626621165,0.06707357561083901,0.10514814629886318,0.1692965918378963,0,461,2085
oasis,32,qsf,heat_discrimination,individual,tanh3,ordinary,0.04973984078771855,0.0027130384848413906,0.049942258260268414,0.06974781561767684,0.13729586385128914,0.2177062906306727,0,461,2085
oasis,32,qsf,heat_discrimination,individual,tanh3,projection,0.049395021092251974,0.0026455423366966843,0.04957833346756214,0.06974781561767684,0.13133288665694515,0.1959249121310933,0,461,2085
oasis,32,qsf,heat_discrimination,individual,tanh3,residual,0.0478985689063768,0.0024517849403933576,0.048040060569649934,0.06707357561083901,0.10486871611670597,0.1692965918378963,0,461,2085
oasis,32,qsf,spatial,individual,tanh3,bounded_residual,0.04520646227295038,0.002186245189165805,0.045424087485284204,0.06414148769846124,0.10084186123567057,0.1625468603278111,0,461,2085
oasis,32,qsf,spatial,individual,tanh3,ordinary,0.04719301298723876,0.0024489042279648367,0.04746930187944388,0.06659373152780694,0.1291354202743547,0.214024011433993,0,461,2085
oasis,32,qsf,spatial,individual,tanh3,projection,0.046995860418480105,0.0023948333770197347,0.04727800484964472,0.06659373152780694,0.12577496094979787,0.1957289146776679,0,461,2085
oasis,32,qsf,spatial,individual,tanh3,residual,0.045391095659942544,0.002203218222181139,0.045604676164072155,0.06423809008206348,0.10084186123567057,0.163414492978595,0,461,2085
oasis,32,heat_raw18,random,individual,tanh3,bounded_residual,0.07107744921932316,0.005342377493653693,0.07111999080785467,0.0965640477283649,0.13858695126379367,0.2397918920771943,0,461,2085
oasis,32,heat_raw18,random,individual,tanh3,ordinary,0.07227671038017945,0.005582110379114069,0.0723385558126445,0.09805829411635975,0.15414318156572007,0.2746523185295593,0,461,2085
oasis,32,heat_raw18,random,individual,tanh3,projection,0.07202970404546018,0.005503807943941256,0.07212822488258702,0.09795516214121676,0.1527376498315584,0.2583507867493905,0,461,2085
oasis,32,heat_raw18,random,individual,tanh3,residual,0.07133442786148803,0.005422933212658555,0.07133564749525016,0.09693664109697997,0.13858695126379367,0.2853502975797551,0,461,2085
oasis,32,heat_raw18,graph_coverage,individual,tanh3,bounded_residual,0.07080440312799997,0.005325181021570221,0.07088455336069104,0.09649662970086868,0.1484808204796264,0.2774913412392681,0,461,2085
oasis,32,heat_raw18,graph_coverage,individual,tanh3,ordinary,0.0718082481202122,0.005509493721823918,0.07193493363155225,0.09782501016972986,0.1576123865825385,0.2818360177630892,0,461,2085
oasis,32,heat_raw18,graph_coverage,individual,tanh3,projection,0.0716136574016931,0.005460600434317893,0.07176436730803826,0.0968350274618692,0.1576123865825385,0.2536297013756844,0,461,2085
oasis,32,heat_raw18,graph_coverage,individual,tanh3,residual,0.07092427277823936,0.005341305196257999,0.07100427581184726,0.0965780644766337,0.1484808204796264,0.2802855733172369,0,461,2085
oasis,32,heat_raw18,sfh_fixed,individual,tanh3,bounded_residual,0.07097688260939718,0.005378016486146669,0.07099326358126144,0.0946674132727215,0.13839330894923704,0.3115470815802194,0,461,2085
oasis,32,heat_raw18,sfh_fixed,individual,tanh3,ordinary,0.07231767543565151,0.005653875901064151,0.07232657801255524,0.09668677944281834,0.1521717229672436,0.4201186016482249,0,461,2085
oasis,32,heat_raw18,sfh_fixed,individual,tanh3,projection,0.0719259271669961,0.005546690654254614,0.07198071391078155,0.09627258761626523,0.1521717229672436,0.3128387507149524,0,461,2085
oasis,32,heat_raw18,sfh_fixed,individual,tanh3,residual,0.07134112183109402,0.005475831021378471,0.07132208992188258,0.09494420001761908,0.13839330894923704,0.4213231182366947,0,461,2085
oasis,32,heat_raw18,spectral,individual,tanh3,bounded_residual,0.07288635131063936,0.005585073988915196,0.07287334862396114,0.09561575412970046,0.1482646694109897,0.2259120878038789,0,461,2085
oasis,32,heat_raw18,spectral,individual,tanh3,ordinary,0.07525113829193121,0.006216245350527731,0.0752110970746727,0.09815474127734654,0.1754624522224753,0.5903930456688311,0,461,2085
oasis,32,heat_raw18,spectral,individual,tanh3,projection,0.07400754145592556,0.00578549283038733,0.07406092252460386,0.09688509975187119,0.16549300176897233,0.2542481229663978,0,461,2085
oasis,32,heat_raw18,spectral,individual,tanh3,residual,0.0741987964470377,0.006013305536500498,0.07409775506017655,0.09715461678861384,0.16047843382322746,0.5788784009702459,0,461,2085
oasis,32,heat_raw18,qsf_discrimination,individual,tanh3,bounded_residual,0.06720724851282531,0.004813481915561084,0.0671080738899409,0.09033971839500055,0.14635367838776359,0.264794714206389,0,461,2085
oasis,32,heat_raw18,qsf_discrimination,individual,tanh3,ordinary,0.06890238059985752,0.005142968925036244,0.06880192096715818,0.0927587422055911,0.16030633416978796,0.3240064162846197,0,461,2085
oasis,32,heat_raw18,qsf_discrimination,individual,tanh3,projection,0.06834052359703079,0.004999034389653275,0.06828998801937997,0.09234850426031732,0.15509179673688514,0.2629670075665586,0,461,2085
oasis,32,heat_raw18,qsf_discrimination,individual,tanh3,residual,0.06775537107221685,0.004957684273800571,0.06759728320922927,0.09022220873014264,0.15257539745951323,0.3418716307622331,0,461,2085
oasis,32,heat_raw18,heat_discrimination,individual,tanh3,bounded_residual,0.06883940435298455,0.005008922533299297,0.06879709047681873,0.09034597550765294,0.1420173166356997,0.2464611212928102,0,461,2085
oasis,32,heat_raw18,heat_discrimination,individual,tanh3,ordinary,0.07041011069091233,0.005327080019663384,0.07038399970742969,0.09182133450532082,0.15945779957073358,0.2612735187470192,0,461,2085
oasis,32,heat_raw18,heat_discrimination,individual,tanh3,projection,0.06986236938299195,0.005168690262998177,0.0698871822818457,0.09132124785550648,0.1473357474053205,0.229742703980216,0,461,2085
oasis,32,heat_raw18,heat_discrimination,individual,tanh3,residual,0.06955989998687069,0.005360653312717968,0.06939795661484337,0.09088727053521098,0.1504541195499414,0.6095596380978294,0,461,2085
oasis,32,heat_raw18,spatial,individual,tanh3,bounded_residual,0.06756733578982221,0.0048473381374951234,0.06759474786835203,0.09107317132945579,0.13597536683646574,0.224936945333256,0,461,2085
oasis,32,heat_raw18,spatial,individual,tanh3,ordinary,0.06946329818202533,0.005296683245851675,0.06946605816347678,0.09382386024746396,0.15645023763879787,0.3273766381530322,0,461,2085
oasis,32,heat_raw18,spatial,individual,tanh3,projection,0.06884285016537477,0.005052907481410635,0.06893794437878904,0.0933193009251619,0.1547181756209398,0.2494586707998748,0,461,2085
oasis,32,heat_raw18,spatial,individual,tanh3,residual,0.06825213710495316,0.005095632470050911,0.06817624614982802,0.09131953525188391,0.13824287353407227,0.3432696505462035,0,461,2085
oasis,32,heat_norm18,random,individual,tanh3,bounded_residual,0.07351192162177571,0.005864891615343254,0.07359224345970415,0.09732556789264792,0.1671206652407592,0.3987027795366402,0,461,2085
oasis,32,heat_norm18,random,individual,tanh3,ordinary,0.07512943926990899,0.006232274370447901,0.07520882281494456,0.09946607421295255,0.17550201939544385,0.434530020128745,0,461,2085
oasis,32,heat_norm18,random,individual,tanh3,projection,0.07423376832351042,0.0059762658953858416,0.07430401982752141,0.0987440251281665,0.17423850112860984,0.42299029657483,0,461,2085
oasis,32,heat_norm18,random,individual,tanh3,residual,0.07436941634562949,0.006116309368250427,0.07445505774534565,0.09869201012381071,0.16817920742553927,0.4618169175363947,0,461,2085
oasis,32,heat_norm18,graph_coverage,individual,tanh3,bounded_residual,0.07386971699795405,0.005802814611166641,0.07405368977754855,0.09805705579086026,0.1565004955217326,0.2721348809790508,0,461,2085
oasis,32,heat_norm18,graph_coverage,individual,tanh3,ordinary,0.0750749872733625,0.006015810185797256,0.07519330317353634,0.10004989948276401,0.16239618495240543,0.3144796162732068,0,461,2085
oasis,32,heat_norm18,graph_coverage,individual,tanh3,projection,0.07462947192336818,0.005924227206435416,0.07479985976856317,0.09959124946697975,0.16209100508152088,0.2928479391473366,0,461,2085
oasis,32,heat_norm18,graph_coverage,individual,tanh3,residual,0.07430773353138534,0.005878274947431093,0.07445805181912879,0.09805705579086026,0.16384051868799626,0.2917851093172977,0,461,2085
oasis,32,heat_norm18,sfh_fixed,individual,tanh3,bounded_residual,0.07417866157409658,0.005940657755592169,0.0744036286799991,0.09869408675329104,0.17631323697769646,0.3408074980550924,0,461,2085
oasis,32,heat_norm18,sfh_fixed,individual,tanh3,ordinary,0.07566045202282086,0.006154992816659881,0.07577573044489412,0.10059322444971343,0.16347349074821607,0.3469407355839948,0,461,2085
oasis,32,heat_norm18,sfh_fixed,individual,tanh3,projection,0.07486019225322671,0.006043562705191929,0.07503918529240533,0.09958892394959808,0.1627073268352419,0.3469407355839948,0,461,2085
oasis,32,heat_norm18,sfh_fixed,individual,tanh3,residual,0.0749142569743209,0.006030631483482746,0.07509561791828875,0.09960574026539606,0.1750796762830108,0.3408074980550924,0,461,2085
oasis,32,heat_norm18,spectral,individual,tanh3,bounded_residual,0.07542784932835193,0.0060222575188496365,0.07555957468382841,0.09874923672878846,0.18479875459712777,0.2636756417042818,0,461,2085
oasis,32,heat_norm18,spectral,individual,tanh3,ordinary,0.07809033255633846,0.006830358419105957,0.07820100345412383,0.10045625508838801,0.1967239847775619,0.5241594701421306,0,461,2085
oasis,32,heat_norm18,spectral,individual,tanh3,projection,0.07613153303514784,0.006158763152144529,0.07628199226597508,0.09917874125610918,0.19183005121773963,0.2707294353154904,0,461,2085
oasis,32,heat_norm18,spectral,individual,tanh3,residual,0.0773336480881628,0.0066564040706982,0.07742154278974558,0.09980385915767118,0.19132409269973666,0.5078806383111999,0,461,2085
oasis,32,heat_norm18,qsf_discrimination,individual,tanh3,bounded_residual,0.06779747052251985,0.004977175650091872,0.06787206110181883,0.09045128811566841,0.16217833549847485,0.3923022487491499,0,461,2085
oasis,32,heat_norm18,qsf_discrimination,individual,tanh3,ordinary,0.06938374337195391,0.00528259425448697,0.0694048064915289,0.09195885096165116,0.16994225797703177,0.4145504195485879,0,461,2085
oasis,32,heat_norm18,qsf_discrimination,individual,tanh3,projection,0.06865476228276995,0.005119426093474926,0.06872943439687151,0.09177147393303833,0.16403276766589378,0.4144336097381818,0,461,2085
oasis,32,heat_norm18,qsf_discrimination,individual,tanh3,residual,0.06851474933994857,0.005107147436526606,0.06857503611701801,0.09060093990088343,0.14964971895178406,0.3923022487491499,0,461,2085
oasis,32,heat_norm18,heat_discrimination,individual,tanh3,bounded_residual,0.06888426644072362,0.005097217289688243,0.0689471833135901,0.09029112527945855,0.15493266528005045,0.2994268206027815,0,461,2085
oasis,32,heat_norm18,heat_discrimination,individual,tanh3,ordinary,0.07081764350113459,0.005482420996966775,0.07080792501933408,0.0922717512237705,0.15691536323721955,0.4291520971221596,0,461,2085
oasis,32,heat_norm18,heat_discrimination,individual,tanh3,projection,0.06976337626177584,0.005243371857531319,0.06979893357021663,0.0918521737670925,0.14710869764312495,0.3381231630276483,0,461,2085
oasis,32,heat_norm18,heat_discrimination,individual,tanh3,residual,0.06984541100696526,0.00530275742757016,0.06987874761047679,0.0904446529618583,0.15006959660671537,0.4097273363509424,0,461,2085
oasis,32,heat_norm18,spatial,individual,tanh3,bounded_residual,0.06881464429277884,0.0050584228691338785,0.0690002068946682,0.09137058106502585,0.16774939446697856,0.2926286810388117,0,461,2085
oasis,32,heat_norm18,spatial,individual,tanh3,ordinary,0.07045710621586378,0.00541288633349294,0.07057366983774609,0.09237037522504794,0.17550268645312672,0.3202988569545614,0,461,2085
oasis,32,heat_norm18,spatial,individual,tanh3,projection,0.06961556238357755,0.0051737365308546016,0.06976335613721035,0.09235041573309852,0.17062402225367854,0.2756268055311829,0,461,2085
oasis,32,heat_norm18,spatial,individual,tanh3,residual,0.0696199972757634,0.005255993216169176,0.0697455679717563,0.09143995409414818,0.1793898171571555,0.2997740298617173,0,461,2085
oasis,8,qsf,random,template,tanh3,bounded_residual,0.03699815680511469,0.0015950060574287084,0.037388008018029426,0.0676292195282226,0.0887008315264571,0.2118168811132311,0,461,2085
oasis,8,qsf,random,template,tanh3,ordinary,0.038953597228843145,0.0017603211071046615,0.03933781750968768,0.07005624614801186,0.09260072895656296,0.211800043091646,0,461,2085
oasis,8,qsf,random,template,tanh3,projection,0.03895340297916937,0.0017603098975931808,0.03933754827829076,0.07005624614801186,0.09260072895656296,0.211800043091646,0,461,2085
oasis,8,qsf,random,template,tanh3,residual,0.03699815680511469,0.0015950060574287084,0.037388008018029426,0.0676292195282226,0.0887008315264571,0.2118168811132311,0,461,2085
oasis,8,qsf,spectral,template,tanh3,bounded_residual,0.034687192062489464,0.0013693650712483258,0.034687192062489464,0.058154981339255424,0.07915583573943251,0.1038766148539052,0,139,139
oasis,8,qsf,spectral,template,tanh3,ordinary,0.036152356030134565,0.0014946187841946444,0.036152356030134565,0.06546309100772835,0.08007506102172327,0.1208378359895775,0,139,139
oasis,8,qsf,spectral,template,tanh3,projection,0.036152356030134565,0.0014946187841946444,0.036152356030134565,0.06546309100772835,0.08007506102172327,0.1208378359895775,0,139,139
oasis,8,qsf,spectral,template,tanh3,residual,0.034687192062489464,0.0013693650712483258,0.034687192062489464,0.058154981339255424,0.07915583573943251,0.1038766148539052,0,139,139
oasis,8,heat_raw18,random,template,tanh3,bounded_residual,0.039877650398645784,0.0017818422208285241,0.04019675464990332,0.06825108551940107,0.09111490090701584,0.1558556085792607,0,461,2085
oasis,8,heat_raw18,random,template,tanh3,ordinary,0.041461685636302745,0.001927051536179101,0.04180159997052616,0.07028640912991556,0.09495002132618105,0.1734053915160172,0,461,2085
oasis,8,heat_raw18,random,template,tanh3,projection,0.041461685636302745,0.001927051536179101,0.04180159997052616,0.07028640912991556,0.09495002132618105,0.1734053915160172,0,461,2085
oasis,8,heat_raw18,random,template,tanh3,residual,0.039877650398645784,0.0017818422208285241,0.04019675464990332,0.06825108551940107,0.09111490090701584,0.1558556085792607,0,461,2085
oasis,8,heat_raw18,sfh_fixed,template,tanh3,bounded_residual,0.03816568371778859,0.0016334825059458517,0.03828636721537998,0.06269172752643008,0.08535958528122253,0.1344569726729904,0,341,417
oasis,8,heat_raw18,sfh_fixed,template,tanh3,ordinary,0.03983714044991108,0.0017710133037669433,0.039899413623548326,0.06748695524921622,0.0883990108957461,0.1385748873986085,0,341,417
oasis,8,heat_raw18,sfh_fixed,template,tanh3,projection,0.03983714044991108,0.0017710133037669433,0.039899413623548326,0.06748695524921622,0.0883990108957461,0.1385748873986085,0,341,417
oasis,8,heat_raw18,sfh_fixed,template,tanh3,residual,0.03816568371778859,0.0016334825059458517,0.03828636721537998,0.06269172752643008,0.08535958528122253,0.1344569726729904,0,341,417
oasis,8,heat_norm18,random,template,tanh3,bounded_residual,0.038586340925666346,0.0016887305771360669,0.038914227273875335,0.06744548409498544,0.0913022823882496,0.1550068153640319,0,461,2085
oasis,8,heat_norm18,random,template,tanh3,ordinary,0.040203288008903,0.0018325723563590785,0.040552444622515525,0.07009225318039028,0.09474189769481918,0.1744550717765758,0,461,2085
oasis,8,heat_norm18,random,template,tanh3,projection,0.040203288008903,0.0018325723563590787,0.040552444622515525,0.07009225318039028,0.09474189769481918,0.1744550717765758,0,461,2085
oasis,8,heat_norm18,random,template,tanh3,residual,0.038586340925666346,0.0016887305771360669,0.038914227273875335,0.06744548409498544,0.0913022823882496,0.1550068153640319,0,461,2085
oasis,8,heat_norm18,sfh_fixed,template,tanh3,bounded_residual,0.03693836362295673,0.0015346122147222273,0.03675998219367985,0.06062619365672131,0.08206689496663028,0.1340785571688355,0,405,695
oasis,8,heat_norm18,sfh_fixed,template,tanh3,ordinary,0.03867249379611434,0.001672707122202326,0.03844556271586152,0.06399685002729025,0.08412786820510879,0.1384687948574822,0,405,695
oasis,8,heat_norm18,sfh_fixed,template,tanh3,projection,0.03867249379611434,0.001672707122202326,0.03844556271586152,0.06399685002729025,0.08412786820510879,0.1384687948574822,0,405,695
oasis,8,heat_norm18,sfh_fixed,template,tanh3,residual,0.03693836362295673,0.0015346122147222273,0.03675998219367985,0.06062619365672131,0.08206689496663028,0.1340785571688355,0,405,695
oasis,16,qsf,qsf_discrimination,template,tanh3,bounded_residual,0.027543112764927758,0.0008993861759157476,0.02849609832477692,0.048671449564864154,0.06791045774969127,0.2316314845511373,0,461,1112
oasis,16,qsf,qsf_discrimination,template,tanh3,ordinary,0.02962079902403994,0.001034353539363783,0.030581929395913254,0.05197710473871625,0.07639001244829943,0.2424323763672661,0,461,1112
oasis,16,qsf,qsf_discrimination,template,tanh3,projection,0.029620056193430548,0.0010340219732117152,0.03058126361159014,0.05197710473871625,0.07639001244829943,0.2418096332346494,0,461,1112
oasis,16,qsf,qsf_discrimination,template,tanh3,residual,0.027543112764927758,0.0008993861759157476,0.02849609832477692,0.048671449564864154,0.06791045774969127,0.2316314845511373,0,461,1112
oasis,16,qsf,random,template,tanh3,bounded_residual,0.03265156433982278,0.0012209849012237608,0.03295279830995685,0.059402725745233094,0.0779370388779763,0.1277762368099485,0,461,2085
oasis,16,qsf,random,template,tanh3,ordinary,0.03460485746604332,0.0013687165666333046,0.03490949036696142,0.062027777049884734,0.0835143860588723,0.1522687130700859,0,461,2085
oasis,16,qsf,random,template,tanh3,projection,0.03460463889239367,0.001368702919272813,0.034909313733645836,0.062027777049884734,0.0835143860588723,0.1522687130700859,0,461,2085
oasis,16,qsf,random,template,tanh3,residual,0.03265156433982278,0.0012209849012237608,0.03295279830995685,0.059402725745233094,0.0779370388779763,0.1277762368099485,0,461,2085
oasis,16,heat_raw18,qsf_discrimination,template,tanh3,bounded_residual,0.03184211854258766,0.0011641078713339444,0.03224446125313345,0.0578067247261183,0.07287973286561752,0.1804256663109857,0,461,1529
oasis,16,heat_raw18,qsf_discrimination,template,tanh3,ordinary,0.03380692061867787,0.0013045652582847006,0.03422365094945134,0.06101099376508765,0.07827030754030587,0.188024307116508,0,461,1529
oasis,16,heat_raw18,qsf_discrimination,template,tanh3,projection,0.033790591079833135,0.001302289220958505,0.03420894175573769,0.060867641464342474,0.07794417388406322,0.1860757950150857,0,461,1529
oasis,16,heat_raw18,qsf_discrimination,template,tanh3,residual,0.031849243979345986,0.001165034414851854,0.03225166985508772,0.05780691569476228,0.07294847564216163,0.1804256663109857,0,461,1529
oasis,16,heat_raw18,random,template,tanh3,bounded_residual,0.03591791451966806,0.0014814884955691803,0.03620735673846935,0.06575936692568701,0.0862679088323918,0.1313799029713581,0,461,2085
oasis,16,heat_raw18,random,template,tanh3,ordinary,0.03782257957084265,0.0016338204052897345,0.03815120522870632,0.06934397381201063,0.09129608649136221,0.1504635858805541,0,461,2085
oasis,16,heat_raw18,random,template,tanh3,projection,0.03782257957084265,0.0016338204052897345,0.03815120522870632,0.06934397381201063,0.09129608649136221,0.1504635858805541,0,461,2085
oasis,16,heat_raw18,random,template,tanh3,residual,0.03591791451966806,0.0014814884955691803,0.03620735673846935,0.06575936692568701,0.0862679088323918,0.1313799029713581,0,461,2085
oasis,16,heat_norm18,qsf_discrimination,template,tanh3,bounded_residual,0.03206805491911444,0.0011781862561640025,0.032473024627017365,0.05786606041911216,0.07338321356945743,0.1807428512642305,0,461,1529
oasis,16,heat_norm18,qsf_discrimination,template,tanh3,ordinary,0.033991443880853414,0.0013168635268278755,0.03441360770560973,0.0608795187911469,0.07826026634860235,0.1884338809252257,0,461,1529
oasis,16,heat_norm18,qsf_discrimination,template,tanh3,projection,0.03397638804667655,0.0013147521512863723,0.0344000928680869,0.06080535670428397,0.0779321610410174,0.1865854721674502,0,461,1529
oasis,16,heat_norm18,qsf_discrimination,template,tanh3,residual,0.03207463880042508,0.001179039114363958,0.03247973641478118,0.05786606041911216,0.0734383923822773,0.1807428512642305,0,461,1529
oasis,16,heat_norm18,random,template,tanh3,bounded_residual,0.035969093075482066,0.0014882268428996809,0.03625965913061122,0.06598887002181156,0.08665660024125063,0.1312496581197772,0,461,2085
oasis,16,heat_norm18,random,template,tanh3,ordinary,0.037838937120445025,0.0016384130027151582,0.03817444403661253,0.06977382586965199,0.09170988629658335,0.1509855413840866,0,461,2085
oasis,16,heat_norm18,random,template,tanh3,projection,0.037838937120445025,0.0016384130027151582,0.03817444403661253,0.06977382586965199,0.09170988629658335,0.1509855413840866,0,461,2085
oasis,16,heat_norm18,random,template,tanh3,residual,0.035969093075482066,0.0014882268428996809,0.03625965913061122,0.06598887002181156,0.08665660024125063,0.1312496581197772,0,461,2085
oasis,32,qsf,qsf_discrimination,template,tanh3,bounded_residual,0.026508098361618257,0.0007983589977781443,0.026889664442964388,0.047211944444531605,0.06398329930242513,0.1454875243380557,0,461,1668
oasis,32,qsf,qsf_discrimination,template,tanh3,ordinary,0.02861189444209428,0.0009246607515227817,0.028976110729551488,0.05002001997853704,0.06994885741000646,0.1542558708995569,0,461,1668
oasis,32,qsf,qsf_discrimination,template,tanh3,projection,0.02860929004139218,0.0009245342666670621,0.02897281149785151,0.05002001997853704,0.06994885741000646,0.1542558708995569,0,461,1668
oasis,32,qsf,qsf_discrimination,template,tanh3,residual,0.026508098361618257,0.0007983589977781443,0.026889664442964388,0.047211944444531605,0.06398329930242513,0.1454875243380557,0,461,1668
oasis,32,qsf,random,template,tanh3,bounded_residual,0.02882601119865295,0.0009429077947092375,0.029119751749990607,0.05208790433314942,0.06743102081805488,0.1086353875466451,0,461,2085
oasis,32,qsf,random,template,tanh3,ordinary,0.031191127142580214,0.0011003221521267037,0.03149367429294229,0.05545400467234937,0.07376522669202737,0.128892377943357,0,461,2085
oasis,32,qsf,random,template,tanh3,projection,0.031192154488312477,0.0011001361214077689,0.03149301094025073,0.05545400467234937,0.07376522669202737,0.128892377943357,0,461,2085
oasis,32,qsf,random,template,tanh3,residual,0.028816995902624695,0.0009424839825477313,0.029112406446112512,0.05208790433314942,0.06743102081805488,0.1086353875466451,0,461,2085
oasis,32,heat_raw18,qsf_discrimination,template,tanh3,bounded_residual,0.03193434685396577,0.0011618014512362594,0.03221178920784811,0.05678593006995887,0.074566137773243,0.1382410711753372,0,461,1668
oasis,32,heat_raw18,qsf_discrimination,template,tanh3,ordinary,0.03407693203351129,0.001313544474356442,0.03435458197502903,0.060242395177847546,0.08183305428050068,0.1484170955178748,0,461,1668
oasis,32,heat_raw18,qsf_discrimination,template,tanh3,projection,0.03405242410054011,0.0013113546006163187,0.03433005770855169,0.060057412109140236,0.08183305428050068,0.1478249973256081,0,461,1668
oasis,32,heat_raw18,qsf_discrimination,template,tanh3,residual,0.03193336295736223,0.0011618047978429794,0.03221086712879169,0.05678593006995887,0.074566137773243,0.1382410711753372,0,461,1668
oasis,32,heat_raw18,random,template,tanh3,bounded_residual,0.034925833759289024,0.0014019680104425194,0.035220480731959485,0.06354507383629428,0.08333447272488352,0.1290027360723325,0,461,2085
oasis,32,heat_raw18,random,template,tanh3,ordinary,0.0368281533425506,0.0015478039006395054,0.037165286190295806,0.06758517464633688,0.08612870162078204,0.1444223017007116,0,461,2085
oasis,32,heat_raw18,random,template,tanh3,projection,0.0368281533425506,0.0015478039006395054,0.037165286190295806,0.06758517464633688,0.08612870162078204,0.1444223017007116,0,461,2085
oasis,32,heat_raw18,random,template,tanh3,residual,0.034925833759289024,0.0014019680104425194,0.035220480731959485,0.06354507383629428,0.08333447272488352,0.1290027360723325,0,461,2085
oasis,32,heat_norm18,qsf_discrimination,template,tanh3,bounded_residual,0.03199359869111131,0.0011605524441341971,0.03228455930892116,0.056160913661572616,0.07411112205545924,0.1386005376528082,0,461,1390
oasis,32,heat_norm18,qsf_discrimination,template,tanh3,ordinary,0.03406612073944968,0.0013088024660283316,0.03437258355865792,0.05953396599431806,0.07908921013087014,0.1490300534381069,0,461,1390
oasis,32,heat_norm18,qsf_discrimination,template,tanh3,projection,0.03397218467756606,0.0013023445556232056,0.03427881515171256,0.05953396599431806,0.07890250719297798,0.1483910890333999,0,461,1390
oasis,32,heat_norm18,qsf_discrimination,template,tanh3,residual,0.031993737122035355,0.0011605782369414818,0.03228479014739205,0.056160913661572616,0.07411112205545924,0.1386005376528082,0,461,1390
oasis,32,heat_norm18,random,template,tanh3,bounded_residual,0.03525854187789819,0.001426508947921604,0.03555219668198803,0.06417365484883923,0.08401700821659087,0.1287644063915075,0,461,2085
oasis,32,heat_norm18,random,template,tanh3,ordinary,0.037201786195146476,0.001576398229661531,0.03754140374005798,0.06805947958482873,0.08677447624903202,0.1445309459141251,0,461,2085
oasis,32,heat_norm18,random,template,tanh3,projection,0.037201786195146476,0.001576398229661531,0.03754140374005798,0.06805947958482873,0.08677447624903202,0.1445309459141251,0,461,2085
oasis,32,heat_norm18,random,template,tanh3,residual,0.03525854187789819,0.001426508947921604,0.03555219668198803,0.06417365484883923,0.08401700821659087,0.1287644063915075,0,461,2085
oasis,8,qsf,sfh_fixed,template,tanh3,bounded_residual,0.034888248299529453,0.00153428483115035,0.034813952135082926,0.059351344891232234,0.09308828189491226,0.1938656265768484,0,335,417
oasis,8,qsf,sfh_fixed,template,tanh3,ordinary,0.036587807402605824,0.001667810473796121,0.03650061641966963,0.06250353736151985,0.09437630362931691,0.2006104748796499,0,335,417
oasis,8,qsf,sfh_fixed,template,tanh3,projection,0.036587807402605824,0.001667810473796121,0.03650061641966963,0.06250353736151985,0.09437630362931691,0.2006104748796499,0,335,417
oasis,8,qsf,sfh_fixed,template,tanh3,residual,0.034888248299529453,0.00153428483115035,0.034813952135082926,0.059351344891232234,0.09308828189491226,0.1938656265768484,0,335,417
oasis,8,heat_raw18,qsf_discrimination,template,tanh3,bounded_residual,0.035647293670346504,0.00141772558840115,0.03537543228068791,0.05435441532159675,0.08430847182714486,0.1123876393401874,0,251,278
oasis,8,heat_raw18,qsf_discrimination,template,tanh3,ordinary,0.036989219664105136,0.0015458158901202022,0.036677407131574545,0.05708828259289641,0.08632673247157227,0.1321892025791388,0,251,278
oasis,8,heat_raw18,qsf_discrimination,template,tanh3,projection,0.036989219664105136,0.0015458158901202022,0.036677407131574545,0.05708828259289641,0.08632673247157227,0.1321892025791388,0,251,278
oasis,8,heat_raw18,qsf_discrimination,template,tanh3,residual,0.035647293670346504,0.00141772558840115,0.03537543228068791,0.05435441532159675,0.08430847182714486,0.1123876393401874,0,251,278
oasis,8,heat_norm18,heat_discrimination,template,tanh3,bounded_residual,0.03496187556095253,0.001372748137909446,0.035211166401485285,0.0601117217447273,0.07858417316502725,0.1560863439406552,0,461,1251
oasis,8,heat_norm18,heat_discrimination,template,tanh3,ordinary,0.03666223712006858,0.0015059926487792433,0.036936616243819394,0.06313036133675275,0.08572625710918365,0.1541188889995393,0,461,1251
oasis,8,heat_norm18,heat_discrimination,template,tanh3,projection,0.03666223712006858,0.0015059926487792433,0.036936616243819394,0.06313036133675275,0.08572625710918365,0.1541188889995393,0,461,1251
oasis,8,heat_norm18,heat_discrimination,template,tanh3,residual,0.03496187556095253,0.001372748137909446,0.035211166401485285,0.0601117217447273,0.07858417316502725,0.1560863439406552,0,461,1251
oasis,8,qsf,heat_discrimination,template,tanh3,bounded_residual,0.03392682529325137,0.0013502662437696528,0.03416710521970088,0.0598323142660363,0.09316656531522949,0.1678576051933905,0,461,1251
oasis,8,qsf,heat_discrimination,template,tanh3,ordinary,0.03599341772027568,0.001496805568626963,0.03615379219557399,0.06302800737912295,0.09869480702233376,0.1660362433797486,0,461,1251
oasis,8,qsf,heat_discrimination,template,tanh3,projection,0.03599341772027568,0.001496805568626963,0.03615379219557399,0.06302800737912295,0.09869480702233376,0.1660362433797486,0,461,1251
oasis,8,qsf,heat_discrimination,template,tanh3,residual,0.03392682529325137,0.0013502662437696528,0.03416710521970088,0.0598323142660363,0.09316656531522949,0.1678576051933905,0,461,1251
oasis,8,heat_raw18,heat_discrimination,template,tanh3,bounded_residual,0.03620396666950129,0.0014763338942533533,0.03602803810118852,0.060821535674327035,0.07879547804134533,0.1559892526184928,0,461,1112
oasis,8,heat_raw18,heat_discrimination,template,tanh3,ordinary,0.03784588287595038,0.0016054798765832575,0.03770350643381759,0.06333525631214178,0.08288746609098974,0.1530040390255805,0,461,1112
oasis,8,heat_raw18,heat_discrimination,template,tanh3,projection,0.03784588287595038,0.0016054798765832575,0.03770350643381759,0.06333525631214178,0.08288746609098974,0.1530040390255805,0,461,1112
oasis,8,heat_raw18,heat_discrimination,template,tanh3,residual,0.03620396666950129,0.0014763338942533533,0.03602803810118852,0.060821535674327035,0.07879547804134533,0.1559892526184928,0,461,1112
oasis,16,qsf,heat_discrimination,template,tanh3,bounded_residual,0.031966884422856244,0.001227314806107054,0.03176335285538862,0.053276425195201156,0.08808521012960366,0.1786740085913235,0,335,417
oasis,16,qsf,heat_discrimination,template,tanh3,ordinary,0.034040717079605584,0.0013870909571314315,0.03383085345476112,0.0565626842614963,0.08789323267754696,0.193311269708176,0,335,417
oasis,16,qsf,heat_discrimination,template,tanh3,projection,0.034040717079605584,0.0013870909571314315,0.03383085345476112,0.0565626842614963,0.08789323267754696,0.193311269708176,0,335,417
oasis,16,qsf,heat_discrimination,template,tanh3,residual,0.031966884422856244,0.001227314806107054,0.03176335285538862,0.053276425195201156,0.08808521012960366,0.1786740085913235,0,335,417
oasis,16,heat_raw18,heat_discrimination,template,tanh3,bounded_residual,0.03307808102780149,0.0012875876536148356,0.03274998584029613,0.05556983641929907,0.07453922841059325,0.1702902584434307,0,335,417
oasis,16,heat_raw18,heat_discrimination,template,tanh3,ordinary,0.03502081174522042,0.0014444871649395012,0.034650300267997744,0.05805398067373918,0.08826645005088671,0.1860266170715137,0,335,417
oasis,16,heat_raw18,heat_discrimination,template,tanh3,projection,0.03502081174522042,0.0014444871649395012,0.034650300267997744,0.05805398067373918,0.08826645005088671,0.1860266170715137,0,335,417
oasis,16,heat_raw18,heat_discrimination,template,tanh3,residual,0.03307808102780149,0.0012875876536148356,0.03274998584029613,0.05556983641929907,0.07453922841059325,0.1702902584434307,0,335,417
oasis,32,heat_norm18,heat_discrimination,template,tanh3,bounded_residual,0.03307853541934535,0.0012538008220470413,0.03341411112290113,0.06052300747981323,0.07693967256644482,0.1157381425941569,0,407,556
oasis,32,heat_norm18,heat_discrimination,template,tanh3,ordinary,0.03489959289744979,0.0013925917328114722,0.03522926855663743,0.0616582830822761,0.0870235336544881,0.1272139635693417,0,407,556
oasis,32,heat_norm18,heat_discrimination,template,tanh3,projection,0.03489959289744979,0.0013925917328114722,0.03522926855663743,0.0616582830822761,0.0870235336544881,0.1272139635693417,0,407,556
oasis,32,heat_norm18,heat_discrimination,template,tanh3,residual,0.03307853541934535,0.0012538008220470413,0.03341411112290113,0.06052300747981323,0.07693967256644482,0.1157381425941569,0,407,556
oasis,8,qsf,qsf_discrimination,template,tanh3,bounded_residual,0.03691184365167639,0.0015648525853959024,0.03691184365167639,0.05654049264303208,0.08215651234364382,0.1367154361989255,0,139,139
oasis,8,qsf,qsf_discrimination,template,tanh3,ordinary,0.03756670635462544,0.0016309409389304776,0.03756670635462544,0.057287456271335586,0.08392384379618627,0.1458579611574326,0,139,139
oasis,8,qsf,qsf_discrimination,template,tanh3,projection,0.03756670635462544,0.0016309409389304776,0.03756670635462544,0.057287456271335586,0.08392384379618627,0.1458579611574326,0,139,139
oasis,8,qsf,qsf_discrimination,template,tanh3,residual,0.03691184365167639,0.0015648525853959024,0.03691184365167639,0.05654049264303208,0.08215651234364382,0.1367154361989255,0,139,139
oasis,16,heat_norm18,heat_discrimination,template,tanh3,bounded_residual,0.032326448843247424,0.001156656306794649,0.032326448843247424,0.05149838212676281,0.06837588589836313,0.0746380927363948,0,139,139
oasis,16,heat_norm18,heat_discrimination,template,tanh3,ordinary,0.03438406193805467,0.0013049078934633995,0.03438406193805467,0.054137957596343864,0.0714056012608697,0.0903811099676542,0,139,139
oasis,16,heat_norm18,heat_discrimination,template,tanh3,projection,0.03438406193805467,0.0013049078934633995,0.03438406193805467,0.054137957596343864,0.0714056012608697,0.0903811099676542,0,139,139
oasis,16,heat_norm18,heat_discrimination,template,tanh3,residual,0.032326448843247424,0.001156656306794649,0.032326448843247424,0.05149838212676281,0.06837588589836313,0.0746380927363948,0,139,139
oasis,32,heat_raw18,graph_coverage,template,tanh3,bounded_residual,0.03836938378209181,0.0017268628127847334,0.03836938378209181,0.06852645878945221,0.08790139045121916,0.1096199685414707,0,139,139
oasis,32,heat_raw18,graph_coverage,template,tanh3,ordinary,0.03988308139449498,0.0018521696404190462,0.03988308139449498,0.07547812334166236,0.08729775145697849,0.1103825729902535,0,139,139
oasis,32,heat_raw18,graph_coverage,template,tanh3,projection,0.03988308139449498,0.0018521696404190462,0.03988308139449498,0.07547812334166236,0.08729775145697849,0.1103825729902535,0,139,139
oasis,32,heat_raw18,graph_coverage,template,tanh3,residual,0.03836938378209181,0.0017268628127847334,0.03836938378209181,0.06852645878945221,0.08790139045121916,0.1096199685414707,0,139,139
oasis,32,qsf,heat_discrimination,template,tanh3,bounded_residual,0.026593590931613512,0.0007984153261130633,0.026593590931613512,0.04476439524989388,0.0647584131560818,0.0831118968518675,0,139,139
oasis,32,qsf,heat_discrimination,template,tanh3,ordinary,0.028444951573541877,0.0009151840400462247,0.028444951573541877,0.047658123836231185,0.06852974231888437,0.0940617517292304,0,139,139
oasis,32,qsf,heat_discrimination,template,tanh3,projection,0.02844473108813935,0.0009151766122895058,0.02844473108813935,0.047658123836231185,0.06852974231888437,0.0940617517292304,0,139,139
oasis,32,qsf,heat_discrimination,template,tanh3,residual,0.026593590931613512,0.0007984153261130633,0.026593590931613512,0.04476439524989388,0.0647584131560818,0.0831118968518675,0,139,139
oasis,32,qsf,sfh_fixed,template,tanh3,bounded_residual,0.028337573534191654,0.0008896238529444642,0.028337573534191654,0.04916940418564421,0.05554190316988228,0.05619169617633,0,139,139
oasis,32,qsf,sfh_fixed,template,tanh3,ordinary,0.030424450415548535,0.0010178835679311375,0.030424450415548535,0.05028817727041591,0.06045050146838058,0.0650352143105694,0,139,139
oasis,32,qsf,sfh_fixed,template,tanh3,projection,0.030406375627455944,0.0010168228326013706,0.030406375627455944,0.05023846073291814,0.060423580106404834,0.0650352143105694,0,139,139
oasis,32,qsf,sfh_fixed,template,tanh3,residual,0.028337573534191654,0.0008896238529444642,0.028337573534191654,0.04916940418564421,0.05554190316988228,0.05619169617633,0,139,139
oasis,32,heat_raw18,sfh_fixed,template,tanh3,bounded_residual,0.03662680924420062,0.0015301232534569275,0.03662680924420062,0.06589647902729924,0.0774135133891653,0.0776499811040484,0,139,139
oasis,32,heat_raw18,sfh_fixed,template,tanh3,ordinary,0.038566884301932385,0.0016893774685002257,0.038566884301932385,0.06911603531051008,0.07881020907957198,0.0900100614767032,0,139,139
oasis,32,heat_raw18,sfh_fixed,template,tanh3,projection,0.038566884301932385,0.0016893774685002257,0.038566884301932385,0.06911603531051008,0.07881020907957198,0.0900100614767032,0,139,139
oasis,32,heat_raw18,sfh_fixed,template,tanh3,residual,0.03662680924420062,0.0015301232534569275,0.03662680924420062,0.06589647902729924,0.0774135133891653,0.0776499811040484,0,139,139
oasis,8,qsf,random,individual,group_floor,bounded_residual,0.09559523838741672,0.009566229123093482,0.09583308043381587,0.1272408800176052,0.1753004353930761,0.305859996406726,0,461,2085
oasis,8,qsf,random,individual,group_floor,ordinary,0.09767212797880198,0.010843828522610021,0.09775694324212032,0.12870160913993878,0.21993932751528877,1.098295704528436,1,461,2085
oasis,8,qsf,random,individual,group_floor,projection,0.09595165218625326,0.009696949010092288,0.09620756272443007,0.12814449717146117,0.20059690678720984,0.3278685233428601,0,461,2085
oasis,8,qsf,random,individual,group_floor,residual,0.09716456538604597,0.010660229835309735,0.0972049064350297,0.12804581016655514,0.19186895282843813,1.1029583130403449,1,461,2085
oasis,8,heat_raw18,random,individual,group_floor,bounded_residual,0.1068102895512124,0.011700055583564224,0.10680446065677736,0.1340255921647721,0.17321995792128794,0.2572391958814008,0,461,2085
oasis,8,heat_raw18,random,individual,group_floor,ordinary,0.10823385075429812,0.012205616649957835,0.10822758150306704,0.13589591612213633,0.20335825277940656,0.4079955041637232,0,461,2085
oasis,8,heat_raw18,random,individual,group_floor,projection,0.1073183263917086,0.011866581238680783,0.10734913848147368,0.13481213929968394,0.19093508021593372,0.2875756339372957,0,461,2085
oasis,8,heat_raw18,random,individual,group_floor,residual,0.10747985355018921,0.01192884394975364,0.10740674220175357,0.13452860075561934,0.1791963304309463,0.3712001913237056,0,461,2085
oasis,8,heat_norm18,random,individual,group_floor,bounded_residual,0.10958550984709721,0.012379311586546246,0.10962194574075643,0.1399273459499824,0.19130067481458676,0.2729889640487578,0,461,2085
oasis,8,heat_norm18,random,individual,group_floor,ordinary,0.11285953115862252,0.013595910382693536,0.11288251073524677,0.14485458792110892,0.2267333893293156,0.54159252779956,0,461,2085
oasis,8,heat_norm18,random,individual,group_floor,projection,0.1099042781211836,0.012478928456592594,0.10998252875902342,0.14070272480589605,0.19830687261112823,0.2799854203491846,0,461,2085
oasis,8,heat_norm18,random,individual,group_floor,residual,0.11248534223414138,0.013443477216917507,0.11245763543262445,0.14473899751929292,0.21906159177798745,0.5385266209796675,0,461,2085
oasis,16,qsf,random,individual,group_floor,bounded_residual,0.0710082223258746,0.005393251298327256,0.07108070351843557,0.09620847104077784,0.14042788698033387,0.3610740412115317,0,461,2085
oasis,16,qsf,random,individual,group_floor,ordinary,0.07311316569760717,0.006187693498019135,0.07312444024295742,0.09747463950044755,0.18669037169393482,0.7748452551550676,0,461,2085
oasis,16,qsf,random,individual,group_floor,projection,0.07193224354228668,0.005607507116798595,0.07203539663557025,0.09743791385347442,0.16760483196951634,0.4083268206454742,0,461,2085
oasis,16,qsf,random,individual,group_floor,residual,0.07194091166506572,0.005857013404926394,0.07190352740166878,0.09616308252037965,0.14444769404446567,0.7439547046238574,0,461,2085
oasis,16,heat_raw18,random,individual,group_floor,bounded_residual,0.08559558387148523,0.00754748723715811,0.08561949437327605,0.10863501354930105,0.14150313587628147,0.3014012508037612,0,461,2085
oasis,16,heat_raw18,random,individual,group_floor,ordinary,0.08705269231779911,0.008002091015370213,0.0870962323348913,0.10977775506514176,0.1777068570743824,0.3911426338007408,0,461,2085
oasis,16,heat_raw18,random,individual,group_floor,projection,0.08629223140125539,0.007720728478407936,0.08636029979155817,0.10899902019412082,0.15884937034367672,0.3374294651068107,0,461,2085
oasis,16,heat_raw18,random,individual,group_floor,residual,0.08598936186023264,0.007670508352972952,0.08597207707856894,0.10893840205530249,0.14241404775459712,0.3418253353569961,0,461,2085
oasis,16,heat_norm18,random,individual,group_floor,bounded_residual,0.08323378945312712,0.007281825815164328,0.0833397360584219,0.10974022796749662,0.16674632860829025,0.3783432229336754,0,461,2085
oasis,16,heat_norm18,random,individual,group_floor,ordinary,0.08782360808476206,0.009513057484591799,0.08764394340107791,0.11713024923750259,0.1920048921854893,0.8760002689562839,0,461,2085
oasis,16,heat_norm18,random,individual,group_floor,projection,0.08365564192445837,0.007359808888739365,0.08381374077435827,0.11004534799435813,0.1721502467002473,0.331908307696487,0,461,2085
oasis,16,heat_norm18,random,individual,group_floor,residual,0.08710392787633131,0.009346698764041879,0.08687302595567913,0.11691359153986308,0.18257558297012966,0.8874970993031596,0,461,2085
oasis,32,qsf,random,individual,group_floor,bounded_residual,0.054553410651474135,0.0031853264863951317,0.054696975196947516,0.07540110883667708,0.10401701528653785,0.2896691035493207,0,461,2085
oasis,32,qsf,random,individual,group_floor,ordinary,0.05660457507290904,0.003614672569430297,0.05678871714543532,0.07751252035753016,0.15985275657515788,0.2971975203238974,0,461,2085
oasis,32,qsf,random,individual,group_floor,projection,0.05551588998262742,0.0033232994943306585,0.05567538052033415,0.0765625195828337,0.12710736951565285,0.2894391371783407,0,461,2085
oasis,32,qsf,random,individual,group_floor,residual,0.05507498920667512,0.0033020210999264153,0.05520061015185574,0.07605630288218145,0.10196090407072923,0.2961374961671868,0,461,2085
oasis,32,heat_raw18,random,individual,group_floor,bounded_residual,0.07314431032804458,0.0055218586008508996,0.07313557631969798,0.09466794706370758,0.11894609630652744,0.1956427029301049,0,461,2085
oasis,32,heat_raw18,random,individual,group_floor,ordinary,0.07443867764985428,0.005853498839838231,0.0745016470171554,0.09577503911337465,0.15712554412402396,0.2680436032940547,0,461,2085
oasis,32,heat_raw18,random,individual,group_floor,projection,0.07409840427016105,0.0057156225773523,0.07413837814028888,0.09548299666545072,0.135533520100578,0.2680436032940547,0,461,2085
oasis,32,heat_raw18,random,individual,group_floor,residual,0.07328780447157092,0.005552446480058044,0.07327450321290381,0.09496169442697154,0.1197860815005394,0.1956427029301049,0,461,2085
oasis,32,heat_norm18,random,individual,group_floor,bounded_residual,0.06928516102020513,0.005219899804229402,0.06939332865472873,0.093406566217283,0.14146023851036305,0.4633366542178337,0,461,2085
oasis,32,heat_norm18,random,individual,group_floor,ordinary,0.07237684916486285,0.006259966981833632,0.07233392310707287,0.09615591572768921,0.17160209724658482,0.890134400629239,0,461,2085
oasis,32,heat_norm18,random,individual,group_floor,projection,0.06983185759887081,0.0053051386002739434,0.06996299258677502,0.09436601146005892,0.14506811113651835,0.4699113870761437,0,461,2085
oasis,32,heat_norm18,random,individual,group_floor,residual,0.0715562353124617,0.0061794216803646405,0.07147379560999141,0.09485695777914062,0.16845845283144487,0.9346710298117398,0,461,2085
