cohort,source_count,encoder,contrast,metric,paired_difference,ci95_low,ci95_high,participant_win_fraction,participants
hcp83,8,qsf,selected_robust minus random_robust,normalized_rmse,-0.010704624079467484,-0.011218751109931913,-0.01018137381120997,0.9423868312757202,729
hcp83,8,qsf,selected_robust minus random_robust,normalized_mse,-0.002888329837049616,-0.0030300292758400596,-0.0027561187775962137,0.9478737997256516,729
hcp83,8,qsf,random_robust minus random_ordinary,normalized_rmse,-0.0024704041883168272,-0.0027290377371563743,-0.0022264484455543736,0.8120713305898491,729
hcp83,8,qsf,random_robust minus random_ordinary,normalized_mse,-0.0007147633241743475,-0.0007958597519901368,-0.0006402177225146796,0.823045267489712,729
hcp83,8,qsf,ordinary_selected minus random_ordinary,normalized_rmse,-0.011553214582879284,-0.012054841667963907,-0.01105123206730706,0.9574759945130316,729
hcp83,8,qsf,ordinary_selected minus random_ordinary,normalized_mse,-0.0031698625952634066,-0.0033077502464164306,-0.0030330299968994133,0.9615912208504801,729
hcp83,8,qsf,selected_sources_ordinary minus random_ordinary,normalized_rmse,-0.011553214582879284,-0.012066947687118657,-0.011042424559470902,0.9574759945130316,729
hcp83,8,qsf,selected_sources_ordinary minus random_ordinary,normalized_mse,-0.0031698625952634066,-0.003309397184739623,-0.003033533317094182,0.9615912208504801,729
hcp83,8,qsf,selected_robust minus selected_sources_ordinary,normalized_rmse,-0.0016218136849050263,-0.0018659712102712183,-0.0013862904625927834,0.691358024691358,729
hcp83,8,qsf,selected_robust minus selected_sources_ordinary,normalized_mse,-0.00043323056596055706,-0.0005022331707883635,-0.0003688193687565798,0.6831275720164609,729
hcp83,8,qsf,selected_robust minus random_ordinary,normalized_rmse,-0.013175028267784312,-0.013739180807825739,-0.012626225943918613,0.9657064471879286,729
hcp83,8,qsf,selected_robust minus random_ordinary,normalized_mse,-0.0036030931612239634,-0.003757270773170296,-0.003442835332700363,0.9739368998628258,729
hcp83,8,qsf,spatial_robust minus selected_robust,normalized_rmse,0.0048879084860563955,0.004450459484935608,0.005328242127226003,0.18518518518518517,729
hcp83,8,qsf,spatial_robust minus selected_robust,normalized_mse,0.0012356835053272664,0.0011165422549086275,0.0013557264953628922,0.18244170096021947,729
hcp83,8,qsf,floor_random_robust minus random_robust,normalized_rmse,0.0055231455566016234,0.005307098170998889,0.005731820830880223,0.02880658436213992,729
hcp83,8,qsf,floor_random_robust minus random_robust,normalized_mse,0.0014743494982004085,0.0014101721590086516,0.0015407652291775677,0.02606310013717421,729
hcp83,8,qsf,random_robust minus template_random_robust,normalized_rmse,0.09640116933773728,0.09542825636622397,0.09737878144583949,0.0,729
hcp83,8,qsf,random_robust minus template_random_robust,normalized_mse,0.016785957087032462,0.01655914200285031,0.017023739297761867,0.0,729
hcp83,8,qsf,selected_robust minus template_selected_robust,normalized_rmse,0.08775828864990909,0.086945225676221,0.08860166574692223,0.0,729
hcp83,8,qsf,selected_robust minus template_selected_robust,normalized_mse,0.01410401821790785,0.013902909134262996,0.014314541110135949,0.0,729
hcp83,8,qsf,random_projection minus random_bounded_residual,normalized_rmse,0.0025070373985919105,0.0022462432132924317,0.002770132681938592,0.2030178326474623,729
hcp83,8,qsf,random_projection minus random_bounded_residual,normalized_mse,0.0007229450765393897,0.0006455939712896867,0.0008074733901369263,0.19615912208504802,729
hcp83,8,qsf,random_robust minus atlas_random_aligned,normalized_rmse,0.10775356975642779,0.10687894913868295,0.10866110773901308,0.0,729
hcp83,8,qsf,random_robust minus atlas_random_aligned,normalized_mse,0.017684789607110528,0.01743000944646222,0.017954679724526915,0.0,729
hcp83,8,qsf,selected_robust minus atlas_selected_aligned,normalized_rmse,0.09704747408362596,0.0962454071975188,0.0979220886347255,0.0,729
hcp83,8,qsf,selected_robust minus atlas_selected_aligned,normalized_mse,0.01480001887145087,0.014579761193828573,0.01504118426146222,0.0,729
hcp83,8,qsf,random_projection minus template_random_projection,normalized_rmse,0.09699303283760297,0.09598934692193069,0.09793885874261828,0.0,729
hcp83,8,qsf,random_projection minus template_random_projection,normalized_mse,0.01733398300158466,0.017076631360030698,0.017609798393322114,0.0,729
hcp83,8,qsf,random_bounded_residual minus template_random_bounded_residual,normalized_rmse,0.09633200725132668,0.09534466909612913,0.09731242908897504,0.0,729
hcp83,8,qsf,random_bounded_residual minus template_random_bounded_residual,normalized_mse,0.016766937906536467,0.016538218133432103,0.017009101333383327,0.0,729
hcp83,8,qsf,selected_projection minus template_selected_projection,normalized_rmse,0.08781358729774429,0.08698881810558834,0.08866923006393736,0.0,729
hcp83,8,qsf,selected_projection minus template_selected_projection,normalized_mse,0.014387962080356488,0.014172271371758227,0.01461933773474504,0.0,729
hcp83,8,qsf,selected_bounded_residual minus template_selected_bounded_residual,normalized_rmse,0.08775828864990909,0.08695998693093775,0.08856579555276596,0.0,729
hcp83,8,qsf,selected_bounded_residual minus template_selected_bounded_residual,normalized_mse,0.01410401821790785,0.013904961133877106,0.01431120370427085,0.0,729
hcp83,8,heat_raw18,selected_robust minus random_robust,normalized_rmse,-0.01018368007714464,-0.01067724607191644,-0.009718788405535918,0.9506172839506173,729
hcp83,8,heat_raw18,selected_robust minus random_robust,normalized_mse,-0.0029858566586052743,-0.003130959472997185,-0.0028438931536497168,0.9547325102880658,729
hcp83,8,heat_raw18,random_robust minus random_ordinary,normalized_rmse,-0.0031780956021018212,-0.00342125014387061,-0.002946208390807041,0.9314128943758574,729
hcp83,8,heat_raw18,random_robust minus random_ordinary,normalized_mse,-0.000991733332303605,-0.0010774506380953263,-0.0009102852687198805,0.9300411522633745,729
hcp83,8,heat_raw18,ordinary_selected minus random_ordinary,normalized_rmse,-0.010757072674692133,-0.011272210106673137,-0.010223944428442086,0.9465020576131687,729
hcp83,8,heat_raw18,ordinary_selected minus random_ordinary,normalized_mse,-0.003225408023814981,-0.0033826091444323714,-0.0030681927759171313,0.9519890260631001,729
hcp83,8,heat_raw18,selected_sources_ordinary minus random_ordinary,normalized_rmse,-0.010299235555853204,-0.010813840718790933,-0.009813946120065743,0.9451303155006858,729
hcp83,8,heat_raw18,selected_sources_ordinary minus random_ordinary,normalized_mse,-0.0031091451567889787,-0.0032654385133683277,-0.0029598152614446955,0.9547325102880658,729
hcp83,8,heat_raw18,selected_robust minus selected_sources_ordinary,normalized_rmse,-0.0030625401233932556,-0.0032908708293716347,-0.002845657923692779,0.9314128943758574,729
hcp83,8,heat_raw18,selected_robust minus selected_sources_ordinary,normalized_mse,-0.0008684448341199004,-0.0009463436189014921,-0.0007987614043005839,0.9245541838134431,729
hcp83,8,heat_raw18,selected_robust minus random_ordinary,normalized_rmse,-0.013361775679246459,-0.013901233705139661,-0.012832345919131606,0.9835390946502057,729
hcp83,8,heat_raw18,selected_robust minus random_ordinary,normalized_mse,-0.003977589990908879,-0.0041459912936836225,-0.003805304613712178,0.9849108367626886,729
hcp83,8,heat_raw18,spatial_robust minus selected_robust,normalized_rmse,0.004843908801798091,0.004378177699253099,0.005290364320990751,0.18792866941015088,729
hcp83,8,heat_raw18,spatial_robust minus selected_robust,normalized_mse,0.0014022892499869937,0.001272179544408231,0.0015321911470610684,0.1755829903978052,729
hcp83,8,heat_raw18,floor_random_robust minus random_robust,normalized_rmse,0.00016807746824801231,-8.992154722917194e-05,0.0004405382047955059,0.46227709190672156,729
hcp83,8,heat_raw18,floor_random_robust minus random_robust,normalized_mse,5.826920975964599e-05,-2.559665732774797e-05,0.00014224454469142519,0.46502057613168724,729
hcp83,8,heat_raw18,random_robust minus template_random_robust,normalized_rmse,0.10963078615917769,0.10867267347303643,0.11062508928820487,0.0,729
hcp83,8,heat_raw18,random_robust minus template_random_robust,normalized_mse,0.020497374754326253,0.020275952798059698,0.020725507043714862,0.0,729
hcp83,8,heat_raw18,selected_robust minus template_selected_robust,normalized_rmse,0.10151830653181905,0.10072142862176495,0.10233458125425861,0.0,729
hcp83,8,heat_raw18,selected_robust minus template_selected_robust,normalized_mse,0.017729312257898925,0.01753869116251701,0.017927902285901107,0.0,729
hcp83,8,heat_raw18,random_projection minus random_bounded_residual,normalized_rmse,0.002970759057281924,0.002748496438257218,0.0032035294278205846,0.06584362139917696,729
hcp83,8,heat_raw18,random_projection minus random_bounded_residual,normalized_mse,0.0009151983928523625,0.0008425597007684029,0.0009906571856592452,0.06858710562414266,729
hcp83,8,heat_raw18,random_robust minus atlas_random_aligned,normalized_rmse,0.12176254596248946,0.12100813643476177,0.12251843579042693,0.0,729
hcp83,8,heat_raw18,random_robust minus atlas_random_aligned,normalized_mse,0.02145735939077904,0.021223360404139316,0.021700418673834578,0.0,729
hcp83,8,heat_raw18,selected_robust minus atlas_selected_aligned,normalized_rmse,0.11230850248619904,0.11161936170490219,0.11302017266726837,0.0,729
hcp83,8,heat_raw18,selected_robust minus atlas_selected_aligned,normalized_mse,0.018516726506399548,0.018302550241786907,0.01873235772724117,0.0,729
hcp83,8,heat_raw18,random_projection minus template_random_projection,normalized_rmse,0.11082658816832323,0.10989068968638757,0.11177917678165626,0.0,729
hcp83,8,heat_raw18,random_projection minus template_random_projection,normalized_mse,0.021257455022309288,0.021017300701318964,0.02149412757321591,0.0,729
hcp83,8,heat_raw18,random_bounded_residual minus template_random_bounded_residual,normalized_rmse,0.10963078615917769,0.10864366908853816,0.11057965824570233,0.0,729
hcp83,8,heat_raw18,random_bounded_residual minus template_random_bounded_residual,normalized_mse,0.020497374754326253,0.020279671924059384,0.020733748837758293,0.0,729
hcp83,8,heat_raw18,selected_projection minus template_selected_projection,normalized_rmse,0.1028091668045022,0.10202694784000953,0.10359724079952376,0.0,729
hcp83,8,heat_raw18,selected_projection minus template_selected_projection,normalized_mse,0.01836830090938632,0.018168139343637566,0.018573426243870927,0.0,729
hcp83,8,heat_raw18,selected_bounded_residual minus template_selected_bounded_residual,normalized_rmse,0.10151830653181905,0.10073369703863178,0.10230093628921828,0.0,729
hcp83,8,heat_raw18,selected_bounded_residual minus template_selected_bounded_residual,normalized_mse,0.017729312257898925,0.01754169523747671,0.017930180944360316,0.0,729
hcp83,8,heat_norm18,selected_robust minus random_robust,normalized_rmse,-0.012456206545551428,-0.012975970564480598,-0.011940826349150427,0.9794238683127572,729
hcp83,8,heat_norm18,selected_robust minus random_robust,normalized_mse,-0.0038668639034573934,-0.004035555857541908,-0.0037018388267226476,0.9807956104252401,729
hcp83,8,heat_norm18,random_robust minus random_ordinary,normalized_rmse,-0.002713951767841112,-0.002915987106851952,-0.0025262277222174658,0.9465020576131687,729
hcp83,8,heat_norm18,random_robust minus random_ordinary,normalized_mse,-0.0008910241048500978,-0.0009674057930022117,-0.000819478706461036,0.943758573388203,729
hcp83,8,heat_norm18,ordinary_selected minus random_ordinary,normalized_rmse,-0.013660994747463103,-0.014226680826718048,-0.013102096821739625,0.9780521262002744,729
hcp83,8,heat_norm18,ordinary_selected minus random_ordinary,normalized_mse,-0.004319606697426759,-0.0045071933596581805,-0.0041382986565103135,0.9794238683127572,729
hcp83,8,heat_norm18,selected_sources_ordinary minus random_ordinary,normalized_rmse,-0.013486737169819612,-0.014022076992836344,-0.012933841007651003,0.99039780521262,729
hcp83,8,heat_norm18,selected_sources_ordinary minus random_ordinary,normalized_mse,-0.004260734592703398,-0.004449065293532084,-0.004081245509912182,0.9917695473251029,729
hcp83,8,heat_norm18,selected_robust minus selected_sources_ordinary,normalized_rmse,-0.0016834211435729275,-0.0018557207226742698,-0.0015074851573157872,0.8299039780521262,729
hcp83,8,heat_norm18,selected_robust minus selected_sources_ordinary,normalized_mse,-0.0004971534156040936,-0.0005560485595969279,-0.0004420103874003784,0.8285322359396433,729
hcp83,8,heat_norm18,selected_robust minus random_ordinary,normalized_rmse,-0.015170158313392539,-0.015698729047484417,-0.01462301357598047,0.9917695473251029,729
hcp83,8,heat_norm18,selected_robust minus random_ordinary,normalized_mse,-0.004757888008307492,-0.0049493479606518,-0.004573184449674947,0.9917695473251029,729
hcp83,8,heat_norm18,spatial_robust minus selected_robust,normalized_rmse,0.0037510252415641912,0.0032449805029088267,0.004257793844493843,0.2661179698216735,729
hcp83,8,heat_norm18,spatial_robust minus selected_robust,normalized_mse,0.0011293828052749565,0.0009762421313103373,0.0012868079827338666,0.24828532235939643,729
hcp83,8,heat_norm18,floor_random_robust minus random_robust,normalized_rmse,-0.0016971768489266181,-0.0019446319758469803,-0.0014383196805293956,0.7215363511659808,729
hcp83,8,heat_norm18,floor_random_robust minus random_robust,normalized_mse,-0.0004962201360749169,-0.0005809374835863901,-0.0004108949430384673,0.7050754458161865,729
hcp83,8,heat_norm18,random_robust minus template_random_robust,normalized_rmse,0.11593891003178386,0.11491315190354254,0.11695357558621532,0.0,729
hcp83,8,heat_norm18,random_robust minus template_random_robust,normalized_mse,0.022429388674884573,0.022170690256231012,0.022695605840797363,0.0,729
hcp83,8,heat_norm18,selected_robust minus template_selected_robust,normalized_rmse,0.10492868784969411,0.10406178004436407,0.10581802221020649,0.0,729
hcp83,8,heat_norm18,selected_robust minus template_selected_robust,normalized_mse,0.018709431171486005,0.01850745050217982,0.0189328668447561,0.0,729
hcp83,8,heat_norm18,random_projection minus random_bounded_residual,normalized_rmse,0.0017603711780169828,0.0015953151785689848,0.0019297331010610069,0.11385459533607682,729
hcp83,8,heat_norm18,random_projection minus random_bounded_residual,normalized_mse,0.0005551377288494407,0.0004955997028780975,0.0006162632820622926,0.1083676268861454,729
hcp83,8,heat_norm18,random_robust minus atlas_random_aligned,normalized_rmse,0.12763111736301735,0.1268321093767446,0.12846278734318664,0.0,729
hcp83,8,heat_norm18,random_robust minus atlas_random_aligned,normalized_mse,0.02336673733165237,0.02308070090192346,0.023651522461774384,0.0,729
hcp83,8,heat_norm18,selected_robust minus atlas_selected_aligned,normalized_rmse,0.11529469414821639,0.11452429739276541,0.11605504535524917,0.0,729
hcp83,8,heat_norm18,selected_robust minus atlas_selected_aligned,normalized_mse,0.019510157134135536,0.019273975015418436,0.01975213855779109,0.0,729
hcp83,8,heat_norm18,random_projection minus template_random_projection,normalized_rmse,0.11588297472514128,0.11488147804388474,0.11685001790928101,0.0,729
hcp83,8,heat_norm18,random_projection minus template_random_projection,normalized_mse,0.022828647971129355,0.02257717436346211,0.023085157557895065,0.0,729
hcp83,8,heat_norm18,random_bounded_residual minus template_random_bounded_residual,normalized_rmse,0.11593891003178386,0.11491667540394168,0.11696881871522107,0.0,729
hcp83,8,heat_norm18,random_bounded_residual minus template_random_bounded_residual,normalized_mse,0.022429388674884573,0.022167559816448395,0.02269577943314002,0.0,729
hcp83,8,heat_norm18,selected_projection minus template_selected_projection,normalized_rmse,0.10469333707304179,0.10386408088531401,0.10554765812960451,0.0,729
hcp83,8,heat_norm18,selected_projection minus template_selected_projection,normalized_mse,0.01898097538866976,0.018775999401513897,0.019201122001719393,0.0,729
hcp83,8,heat_norm18,selected_bounded_residual minus template_selected_bounded_residual,normalized_rmse,0.10492868784969411,0.10405613713243221,0.1058166265207231,0.0,729
hcp83,8,heat_norm18,selected_bounded_residual minus template_selected_bounded_residual,normalized_mse,0.018709431171486005,0.0185044462775398,0.018924934199666517,0.0,729
hcp83,8,matched_representation,random_robust: qsf minus heat_raw18,normalized_rmse,-0.014008976206061683,-0.01442612860340833,-0.01359997102741984,0.9794238683127572,729
hcp83,8,matched_representation,random_robust: qsf minus heat_raw18,normalized_mse,-0.003772569783668515,-0.00388479318763215,-0.0036566453884225017,0.9780521262002744,729
hcp83,8,matched_representation,random_robust: qsf minus heat_norm18,normalized_rmse,-0.01987754760658957,-0.020346203854729423,-0.01940906017404327,0.9945130315500685,729
hcp83,8,matched_representation,random_robust: qsf minus heat_norm18,normalized_mse,-0.005681947724541844,-0.0058264358610208965,-0.0055404246898853255,0.9917695473251029,729
hcp83,8,matched_representation,selected_robust: qsf minus heat_raw18,normalized_rmse,-0.014529920208384528,-0.014935432225683403,-0.014110663780008604,0.9794238683127572,729
hcp83,8,matched_representation,selected_robust: qsf minus heat_raw18,normalized_mse,-0.0036750429621128567,-0.0037883059973521796,-0.003557686638034375,0.9794238683127572,729
hcp83,8,matched_representation,selected_robust: qsf minus heat_norm18,normalized_rmse,-0.018125965140505622,-0.0185492899433197,-0.01770704356771145,0.9972565157750343,729
hcp83,8,matched_representation,selected_robust: qsf minus heat_norm18,normalized_mse,-0.004703413658134065,-0.0048218857575933,-0.004584507581085424,0.9972565157750343,729
hcp83,16,qsf,selected_robust minus random_robust,normalized_rmse,-0.008721762559320612,-0.00912666489322929,-0.008329086451310015,0.9643347050754458,729
hcp83,16,qsf,selected_robust minus random_robust,normalized_mse,-0.0020737440459537137,-0.002174868031321347,-0.0019722208572509462,0.9657064471879286,729
hcp83,16,qsf,random_robust minus random_ordinary,normalized_rmse,-0.0032239013457335585,-0.003474917937993803,-0.0029780987957747865,0.9204389574759945,729
hcp83,16,qsf,random_robust minus random_ordinary,normalized_mse,-0.0008044302247573621,-0.000874545342699219,-0.0007377619397261779,0.9245541838134431,729
hcp83,16,qsf,ordinary_selected minus random_ordinary,normalized_rmse,-0.009551153880384656,-0.009965666403792763,-0.009154869406305497,0.9657064471879286,729
hcp83,16,qsf,ordinary_selected minus random_ordinary,normalized_mse,-0.002329923961233744,-0.002433834439972675,-0.0022237453778701376,0.9670781893004116,729
hcp83,16,qsf,selected_sources_ordinary minus random_ordinary,normalized_rmse,-0.009341854123941777,-0.009745473947339994,-0.008931503631776864,0.9615912208504801,729
hcp83,16,qsf,selected_sources_ordinary minus random_ordinary,normalized_mse,-0.002282056350571839,-0.002388584534881337,-0.0021732543958871823,0.9615912208504801,729
hcp83,16,qsf,selected_robust minus selected_sources_ordinary,normalized_rmse,-0.002603809781112392,-0.002848937539498431,-0.002372425505366277,0.8353909465020576,729
hcp83,16,qsf,selected_robust minus selected_sources_ordinary,normalized_mse,-0.0005961179201392368,-0.0006562121032688923,-0.0005370707881182396,0.8381344307270233,729
hcp83,16,qsf,selected_robust minus random_ordinary,normalized_rmse,-0.01194566390505417,-0.012436119625224564,-0.011471947595836413,0.9821673525377229,729
hcp83,16,qsf,selected_robust minus random_ordinary,normalized_mse,-0.002878174270711076,-0.00301141027892989,-0.002750470075874754,0.9821673525377229,729
hcp83,16,qsf,spatial_robust minus selected_robust,normalized_rmse,0.0010218768329839398,0.0007623908854330887,0.0012840262804279202,0.37585733882030176,729
hcp83,16,qsf,spatial_robust minus selected_robust,normalized_mse,0.00016700303123943765,0.0001087568983461736,0.00022689671508798435,0.40054869684499317,729
hcp83,16,qsf,floor_random_robust minus random_robust,normalized_rmse,0.005603487769566521,0.005320558370068058,0.005945592179202163,0.024691358024691357,729
hcp83,16,qsf,floor_random_robust minus random_robust,normalized_mse,0.0013481905959964397,0.0012535450121615582,0.0014762932713360767,0.02194787379972565,729
hcp83,16,qsf,random_robust minus template_random_robust,normalized_rmse,0.08493893489195338,0.0840554350393665,0.0858444568186907,0.0,729
hcp83,16,qsf,random_robust minus template_random_robust,normalized_mse,0.013279935641421374,0.013091068261659245,0.013479620779691363,0.0,729
hcp83,16,qsf,selected_robust minus template_selected_robust,normalized_rmse,0.07874826645192075,0.07802478317860793,0.0794938876784186,0.0,729
hcp83,16,qsf,selected_robust minus template_selected_robust,normalized_mse,0.011434929311535261,0.011284301741107082,0.011592510250104835,0.0,729
hcp83,16,qsf,random_projection minus random_bounded_residual,normalized_rmse,0.003038016963689332,0.0027955994518048303,0.0032806931705157763,0.08916323731138547,729
hcp83,16,qsf,random_projection minus random_bounded_residual,normalized_mse,0.0007523796276233547,0.0006887746313545701,0.000821634210010622,0.08367626886145405,729
hcp83,16,qsf,random_robust minus atlas_random_aligned,normalized_rmse,0.09455082270305268,0.09378198157337965,0.09537112600772119,0.0,729
hcp83,16,qsf,random_robust minus atlas_random_aligned,normalized_mse,0.013983476911795264,0.0137741432737071,0.014199336772238962,0.0,729
hcp83,16,qsf,selected_robust minus atlas_selected_aligned,normalized_rmse,0.08624570851266593,0.08554834693247859,0.08697999448591898,0.0,729
hcp83,16,qsf,selected_robust minus atlas_selected_aligned,normalized_mse,0.011933509208360978,0.011766471940590956,0.012110153528244768,0.0,729
hcp83,16,qsf,random_projection minus template_random_projection,normalized_rmse,0.0862853370329383,0.085412639902804,0.08717774533072956,0.0,729
hcp83,16,qsf,random_projection minus template_random_projection,normalized_mse,0.013901985901433355,0.013698523025269058,0.014111348981243778,0.0,729
hcp83,16,qsf,random_bounded_residual minus template_random_bounded_residual,normalized_rmse,0.08493893489195338,0.08403140216272277,0.08584533398868559,0.0,729
hcp83,16,qsf,random_bounded_residual minus template_random_bounded_residual,normalized_mse,0.013279935641421374,0.013088476744846598,0.013472714077188341,0.0,729
hcp83,16,qsf,selected_projection minus template_selected_projection,normalized_rmse,0.07994977217202458,0.07919023824889876,0.0806966980617046,0.0,729
hcp83,16,qsf,selected_projection minus template_selected_projection,normalized_mse,0.011913275172488275,0.011746809720382716,0.012087021837534241,0.0,729
hcp83,16,qsf,selected_bounded_residual minus template_selected_bounded_residual,normalized_rmse,0.07874826645192075,0.07800177047229678,0.07951141519114145,0.0,729
hcp83,16,qsf,selected_bounded_residual minus template_selected_bounded_residual,normalized_mse,0.011434929311535261,0.011282133513421153,0.011589679859340412,0.0,729
hcp83,16,heat_raw18,selected_robust minus random_robust,normalized_rmse,-0.010285057820158903,-0.01069680893542769,-0.009891066427972378,0.9725651577503429,729
hcp83,16,heat_raw18,selected_robust minus random_robust,normalized_mse,-0.0027330011498661972,-0.002844691691412284,-0.0026239076975670657,0.9725651577503429,729
hcp83,16,heat_raw18,random_robust minus random_ordinary,normalized_rmse,-0.0035788779511977302,-0.0038342038614287157,-0.003343524923172393,0.9684499314128944,729
hcp83,16,heat_raw18,random_robust minus random_ordinary,normalized_mse,-0.001009088894529788,-0.001092254994338145,-0.0009315070093824692,0.9725651577503429,729
hcp83,16,heat_raw18,ordinary_selected minus random_ordinary,normalized_rmse,-0.010939393738126316,-0.011352482920004176,-0.010528405278291957,0.9766803840877915,729
hcp83,16,heat_raw18,ordinary_selected minus random_ordinary,normalized_mse,-0.0029743711120234534,-0.003104611095742557,-0.0028399945548949696,0.9794238683127572,729
hcp83,16,heat_raw18,selected_sources_ordinary minus random_ordinary,normalized_rmse,-0.010939393738126316,-0.011354159471654692,-0.010523638068164054,0.9766803840877915,729
hcp83,16,heat_raw18,selected_sources_ordinary minus random_ordinary,normalized_mse,-0.0029743711120234534,-0.003103894325266531,-0.0028493992882564416,0.9794238683127572,729
hcp83,16,heat_raw18,selected_robust minus selected_sources_ordinary,normalized_rmse,-0.002924542033230317,-0.003169736970757206,-0.002680606018749042,0.8998628257887518,729
hcp83,16,heat_raw18,selected_robust minus selected_sources_ordinary,normalized_mse,-0.0007677189323725316,-0.0008429011323614308,-0.0006965737955259305,0.8943758573388203,729
hcp83,16,heat_raw18,selected_robust minus random_ordinary,normalized_rmse,-0.013863935771356634,-0.014332389071208528,-0.013404757388170206,0.9931412894375857,729
hcp83,16,heat_raw18,selected_robust minus random_ordinary,normalized_mse,-0.0037420900443959856,-0.003889133739619417,-0.0036044845664519438,0.9945130315500685,729
hcp83,16,heat_raw18,spatial_robust minus selected_robust,normalized_rmse,0.0026954422814886125,0.0023450980314631458,0.0030330733716168296,0.2578875171467764,729
hcp83,16,heat_raw18,spatial_robust minus selected_robust,normalized_mse,0.0006133266718633442,0.0005234991211635921,0.0007031616590041633,0.2661179698216735,729
hcp83,16,heat_raw18,floor_random_robust minus random_robust,normalized_rmse,0.0010121818712005978,0.0007510129493253102,0.0012834612933289565,0.35665294924554186,729
hcp83,16,heat_raw18,floor_random_robust minus random_robust,normalized_mse,0.00023856576645208858,0.0001641158266955802,0.0003122358912483894,0.355281207133059,729
hcp83,16,heat_raw18,random_robust minus template_random_robust,normalized_rmse,0.09993192941206713,0.09901574896422166,0.10086832049787053,0.0,729
hcp83,16,heat_raw18,random_robust minus template_random_robust,normalized_mse,0.017133068160722905,0.016932599515381577,0.01733373237038314,0.0,729
hcp83,16,heat_raw18,selected_robust minus template_selected_robust,normalized_rmse,0.09329596094703653,0.09244812920518433,0.09411759055980162,0.0,729
hcp83,16,heat_raw18,selected_robust minus template_selected_robust,normalized_mse,0.014713625207699563,0.014532252704064493,0.014899964685648545,0.0,729
hcp83,16,heat_raw18,random_projection minus random_bounded_residual,normalized_rmse,0.0030672318005255145,0.002873767614839272,0.003276353132842749,0.04526748971193416,729
hcp83,16,heat_raw18,random_projection minus random_bounded_residual,normalized_mse,0.0008516878170383521,0.0007895585903759919,0.0009151491551198651,0.039780521262002745,729
hcp83,16,heat_raw18,random_robust minus atlas_random_aligned,normalized_rmse,0.11077368819147279,0.11001856051042615,0.11154772716399304,0.0,729
hcp83,16,heat_raw18,random_robust minus atlas_random_aligned,normalized_mse,0.017937486651823365,0.017726724768548887,0.018164821076398312,0.0,729
hcp83,16,heat_raw18,selected_robust minus atlas_selected_aligned,normalized_rmse,0.10105565769792373,0.10033341533266782,0.10180614001371247,0.0,729
hcp83,16,heat_raw18,selected_robust minus atlas_selected_aligned,normalized_mse,0.015235664473184566,0.015040706378671541,0.015433254857144894,0.0,729
hcp83,16,heat_raw18,random_projection minus template_random_projection,normalized_rmse,0.10113781721746508,0.10023714643424168,0.10202008362099019,0.0,729
hcp83,16,heat_raw18,random_projection minus template_random_projection,normalized_mse,0.01783422987062913,0.01762538976667107,0.018044270495873035,0.0,729
hcp83,16,heat_raw18,random_bounded_residual minus template_random_bounded_residual,normalized_rmse,0.09993192941206713,0.09899905594296805,0.10084862976492312,0.0,729
hcp83,16,heat_raw18,random_bounded_residual minus template_random_bounded_residual,normalized_mse,0.017133068160722905,0.016935877958468182,0.01734519324857057,0.0,729
hcp83,16,heat_raw18,selected_projection minus template_selected_projection,normalized_rmse,0.09435513196931238,0.0935251231465956,0.0952252680938936,0.0,729
hcp83,16,heat_raw18,selected_projection minus template_selected_projection,normalized_mse,0.015279693118095352,0.01508249539739557,0.015491523469166716,0.0,729
hcp83,16,heat_raw18,selected_bounded_residual minus template_selected_bounded_residual,normalized_rmse,0.09329596094703653,0.09244891121293841,0.0941409719756636,0.0,729
hcp83,16,heat_raw18,selected_bounded_residual minus template_selected_bounded_residual,normalized_mse,0.014713625207699563,0.014530810281453891,0.014908499614992505,0.0,729
hcp83,16,heat_norm18,selected_robust minus random_robust,normalized_rmse,-0.013679793226820029,-0.014139107740670731,-0.013223660702063333,0.9931412894375857,729
hcp83,16,heat_norm18,selected_robust minus random_robust,normalized_mse,-0.003681167019092207,-0.0038169362861152794,-0.0035486797026147857,0.9931412894375857,729
hcp83,16,heat_norm18,random_robust minus random_ordinary,normalized_rmse,-0.002600286953790397,-0.002809173694587862,-0.002394342565757139,0.9492455418381345,729
hcp83,16,heat_norm18,random_robust minus random_ordinary,normalized_mse,-0.0007796751163723754,-0.0008608096227184336,-0.0007065960470418257,0.9519890260631001,729
hcp83,16,heat_norm18,ordinary_selected minus random_ordinary,normalized_rmse,-0.013703247875961215,-0.014201618230119055,-0.013214428636146422,0.9890260631001372,729
hcp83,16,heat_norm18,ordinary_selected minus random_ordinary,normalized_mse,-0.003786952599767526,-0.003955634131347003,-0.003627495917082295,0.9890260631001372,729
hcp83,16,heat_norm18,selected_sources_ordinary minus random_ordinary,normalized_rmse,-0.013624107237873525,-0.014116194517797517,-0.013136754561097889,0.9890260631001372,729
hcp83,16,heat_norm18,selected_sources_ordinary minus random_ordinary,normalized_mse,-0.0037640330061098778,-0.003936446313647387,-0.003606608937036772,0.9890260631001372,729
hcp83,16,heat_norm18,selected_robust minus selected_sources_ordinary,normalized_rmse,-0.0026559729427368985,-0.0028634203494166837,-0.0024578757157820937,0.9245541838134431,729
hcp83,16,heat_norm18,selected_robust minus selected_sources_ordinary,normalized_mse,-0.000696809129354704,-0.0007550819726581141,-0.0006392912836749082,0.9314128943758574,729
hcp83,16,heat_norm18,selected_robust minus random_ordinary,normalized_rmse,-0.016280080180610425,-0.016811868356294262,-0.015780398522178787,0.9972565157750343,729
hcp83,16,heat_norm18,selected_robust minus random_ordinary,normalized_mse,-0.004460842135464582,-0.004640805955489665,-0.00429005037294633,0.9958847736625515,729
hcp83,16,heat_norm18,spatial_robust minus selected_robust,normalized_rmse,0.0034048576142069647,0.0030527567490052443,0.0037688298907993566,0.23731138545953362,729
hcp83,16,heat_norm18,spatial_robust minus selected_robust,normalized_mse,0.0007611845930020413,0.0006701356763357524,0.0008519553183623627,0.252400548696845,729
hcp83,16,heat_norm18,floor_random_robust minus random_robust,normalized_rmse,-0.002265764467614697,-0.002494404719364666,-0.0020463771407665263,0.8299039780521262,729
hcp83,16,heat_norm18,floor_random_robust minus random_robust,normalized_mse,-0.0005987556099681728,-0.000667623594952725,-0.0005307122799591508,0.8203017832647462,729
hcp83,16,heat_norm18,random_robust minus template_random_robust,normalized_rmse,0.1021516651337781,0.10117538852700679,0.1031177803080023,0.0,729
hcp83,16,heat_norm18,random_robust minus template_random_robust,normalized_mse,0.017947270590354968,0.017728482627133772,0.018171998797333846,0.0,729
hcp83,16,heat_norm18,selected_robust minus template_selected_robust,normalized_rmse,0.09193883575985294,0.09109871105349127,0.0927817808635636,0.0,729
hcp83,16,heat_norm18,selected_robust minus template_selected_robust,normalized_mse,0.014572497523239133,0.0144008324187268,0.014753477431516901,0.0,729
hcp83,16,heat_norm18,random_projection minus random_bounded_residual,normalized_rmse,0.0017852588300979434,0.0016062021091631325,0.00196026748136814,0.09465020576131687,729
hcp83,16,heat_norm18,random_projection minus random_bounded_residual,normalized_mse,0.000507468506337476,0.00044871951743311815,0.0005638552540374413,0.09465020576131687,729
hcp83,16,heat_norm18,random_robust minus atlas_random_aligned,normalized_rmse,0.11359032150782679,0.11279117559940471,0.11437802209559757,0.0,729
hcp83,16,heat_norm18,random_robust minus atlas_random_aligned,normalized_mse,0.018804902641125602,0.018568758969360825,0.01904336701568403,0.0,729
hcp83,16,heat_norm18,selected_robust minus atlas_selected_aligned,normalized_rmse,0.10046064668994865,0.09973593803012643,0.10115047804470433,0.0,729
hcp83,16,heat_norm18,selected_robust minus atlas_selected_aligned,normalized_mse,0.015153823807134132,0.014965813505120044,0.015351200029498944,0.0,729
hcp83,16,heat_norm18,random_projection minus template_random_projection,normalized_rmse,0.10199787169723587,0.10109074718569053,0.10291012139904163,0.0,729
hcp83,16,heat_norm18,random_projection minus template_random_projection,normalized_mse,0.01829675366421639,0.018079698914562133,0.018511424142989803,0.0,729
hcp83,16,heat_norm18,random_bounded_residual minus template_random_bounded_residual,normalized_rmse,0.1021516651337781,0.10117596415595309,0.10314663713798149,0.0,729
hcp83,16,heat_norm18,random_bounded_residual minus template_random_bounded_residual,normalized_mse,0.017947270590354968,0.01772917687985829,0.018165931923125794,0.0,729
hcp83,16,heat_norm18,selected_projection minus template_selected_projection,normalized_rmse,0.0922400487896073,0.09139371131519342,0.09308768253147087,0.0,729
hcp83,16,heat_norm18,selected_projection minus template_selected_projection,normalized_mse,0.01493580256163184,0.014749202364885304,0.015119495056299026,0.0,729
hcp83,16,heat_norm18,selected_bounded_residual minus template_selected_bounded_residual,normalized_rmse,0.09193883575985294,0.0910904657586019,0.09274937494690001,0.0,729
hcp83,16,heat_norm18,selected_bounded_residual minus template_selected_bounded_residual,normalized_mse,0.014572497523239133,0.014393525298157241,0.014755524777347618,0.0,729
hcp83,16,matched_representation,random_robust: qsf minus heat_raw18,normalized_rmse,-0.016222865488420116,-0.01657988537401546,-0.01585362621781428,0.9958847736625515,729
hcp83,16,matched_representation,random_robust: qsf minus heat_raw18,normalized_mse,-0.003954009740028103,-0.0040470380508591955,-0.0038611032401517074,0.9945130315500685,729
hcp83,16,matched_representation,random_robust: qsf minus heat_norm18,normalized_rmse,-0.019039498804774124,-0.01942925014113991,-0.018655762564915662,0.9986282578875172,729
hcp83,16,matched_representation,random_robust: qsf minus heat_norm18,normalized_mse,-0.004821425729330338,-0.004932572000368639,-0.004714497506703683,1.0,729
hcp83,16,matched_representation,selected_robust: qsf minus heat_raw18,normalized_rmse,-0.014659570227581823,-0.015018554809551088,-0.014292010861825851,0.9945130315500685,729
hcp83,16,matched_representation,selected_robust: qsf minus heat_raw18,normalized_mse,-0.00329475263611562,-0.0033859390005956543,-0.00320238867431002,0.9945130315500685,729
hcp83,16,matched_representation,selected_robust: qsf minus heat_norm18,normalized_rmse,-0.014081468137274707,-0.014464085650284059,-0.0137043412041106,0.9876543209876543,729
hcp83,16,matched_representation,selected_robust: qsf minus heat_norm18,normalized_mse,-0.0032140027561918458,-0.0033080962194646,-0.0031231580627131906,0.9876543209876543,729
hcp83,32,qsf,selected_robust minus random_robust,normalized_rmse,-0.004483143871924407,-0.004692029116160079,-0.004271028344232631,0.9684499314128944,729
hcp83,32,qsf,selected_robust minus random_robust,normalized_mse,-0.0008759662978749683,-0.000923626753334821,-0.0008298520872135668,0.9574759945130316,729
hcp83,32,qsf,random_robust minus random_ordinary,normalized_rmse,-0.003292966454295979,-0.0035506908424891843,-0.003047633033022741,0.934156378600823,729
hcp83,32,qsf,random_robust minus random_ordinary,normalized_mse,-0.0007288527814375245,-0.0007989318188330821,-0.0006649666810597973,0.9465020576131687,729
hcp83,32,qsf,ordinary_selected minus random_ordinary,normalized_rmse,-0.00470259097787637,-0.004931391954337278,-0.004480379895144976,0.9698216735253772,729
hcp83,32,qsf,ordinary_selected minus random_ordinary,normalized_mse,-0.0009631646424424723,-0.0010273887679318023,-0.000907894358597447,0.9684499314128944,729
hcp83,32,qsf,selected_sources_ordinary minus random_ordinary,normalized_rmse,-0.004565850516214529,-0.004792129252668253,-0.004353907731009368,0.9670781893004116,729
hcp83,32,qsf,selected_sources_ordinary minus random_ordinary,normalized_mse,-0.0009346156278994762,-0.0009995331524388677,-0.0008783948323189384,0.9684499314128944,729
hcp83,32,qsf,selected_robust minus selected_sources_ordinary,normalized_rmse,-0.0032102598100058563,-0.003455454942304775,-0.0029896154351247086,0.9465020576131687,729
hcp83,32,qsf,selected_robust minus selected_sources_ordinary,normalized_mse,-0.0006702034514130167,-0.000726169737684009,-0.0006182556576123649,0.9465020576131687,729
hcp83,32,qsf,selected_robust minus random_ordinary,normalized_rmse,-0.007776110326220385,-0.00813030334718478,-0.007433382906733626,0.9945130315500685,729
hcp83,32,qsf,selected_robust minus random_ordinary,normalized_mse,-0.001604819079312493,-0.0017048529729784127,-0.0015146554785442766,0.9945130315500685,729
hcp83,32,qsf,spatial_robust minus selected_robust,normalized_rmse,0.0024434655919654755,0.0022721144435518684,0.0026181255360058575,0.13031550068587106,729
hcp83,32,qsf,spatial_robust minus selected_robust,normalized_mse,0.00044138567300114107,0.00040509398988594885,0.00047815533336811503,0.1412894375857339,729
hcp83,32,qsf,floor_random_robust minus random_robust,normalized_rmse,0.00443173966669349,0.004226891718299809,0.0046486112786199504,0.02194787379972565,729
hcp83,32,qsf,floor_random_robust minus random_robust,normalized_mse,0.0009383296656894785,0.0008836687918596734,0.0009993747506409668,0.02606310013717421,729
hcp83,32,qsf,random_robust minus template_random_robust,normalized_rmse,0.07479207522994825,0.07403048514241754,0.07554310548894252,0.0,729
hcp83,32,qsf,random_robust minus template_random_robust,normalized_mse,0.01043881889123417,0.010294754193455572,0.010588253946175314,0.0,729
hcp83,32,qsf,selected_robust minus template_selected_robust,normalized_rmse,0.07155991818409263,0.07085412191517587,0.07227476942094267,0.0,729
hcp83,32,qsf,selected_robust minus template_selected_robust,normalized_mse,0.009652885526829597,0.009526116511132101,0.009788199276630532,0.0,729
hcp83,32,qsf,random_projection minus random_bounded_residual,normalized_rmse,0.00315213970406052,0.002921089141684366,0.003393402760639614,0.06721536351165981,729
hcp83,32,qsf,random_projection minus random_bounded_residual,normalized_mse,0.0006867024162537327,0.0006309745191544418,0.0007443706958376024,0.05212620027434842,729
hcp83,32,qsf,random_robust minus atlas_random_aligned,normalized_rmse,0.08166757813126602,0.08098040165334612,0.08236177514306506,0.0,729
hcp83,32,qsf,random_robust minus atlas_random_aligned,normalized_mse,0.010893891001815703,0.010737349332454777,0.011055988527790448,0.0,729
hcp83,32,qsf,selected_robust minus atlas_selected_aligned,normalized_rmse,0.07743648033529031,0.07679475344573686,0.07810053686575134,0.0,729
hcp83,32,qsf,selected_robust minus atlas_selected_aligned,normalized_mse,0.01003099963105667,0.009891740512613965,0.010176243835937038,0.0,729
hcp83,32,qsf,random_projection minus template_random_projection,normalized_rmse,0.07631856482685279,0.07558051330955216,0.07706461904348239,0.0,729
hcp83,32,qsf,random_projection minus template_random_projection,normalized_mse,0.011015660933414105,0.010849593105440172,0.011184477295824242,0.0,729
hcp83,32,qsf,random_bounded_residual minus template_random_bounded_residual,normalized_rmse,0.07479207522994825,0.07404739829774978,0.07553251687903466,0.0,729
hcp83,32,qsf,random_bounded_residual minus template_random_bounded_residual,normalized_mse,0.01043881889123417,0.010297134423558165,0.010590415133301822,0.0,729
hcp83,32,qsf,selected_projection minus template_selected_projection,normalized_rmse,0.07330981170640274,0.07260914229076719,0.07403686467134227,0.0,729
hcp83,32,qsf,selected_projection minus template_selected_projection,normalized_mse,0.010219253849043236,0.010071301000507666,0.010369169353695216,0.0,729
hcp83,32,qsf,selected_bounded_residual minus template_selected_bounded_residual,normalized_rmse,0.07155991818409263,0.07087964378986818,0.07226468188677358,0.0,729
hcp83,32,qsf,selected_bounded_residual minus template_selected_bounded_residual,normalized_mse,0.009652885526829597,0.009520947866927157,0.009780653624653995,0.0,729
hcp83,32,heat_raw18,selected_robust minus random_robust,normalized_rmse,-0.004599318809606946,-0.004838380180505972,-0.004360878669996607,0.9259259259259259,729
hcp83,32,heat_raw18,selected_robust minus random_robust,normalized_mse,-0.001055521081472205,-0.0011159657021807686,-0.0009963305079408165,0.9327846364883402,729
hcp83,32,heat_raw18,random_robust minus random_ordinary,normalized_rmse,-0.0033350920695320624,-0.0035605787689736447,-0.0031182555074199176,0.9739368998628258,729
hcp83,32,heat_raw18,random_robust minus random_ordinary,normalized_mse,-0.0008400255900556429,-0.0009046516423250556,-0.0007786052158710551,0.9753086419753086,729
hcp83,32,heat_raw18,ordinary_selected minus random_ordinary,normalized_rmse,-0.004948239323918278,-0.0052076210391583935,-0.004691822685725253,0.9410150891632373,729
hcp83,32,heat_raw18,ordinary_selected minus random_ordinary,normalized_mse,-0.0011782389858932118,-0.001248905479297185,-0.001109358799941019,0.9423868312757202,729
hcp83,32,heat_raw18,selected_sources_ordinary minus random_ordinary,normalized_rmse,-0.004948239323918278,-0.0052017243594725164,-0.004692609304183516,0.9410150891632373,729
hcp83,32,heat_raw18,selected_sources_ordinary minus random_ordinary,normalized_mse,-0.0011782389858932118,-0.0012496511919967846,-0.0011079450380719429,0.9423868312757202,729
hcp83,32,heat_raw18,selected_robust minus selected_sources_ordinary,normalized_rmse,-0.00298617155522073,-0.003202722737580072,-0.002773125251960407,0.9574759945130316,729
hcp83,32,heat_raw18,selected_robust minus selected_sources_ordinary,normalized_mse,-0.0007173076856346363,-0.000778549719683079,-0.0006600311182801868,0.9478737997256516,729
hcp83,32,heat_raw18,selected_robust minus random_ordinary,normalized_rmse,-0.00793441087913901,-0.008275073424571898,-0.007611341309982463,0.9780521262002744,729
hcp83,32,heat_raw18,selected_robust minus random_ordinary,normalized_mse,-0.001895546671527848,-0.001990827415368926,-0.0018043781505752991,0.9766803840877915,729
hcp83,32,heat_raw18,spatial_robust minus selected_robust,normalized_rmse,0.003433701581991058,0.003198873874003823,0.0036676917265268476,0.12757201646090535,729
hcp83,32,heat_raw18,spatial_robust minus selected_robust,normalized_mse,0.0007277289023010433,0.0006725308164299256,0.0007816036984069158,0.1412894375857339,729
hcp83,32,heat_raw18,floor_random_robust minus random_robust,normalized_rmse,0.0020091161784324676,0.0017222101940831459,0.0023014821314539125,0.23045267489711935,729
hcp83,32,heat_raw18,floor_random_robust minus random_robust,normalized_mse,0.00047957179095116284,0.0003993555556129642,0.000569713662948653,0.22496570644718794,729
hcp83,32,heat_raw18,random_robust minus template_random_robust,normalized_rmse,0.08653664675828021,0.08570433304157686,0.08736940200405556,0.0,729
hcp83,32,heat_raw18,random_robust minus template_random_robust,normalized_mse,0.013350516977639202,0.013169734288408957,0.013521803415376713,0.0,729
hcp83,32,heat_raw18,selected_robust minus template_selected_robust,normalized_rmse,0.08313254844628061,0.08231157489600958,0.08394875193699523,0.0,729
hcp83,32,heat_raw18,selected_robust minus template_selected_robust,normalized_mse,0.012392085352593727,0.012225349177475111,0.01256838840107666,0.0,729
hcp83,32,heat_raw18,random_projection minus random_bounded_residual,normalized_rmse,0.002781836930367676,0.0025910793392996943,0.0029825577808975704,0.04663923182441701,729
hcp83,32,heat_raw18,random_projection minus random_bounded_residual,normalized_mse,0.0006812520590940241,0.0006294679601910605,0.0007339393310895093,0.04938271604938271,729
hcp83,32,heat_raw18,random_robust minus atlas_random_aligned,normalized_rmse,0.0961723635923004,0.09546242983571641,0.09690320802074703,0.0,729
hcp83,32,heat_raw18,random_robust minus atlas_random_aligned,normalized_mse,0.01401080800366481,0.013820138724516335,0.014199822963451255,0.0,729
hcp83,32,heat_raw18,selected_robust minus atlas_selected_aligned,normalized_rmse,0.0917864948226843,0.09106672333042697,0.092508551526351,0.0,729
hcp83,32,heat_raw18,selected_robust minus atlas_selected_aligned,normalized_mse,0.012966511334907168,0.012788944411345645,0.013156491310943064,0.0,729
hcp83,32,heat_raw18,random_projection minus template_random_projection,normalized_rmse,0.08749804018972458,0.08665309958495582,0.08831179520599615,0.0,729
hcp83,32,heat_raw18,random_projection minus template_random_projection,normalized_mse,0.013894204783408087,0.01370735511392147,0.014088093833895277,0.0,729
hcp83,32,heat_raw18,random_bounded_residual minus template_random_bounded_residual,normalized_rmse,0.08653664675828021,0.08570932808606084,0.08735289845209666,0.0,729
hcp83,32,heat_raw18,random_bounded_residual minus template_random_bounded_residual,normalized_mse,0.013350516977639202,0.01317270342741277,0.013530649667373823,0.0,729
hcp83,32,heat_raw18,selected_projection minus template_selected_projection,normalized_rmse,0.0841108869548017,0.08329846957456238,0.08494012853933072,0.0,729
hcp83,32,heat_raw18,selected_projection minus template_selected_projection,normalized_mse,0.012900864299714652,0.012721902236605324,0.01308847036306967,0.0,729
hcp83,32,heat_raw18,selected_bounded_residual minus template_selected_bounded_residual,normalized_rmse,0.08313254844628061,0.08230627359954533,0.08394995390172981,0.0,729
hcp83,32,heat_raw18,selected_bounded_residual minus template_selected_bounded_residual,normalized_mse,0.012392085352593727,0.012222931692998266,0.01256535051009405,0.0,729
hcp83,32,heat_norm18,selected_robust minus random_robust,normalized_rmse,-0.006329807866491711,-0.006591615419862626,-0.006066681674712026,0.9698216735253772,729
hcp83,32,heat_norm18,selected_robust minus random_robust,normalized_mse,-0.0014486960066627445,-0.0015150008938954712,-0.0013858093191553174,0.9725651577503429,729
hcp83,32,heat_norm18,random_robust minus random_ordinary,normalized_rmse,-0.0022877683231836794,-0.002483435452227302,-0.0021009480873964864,0.9355281207133059,729
hcp83,32,heat_norm18,random_robust minus random_ordinary,normalized_mse,-0.000600965128134592,-0.0006612569886888602,-0.0005464672579497277,0.9368998628257887,729
hcp83,32,heat_norm18,ordinary_selected minus random_ordinary,normalized_rmse,-0.006637066848207843,-0.0069235491482254954,-0.006367507500226351,0.9766803840877915,729
hcp83,32,heat_norm18,ordinary_selected minus random_ordinary,normalized_mse,-0.0015572290797226803,-0.0016322746092075108,-0.0014837924339588986,0.9753086419753086,729
hcp83,32,heat_norm18,selected_sources_ordinary minus random_ordinary,normalized_rmse,-0.006511398898066391,-0.0067926947497821185,-0.006241821478428296,0.9684499314128944,729
hcp83,32,heat_norm18,selected_sources_ordinary minus random_ordinary,normalized_mse,-0.0015292144905589367,-0.001607862708123497,-0.0014569038114506429,0.9698216735253772,729
hcp83,32,heat_norm18,selected_robust minus selected_sources_ordinary,normalized_rmse,-0.0021061772916090007,-0.0023051878561384767,-0.0019218233396485669,0.9026063100137174,729
hcp83,32,heat_norm18,selected_robust minus selected_sources_ordinary,normalized_mse,-0.0005204466442383999,-0.0005786422371384296,-0.00046923766602354475,0.9094650205761317,729
hcp83,32,heat_norm18,selected_robust minus random_ordinary,normalized_rmse,-0.008617576189675392,-0.008943348765401708,-0.008296316156618683,0.9890260631001372,729
hcp83,32,heat_norm18,selected_robust minus random_ordinary,normalized_mse,-0.0020496611347973364,-0.002144831946148613,-0.001962581677206676,0.9890260631001372,729
hcp83,32,heat_norm18,spatial_robust minus selected_robust,normalized_rmse,0.00446242927122264,0.004230534188484149,0.004695069909458097,0.07270233196159122,729
hcp83,32,heat_norm18,spatial_robust minus selected_robust,normalized_mse,0.0009374545796988646,0.0008823413333825748,0.0009899990802490777,0.08367626886145405,729
hcp83,32,heat_norm18,floor_random_robust minus random_robust,normalized_rmse,-0.0027592893223025656,-0.0029795093689004327,-0.0025170311619254755,0.8861454046639232,729
hcp83,32,heat_norm18,floor_random_robust minus random_robust,normalized_mse,-0.0006245198479224764,-0.0006881798466305814,-0.0005604337070819518,0.8888888888888888,729
hcp83,32,heat_norm18,random_robust minus template_random_robust,normalized_rmse,0.08697485959965486,0.08610832025180523,0.0878393792012653,0.0,729
hcp83,32,heat_norm18,random_robust minus template_random_robust,normalized_mse,0.013609938459138765,0.0134356127831319,0.013789731786948029,0.0,729
hcp83,32,heat_norm18,selected_robust minus template_selected_robust,normalized_rmse,0.08225760512685024,0.08142309243835974,0.08308555390442095,0.0,729
hcp83,32,heat_norm18,selected_robust minus template_selected_robust,normalized_mse,0.012289550374832975,0.012129250799296344,0.012454958357713585,0.0,729
hcp83,32,heat_norm18,random_projection minus random_bounded_residual,normalized_rmse,0.0018460344956365263,0.00170020486734299,0.002005536934872642,0.07544581618655692,729
hcp83,32,heat_norm18,random_projection minus random_bounded_residual,normalized_mse,0.0004628492988708051,0.0004215356008555536,0.0005071244681389761,0.07133058984910837,729
hcp83,32,heat_norm18,random_robust minus atlas_random_aligned,normalized_rmse,0.09732979835857068,0.09659404131467557,0.09804875264951853,0.0,729
hcp83,32,heat_norm18,random_robust minus atlas_random_aligned,normalized_mse,0.014330952628134755,0.014140172046035132,0.014523501533433394,0.0,729
hcp83,32,heat_norm18,selected_robust minus atlas_selected_aligned,normalized_rmse,0.09121198953904944,0.09051724519595718,0.09193321343407318,0.0,729
hcp83,32,heat_norm18,selected_robust minus atlas_selected_aligned,normalized_mse,0.012893372951245506,0.012716003810233367,0.01307117429193593,0.0,729
hcp83,32,heat_norm18,random_projection minus template_random_projection,normalized_rmse,0.08700446775231624,0.08617906137814799,0.08785325036993419,0.0,729
hcp83,32,heat_norm18,random_projection minus template_random_projection,normalized_mse,0.013931971829524886,0.01375491059010394,0.01411175793260732,0.0,729
hcp83,32,heat_norm18,random_bounded_residual minus template_random_bounded_residual,normalized_rmse,0.08697485959965486,0.08612076452373048,0.08783093215028125,0.0,729
hcp83,32,heat_norm18,random_bounded_residual minus template_random_bounded_residual,normalized_mse,0.013609938459138765,0.013433233560318229,0.013790972609817107,0.0,729
hcp83,32,heat_norm18,selected_projection minus template_selected_projection,normalized_rmse,0.08224097221565965,0.08139313598190223,0.08305786716465328,0.0,729
hcp83,32,heat_norm18,selected_projection minus template_selected_projection,normalized_mse,0.012583864635650898,0.012415721673568686,0.012757776613280382,0.0,729
hcp83,32,heat_norm18,selected_bounded_residual minus template_selected_bounded_residual,normalized_rmse,0.08225760512685024,0.0814324943243746,0.08309811943576526,0.0,729
hcp83,32,heat_norm18,selected_bounded_residual minus template_selected_bounded_residual,normalized_mse,0.012289550374832975,0.012132060027093484,0.012448764235460026,0.0,729
hcp83,32,matched_representation,random_robust: qsf minus heat_raw18,normalized_rmse,-0.014504785461034392,-0.014802358229593355,-0.014219391447311129,0.9958847736625515,729
hcp83,32,matched_representation,random_robust: qsf minus heat_raw18,normalized_mse,-0.0031169170018491067,-0.003190743730330182,-0.00304385301641186,0.9958847736625515,729
hcp83,32,matched_representation,random_robust: qsf minus heat_norm18,normalized_rmse,-0.015662220227304655,-0.01598805999650275,-0.015334614954231286,0.9972565157750343,729
hcp83,32,matched_representation,random_robust: qsf minus heat_norm18,normalized_mse,-0.003437061626319056,-0.003521038423633646,-0.003353393511996862,0.9972565157750343,729
hcp83,32,matched_representation,selected_robust: qsf minus heat_raw18,normalized_rmse,-0.014388610523351855,-0.014681211515948622,-0.014107140340657775,1.0,729
hcp83,32,matched_representation,selected_robust: qsf minus heat_raw18,normalized_mse,-0.0029373622182518695,-0.00301060477122536,-0.0028635958121104904,1.0,729
hcp83,32,matched_representation,selected_robust: qsf minus heat_norm18,normalized_rmse,-0.01381555623273735,-0.014109177851488032,-0.013532846566833269,0.9986282578875172,729
hcp83,32,matched_representation,selected_robust: qsf minus heat_norm18,normalized_mse,-0.0028643319175312805,-0.0029328440929423977,-0.002796230605078628,1.0,729
oasis,8,qsf,selected_robust minus random_robust,normalized_rmse,-0.00897920021276668,-0.009574673807590136,-0.008365621633798372,0.9457700650759219,461
oasis,8,qsf,selected_robust minus random_robust,normalized_mse,-0.0015813053415533727,-0.0017533171766505365,-0.0013863828987560846,0.9501084598698482,461
oasis,8,qsf,random_robust minus random_ordinary,normalized_rmse,-0.0010959666040820353,-0.0014383543074244058,-0.000824119602320238,0.7657266811279827,461
oasis,8,qsf,random_robust minus random_ordinary,normalized_mse,-0.0002936204085473173,-0.00047818937865001934,-0.00017548437852551524,0.754880694143167,461
oasis,8,qsf,ordinary_selected minus random_ordinary,normalized_rmse,-0.008522065258932468,-0.00908863905993518,-0.007962555969306655,0.9436008676789588,461
oasis,8,qsf,ordinary_selected minus random_ordinary,normalized_mse,-0.0015419029412037859,-0.001673160938167152,-0.001402510916049338,0.9436008676789588,461
oasis,8,qsf,selected_sources_ordinary minus random_ordinary,normalized_rmse,-0.008566376021297235,-0.009093689684520127,-0.00802589469058801,0.9479392624728851,461
oasis,8,qsf,selected_sources_ordinary minus random_ordinary,normalized_mse,-0.0015762821802143684,-0.0017053949615894028,-0.001447156504546082,0.9436008676789588,461
oasis,8,qsf,selected_robust minus selected_sources_ordinary,normalized_rmse,-0.0015087907955514822,-0.001740259909845021,-0.0013081410943510316,0.8611713665943601,461
oasis,8,qsf,selected_robust minus selected_sources_ordinary,normalized_mse,-0.0002986435698863211,-0.00037140078946973105,-0.00023557766546514756,0.8590021691973969,461
oasis,8,qsf,selected_robust minus random_ordinary,normalized_rmse,-0.010075166816848717,-0.010632593093116177,-0.009539724684615994,0.9674620390455532,461
oasis,8,qsf,selected_robust minus random_ordinary,normalized_mse,-0.0018749257501006896,-0.0020257933806709133,-0.0017297630460151056,0.9718004338394793,461
oasis,8,qsf,spatial_robust minus selected_robust,normalized_rmse,0.00015916953655996548,-0.00038848380344101203,0.0007160611675757513,0.4772234273318872,461
oasis,8,qsf,spatial_robust minus selected_robust,normalized_mse,-3.2716913722645794e-05,-0.00021895046382815428,0.00010881875677434989,0.47288503253796094,461
oasis,8,qsf,floor_random_robust minus random_robust,normalized_rmse,0.004481714612254038,0.004204182056058865,0.00477068714437542,0.028199566160520606,461
oasis,8,qsf,floor_random_robust minus random_robust,normalized_mse,0.0008844375648117054,0.000782177447126953,0.0010143506169150215,0.026030368763557483,461
oasis,8,qsf,random_robust minus template_random_robust,normalized_rmse,0.05426162655464676,0.05301643768955564,0.055561236837138345,0.0,461
oasis,8,qsf,random_robust minus template_random_robust,normalized_mse,0.007144574887781117,0.006817689909420464,0.007515955192699021,0.0,461
oasis,8,qsf,selected_robust minus template_selected_robust,normalized_rmse,0.048055684138729356,0.04697015081429941,0.049313848118565685,0.0,461
oasis,8,qsf,selected_robust minus template_selected_robust,normalized_mse,0.005780354707854736,0.0054431660638419544,0.006212789247700194,0.0,461
oasis,8,qsf,random_projection minus random_bounded_residual,normalized_rmse,0.0008540709932120682,0.0006658993434440499,0.0010739415716130825,0.2754880694143167,461
oasis,8,qsf,random_projection minus random_bounded_residual,normalized_mse,0.00020174885178383492,0.000138026140645964,0.0002771119360902937,0.2754880694143167,461
oasis,8,qsf,random_robust minus atlas_random_aligned,normalized_rmse,0.06568235428114333,0.06431153558751551,0.06711112437563715,0.0,461
oasis,8,qsf,random_robust minus atlas_random_aligned,normalized_mse,0.008040829066253594,0.007635366605160461,0.008468098257169992,0.0,461
oasis,8,qsf,selected_robust minus atlas_selected_aligned,normalized_rmse,0.0574777473558552,0.05610983721139289,0.058997353849869594,0.0,461
oasis,8,qsf,selected_robust minus atlas_selected_aligned,normalized_mse,0.006505293013278196,0.006110031151131879,0.007003246772326876,0.0,461
oasis,8,qsf,random_projection minus template_random_projection,normalized_rmse,0.05311063799552136,0.051890814756802135,0.05446974933846303,0.0,461
oasis,8,qsf,random_projection minus template_random_projection,normalized_mse,0.007165123170282647,0.006824937858345727,0.007575802241604609,0.0,461
oasis,8,qsf,random_bounded_residual minus template_random_bounded_residual,normalized_rmse,0.05421181317636398,0.05302020973855319,0.05547577977196253,0.0,461
oasis,8,qsf,random_bounded_residual minus template_random_bounded_residual,normalized_mse,0.007128678158663284,0.006800518348081771,0.007513822074702736,0.0,461
oasis,8,qsf,selected_projection minus template_selected_projection,normalized_rmse,0.04745179530609724,0.04630100719490971,0.048715129778728355,0.0,461
oasis,8,qsf,selected_projection minus template_selected_projection,normalized_mse,0.005870010938462607,0.005523967262144321,0.006317852039311807,0.0,461
oasis,8,qsf,selected_bounded_residual minus template_selected_bounded_residual,normalized_rmse,0.04809704653061822,0.04701239656939136,0.049396490390580805,0.0,461
oasis,8,qsf,selected_bounded_residual minus template_selected_bounded_residual,normalized_mse,0.005784026972904445,0.005448342664245783,0.006205686040262655,0.0,461
oasis,8,heat_raw18,selected_robust minus random_robust,normalized_rmse,-0.01194880212817285,-0.012417912826405154,-0.01146659361966763,0.9891540130151844,461
oasis,8,heat_raw18,selected_robust minus random_robust,normalized_mse,-0.002529163603277503,-0.0026942293729762456,-0.002383847019114358,0.9891540130151844,461
oasis,8,heat_raw18,random_robust minus random_ordinary,normalized_rmse,-0.0013967133754128312,-0.0016745073621275799,-0.0011673356939123462,0.8199566160520607,461
oasis,8,heat_raw18,random_robust minus random_ordinary,normalized_mse,-0.0003927497127334717,-0.0005478114637803021,-0.00028169309176065866,0.8156182212581344,461
oasis,8,heat_raw18,ordinary_selected minus random_ordinary,normalized_rmse,-0.012432710821104656,-0.013008547366999076,-0.011820388318048991,0.9804772234273319,461
oasis,8,heat_raw18,ordinary_selected minus random_ordinary,normalized_mse,-0.002546989909564961,-0.0027761934829412926,-0.0022704176487139166,0.982646420824295,461
oasis,8,heat_raw18,selected_sources_ordinary minus random_ordinary,normalized_rmse,-0.012055327922210667,-0.012634485047107546,-0.011428031443117832,0.982646420824295,461
oasis,8,heat_raw18,selected_sources_ordinary minus random_ordinary,normalized_mse,-0.0024742035450763178,-0.0027098041965491573,-0.00216724061783321,0.982646420824295,461
oasis,8,heat_raw18,selected_robust minus selected_sources_ordinary,normalized_rmse,-0.0012901875813750136,-0.0018077229908365893,-0.000884359563417069,0.7678958785249458,461
oasis,8,heat_raw18,selected_robust minus selected_sources_ordinary,normalized_mse,-0.0004477097709346572,-0.0007619233091044347,-0.00021544483637059368,0.7657266811279827,461
oasis,8,heat_raw18,selected_robust minus random_ordinary,normalized_rmse,-0.013345515503585682,-0.013965993022411591,-0.012759236909103588,0.9934924078091106,461
oasis,8,heat_raw18,selected_robust minus random_ordinary,normalized_mse,-0.0029219133160109747,-0.003188941910076751,-0.0026964866125568665,0.9934924078091106,461
oasis,8,heat_raw18,spatial_robust minus selected_robust,normalized_rmse,0.002579170185836781,0.002031511877050456,0.003103024956684168,0.28199566160520606,461
oasis,8,heat_raw18,spatial_robust minus selected_robust,normalized_mse,0.0004639830070841113,0.00028618756810312734,0.0006139199751843591,0.29067245119305857,461
oasis,8,heat_raw18,floor_random_robust minus random_robust,normalized_rmse,-0.002035087629532533,-0.002548282606836604,-0.0015665387409299456,0.6963123644251626,461
oasis,8,heat_raw18,floor_random_robust minus random_robust,normalized_mse,-0.0005652285205896044,-0.0007612446481625612,-0.00038414490653760844,0.6854663774403471,461
oasis,8,heat_raw18,random_robust minus template_random_robust,normalized_rmse,0.0692223065440484,0.06785478389677427,0.07073249071496118,0.0,461
oasis,8,heat_raw18,random_robust minus template_random_robust,normalized_mse,0.01058497722386047,0.010127379089503927,0.011120329766282612,0.0,461
oasis,8,heat_raw18,selected_robust minus template_selected_robust,normalized_rmse,0.06048457035931684,0.05923358184081124,0.06186158181503255,0.0,461
oasis,8,heat_raw18,selected_robust minus template_selected_robust,normalized_mse,0.008333280245164517,0.007932977025611238,0.008807572454137992,0.0,461
oasis,8,heat_raw18,random_projection minus random_bounded_residual,normalized_rmse,0.0004374579119482529,0.0002880222886248546,0.0005992017493862969,0.37310195227765725,461
oasis,8,heat_raw18,random_projection minus random_bounded_residual,normalized_mse,0.00011158041218657441,6.13591759816712e-05,0.00017139204267556366,0.38177874186550975,461
oasis,8,heat_raw18,random_robust minus atlas_random_aligned,normalized_rmse,0.08352252786407606,0.082088854126096,0.0851315974334304,0.0,461
oasis,8,heat_raw18,random_robust minus atlas_random_aligned,normalized_mse,0.011668067565732763,0.011155108067511273,0.012260302861929424,0.0,461
oasis,8,heat_raw18,selected_robust minus atlas_selected_aligned,normalized_rmse,0.0724663988493866,0.07105530404743055,0.07390735781667562,0.0,461
oasis,8,heat_raw18,selected_robust minus atlas_selected_aligned,normalized_mse,0.009189142612903977,0.00874137434982099,0.009691180043567733,0.0,461
oasis,8,heat_raw18,random_projection minus template_random_projection,normalized_rmse,0.06788407978713655,0.06655997769610245,0.06928372947104545,0.0,461
oasis,8,heat_raw18,random_projection minus template_random_projection,normalized_mse,0.010490435903822988,0.010045948154587408,0.011002475906621687,0.0,461
oasis,8,heat_raw18,random_bounded_residual minus template_random_bounded_residual,normalized_rmse,0.06903065711284526,0.06767199371495489,0.07050328287947177,0.0,461
oasis,8,heat_raw18,random_bounded_residual minus template_random_bounded_residual,normalized_mse,0.01052406480698699,0.010072474214388545,0.011044106881396966,0.0,461
oasis,8,heat_raw18,selected_projection minus template_selected_projection,normalized_rmse,0.059604180200057415,0.05832017081249366,0.060964997871725796,0.0,461
oasis,8,heat_raw18,selected_projection minus template_selected_projection,normalized_mse,0.00835085398863644,0.00795318869468888,0.008825546454572307,0.0,461
oasis,8,heat_raw18,selected_bounded_residual minus template_selected_bounded_residual,normalized_rmse,0.06050588663372246,0.05921420194790598,0.0618812360807312,0.0,461
oasis,8,heat_raw18,selected_bounded_residual minus template_selected_bounded_residual,normalized_mse,0.008330517516427279,0.007913155531781076,0.008791861555563111,0.0,461
oasis,8,heat_norm18,selected_robust minus random_robust,normalized_rmse,-0.013531703430428746,-0.014118994476383038,-0.012994041827543344,0.9956616052060737,461
oasis,8,heat_norm18,selected_robust minus random_robust,normalized_mse,-0.0030143041057975623,-0.0032309627051997254,-0.0028246953914768166,0.9934924078091106,461
oasis,8,heat_norm18,random_robust minus random_ordinary,normalized_rmse,-0.0029235102695513797,-0.0038952475229426563,-0.0021534412346839167,0.8763557483731019,461
oasis,8,heat_norm18,random_robust minus random_ordinary,normalized_mse,-0.0010800650158325814,-0.0016687417274333473,-0.0006033484369986059,0.8763557483731019,461
oasis,8,heat_norm18,ordinary_selected minus random_ordinary,normalized_rmse,-0.014810156532890237,-0.015743104052643432,-0.013927693269429416,0.9869848156182213,461
oasis,8,heat_norm18,ordinary_selected minus random_ordinary,normalized_mse,-0.0035418690078253007,-0.004084159068322594,-0.0031064380804379644,0.9869848156182213,461
oasis,8,heat_norm18,selected_sources_ordinary minus random_ordinary,normalized_rmse,-0.014451955815077478,-0.01536594434921598,-0.013644433779950225,0.9891540130151844,461
oasis,8,heat_norm18,selected_sources_ordinary minus random_ordinary,normalized_mse,-0.0034497009526733013,-0.003967435088555708,-0.0030344863647059827,0.9869848156182213,461
oasis,8,heat_norm18,selected_robust minus selected_sources_ordinary,normalized_rmse,-0.002003257884902645,-0.002769742903236457,-0.0014498568484974496,0.9002169197396963,461
oasis,8,heat_norm18,selected_robust minus selected_sources_ordinary,normalized_mse,-0.0006446681689568426,-0.0010201375525116904,-0.0003751818585881796,0.89587852494577,461
oasis,8,heat_norm18,selected_robust minus random_ordinary,normalized_rmse,-0.016455213699980126,-0.017663662628096273,-0.015407867021318137,1.0,461
oasis,8,heat_norm18,selected_robust minus random_ordinary,normalized_mse,-0.004094369121630144,-0.0048223321932153815,-0.00350329951032417,1.0,461
oasis,8,heat_norm18,spatial_robust minus selected_robust,normalized_rmse,-0.00023292423893419886,-0.0007922947130065756,0.00031148338433869546,0.4945770065075922,461
oasis,8,heat_norm18,spatial_robust minus selected_robust,normalized_mse,-5.2967716079680296e-05,-0.00022488240563619074,9.92451862105033e-05,0.49023861171366595,461
oasis,8,heat_norm18,floor_random_robust minus random_robust,normalized_rmse,-0.004903624494908847,-0.005504935243435665,-0.004374382804332702,0.9327548806941431,461
oasis,8,heat_norm18,floor_random_robust minus random_robust,normalized_mse,-0.0011899340246320769,-0.001477005547970303,-0.0009582172890720571,0.9240780911062907,461
oasis,8,heat_norm18,random_robust minus template_random_robust,normalized_rmse,0.07616204342898428,0.07469291369020348,0.07782909509049428,0.0,461
oasis,8,heat_norm18,random_robust minus template_random_robust,normalized_mse,0.01196684321662112,0.011457171418052949,0.012587191191871731,0.0,461
oasis,8,heat_norm18,selected_robust minus template_selected_robust,normalized_rmse,0.06548954349560747,0.0642440152133261,0.06683055244062644,0.0,461
oasis,8,heat_norm18,selected_robust minus template_selected_robust,normalized_mse,0.009208993869915517,0.008788888313422377,0.009694507671083317,0.0,461
oasis,8,heat_norm18,random_projection minus random_bounded_residual,normalized_rmse,0.0003512466400563961,0.00021023154681930746,0.0005099666989825299,0.42950108459869846,461
oasis,8,heat_norm18,random_projection minus random_bounded_residual,normalized_mse,0.00011046718119912154,5.660349560306587e-05,0.00017790490491479907,0.42950108459869846,461
oasis,8,heat_norm18,random_robust minus atlas_random_aligned,normalized_rmse,0.08917095527603251,0.08766668159400778,0.09080510351143667,0.0,461
oasis,8,heat_norm18,random_robust minus atlas_random_aligned,normalized_mse,0.012956821914800954,0.012405098317113608,0.013629282164049603,0.0,461
oasis,8,heat_norm18,selected_robust minus atlas_selected_aligned,normalized_rmse,0.07668815315536187,0.07541909277401712,0.07806307575759247,0.0,461
oasis,8,heat_norm18,selected_robust minus atlas_selected_aligned,normalized_mse,0.010000636762145592,0.009550161252555778,0.010536366273089693,0.0,461
oasis,8,heat_norm18,random_projection minus template_random_projection,normalized_rmse,0.07468604788854948,0.07330024457309078,0.07619467556681846,0.0,461
oasis,8,heat_norm18,random_projection minus template_random_projection,normalized_mse,0.01186369382312422,0.011357613578038118,0.012448883592049162,0.0,461
oasis,8,heat_norm18,random_bounded_residual minus template_random_bounded_residual,normalized_rmse,0.07595174833172975,0.07450217661910853,0.07755554775651924,0.0,461
oasis,8,heat_norm18,random_bounded_residual minus template_random_bounded_residual,normalized_mse,0.01189706842114811,0.011426860878154373,0.01248169620409608,0.0,461
oasis,8,heat_norm18,selected_projection minus template_selected_projection,normalized_rmse,0.06419071411225015,0.06298444270323414,0.06544951704331795,0.0,461
oasis,8,heat_norm18,selected_projection minus template_selected_projection,normalized_mse,0.009135476322247118,0.008755095153564945,0.009582125730960588,0.0,461
oasis,8,heat_norm18,selected_bounded_residual minus template_selected_bounded_residual,normalized_rmse,0.065336737329199,0.06411047731006533,0.06676020064546889,0.0,461
oasis,8,heat_norm18,selected_bounded_residual minus template_selected_bounded_residual,normalized_mse,0.009168573974881746,0.00876198176470528,0.009657842524863427,0.0,461
oasis,8,matched_representation,random_robust: qsf minus heat_raw18,normalized_rmse,-0.017840173582932734,-0.018314245518808257,-0.01737786788333604,1.0,461
oasis,8,matched_representation,random_robust: qsf minus heat_raw18,normalized_mse,-0.0036272384994791703,-0.0038216620459084363,-0.003457958609868525,0.9978308026030369,461
oasis,8,matched_representation,random_robust: qsf minus heat_norm18,normalized_rmse,-0.023488600994889173,-0.024072567381723774,-0.022928500609560483,0.9978308026030369,461
oasis,8,matched_representation,random_robust: qsf minus heat_norm18,normalized_mse,-0.004915992848547361,-0.005189937486351143,-0.004701735438939876,0.9978308026030369,461
oasis,8,matched_representation,selected_robust: qsf minus heat_raw18,normalized_rmse,-0.014870571667526563,-0.015529286372532721,-0.014228110616037265,0.9891540130151844,461
oasis,8,matched_representation,selected_robust: qsf minus heat_raw18,normalized_mse,-0.002679380237755039,-0.002941262789045181,-0.00243191920533157,0.9891540130151844,461
oasis,8,matched_representation,selected_robust: qsf minus heat_norm18,normalized_rmse,-0.018936097777227108,-0.019545239158386747,-0.01831381266625613,0.9934924078091106,461
oasis,8,matched_representation,selected_robust: qsf minus heat_norm18,normalized_mse,-0.0034829940843031718,-0.003720100713624661,-0.0032520030310363352,0.9934924078091106,461
oasis,16,qsf,selected_robust minus random_robust,normalized_rmse,-0.0052176890895602734,-0.005571855704591111,-0.004872136254164332,0.9522776572668112,461
oasis,16,qsf,selected_robust minus random_robust,normalized_mse,-0.0006816469279080381,-0.0007687094461817371,-0.0006060363290895627,0.9544468546637744,461
oasis,16,qsf,random_robust minus random_ordinary,normalized_rmse,-0.0012707552465721274,-0.0015416504190453868,-0.0010208277925725876,0.8156182212581344,461
oasis,16,qsf,random_robust minus random_ordinary,normalized_mse,-0.00024074257514205722,-0.00033596925417898524,-0.0001643992210599025,0.8047722342733189,461
oasis,16,qsf,ordinary_selected minus random_ordinary,normalized_rmse,-0.004747884009096482,-0.005070539609384933,-0.004415004944250545,0.9544468546637744,461
oasis,16,qsf,ordinary_selected minus random_ordinary,normalized_mse,-0.0006180137614676417,-0.0007045030459075007,-0.000545960386810801,0.9501084598698482,461
oasis,16,qsf,selected_sources_ordinary minus random_ordinary,normalized_rmse,-0.0048689578541282665,-0.005234846416518144,-0.004516077033028862,0.9436008676789588,461
oasis,16,qsf,selected_sources_ordinary minus random_ordinary,normalized_mse,-0.0006475064549943392,-0.0007404336321714524,-0.0005632492192556704,0.9370932754880694,461
oasis,16,qsf,selected_robust minus selected_sources_ordinary,normalized_rmse,-0.0016194864820041348,-0.0019300857716652395,-0.0013608287276866361,0.9045553145336226,461
oasis,16,qsf,selected_robust minus selected_sources_ordinary,normalized_mse,-0.0002748830480557562,-0.00036854823903194095,-0.00019566240325517893,0.9002169197396963,461
oasis,16,qsf,selected_robust minus random_ordinary,normalized_rmse,-0.006488444336132402,-0.006944463606901774,-0.006071160320954648,0.9739696312364425,461
oasis,16,qsf,selected_robust minus random_ordinary,normalized_mse,-0.0009223895030500954,-0.0010735931586190249,-0.0007982226383401702,0.9761388286334056,461
oasis,16,qsf,spatial_robust minus selected_robust,normalized_rmse,-0.002036061316249768,-0.0023469576707151156,-0.0017181277009726244,0.7396963123644251,461
oasis,16,qsf,spatial_robust minus selected_robust,normalized_mse,-0.00028128548923004465,-0.00033119010382225557,-0.00023126973832598383,0.7440347071583514,461
oasis,16,qsf,floor_random_robust minus random_robust,normalized_rmse,0.0050757505437455525,0.0047996542750951875,0.005437532492508124,0.010845986984815618,461
oasis,16,qsf,floor_random_robust minus random_robust,normalized_mse,0.0007730088679076931,0.0006508694988445884,0.0009578611950172858,0.010845986984815618,461
oasis,16,qsf,random_robust minus template_random_robust,normalized_rmse,0.03328511561147799,0.03229559385756226,0.03436674765500265,0.0,461
oasis,16,qsf,random_robust minus template_random_robust,normalized_mse,0.003399846330002603,0.003162459899575981,0.0036761673265910382,0.0,461
oasis,16,qsf,selected_robust minus template_selected_robust,normalized_rmse,0.030526918515383476,0.029696544612528058,0.03141611527454215,0.0021691973969631237,461
oasis,16,qsf,selected_robust minus template_selected_robust,normalized_mse,0.002862550947437325,0.002683219215008817,0.003072891870313193,0.0021691973969631237,461
oasis,16,qsf,random_projection minus random_bounded_residual,normalized_rmse,0.001107268511457354,0.0008781650306807467,0.001379688439093656,0.20824295010845986,461
oasis,16,qsf,random_projection minus random_bounded_residual,normalized_mse,0.00021234146524866856,0.00014141137262754043,0.0002969531709266547,0.22125813449023862,461
oasis,16,qsf,random_robust minus atlas_random_aligned,normalized_rmse,0.042107610594215555,0.04099395484793726,0.04335754969047577,0.0,461
oasis,16,qsf,random_robust minus atlas_random_aligned,normalized_mse,0.004017958606857913,0.00376080159934857,0.004341693236275196,0.0,461
oasis,16,qsf,selected_robust minus atlas_selected_aligned,normalized_rmse,0.03705556517008154,0.03602322044026463,0.03818894303607698,0.0,461
oasis,16,qsf,selected_robust minus atlas_selected_aligned,normalized_mse,0.0033458251619545164,0.003131647831531134,0.0035909925208952365,0.0,461
oasis,16,qsf,random_projection minus template_random_projection,normalized_rmse,0.03243930957036446,0.031458877830284136,0.033585306530287705,0.0,461
oasis,16,qsf,random_projection minus template_random_projection,normalized_mse,0.0034644697772022192,0.0031957674652597088,0.0038044611711586227,0.0,461
oasis,16,qsf,random_bounded_residual minus template_random_bounded_residual,normalized_rmse,0.03328511561147799,0.03232378041680591,0.0343679013292146,0.0,461
oasis,16,qsf,random_bounded_residual minus template_random_bounded_residual,normalized_mse,0.003399846330002603,0.0031746310639053045,0.0036811746570150038,0.0,461
oasis,16,qsf,selected_projection minus template_selected_projection,normalized_rmse,0.029920176048635293,0.02904906237139954,0.030936446097326778,0.0021691973969631237,461
oasis,16,qsf,selected_projection minus template_selected_projection,normalized_mse,0.002938328815008118,0.0027304169132840363,0.0031887315457210345,0.0021691973969631237,461
oasis,16,qsf,selected_bounded_residual minus template_selected_bounded_residual,normalized_rmse,0.030526918515383476,0.029687174417020002,0.031423086095949716,0.0021691973969631237,461
oasis,16,qsf,selected_bounded_residual minus template_selected_bounded_residual,normalized_mse,0.002862550947437325,0.0026871831158029463,0.0030811193369525095,0.0021691973969631237,461
oasis,16,heat_raw18,selected_robust minus random_robust,normalized_rmse,-0.005825590920759393,-0.006249485200081054,-0.0054127829683832005,0.9522776572668112,461
oasis,16,heat_raw18,selected_robust minus random_robust,normalized_mse,-0.0009469108160635806,-0.001067522051996969,-0.0008255326193057486,0.9457700650759219,461
oasis,16,heat_raw18,random_robust minus random_ordinary,normalized_rmse,-0.0016046193455164942,-0.001870515794332396,-0.0013776108791803633,0.8676789587852495,461
oasis,16,heat_raw18,random_robust minus random_ordinary,normalized_mse,-0.00033499280404047493,-0.00043711691602828093,-0.0002550873160974521,0.8676789587852495,461
oasis,16,heat_raw18,ordinary_selected minus random_ordinary,normalized_rmse,-0.006019332014102648,-0.0064847470657748,-0.005495400656490757,0.9566160520607375,461
oasis,16,heat_raw18,ordinary_selected minus random_ordinary,normalized_mse,-0.0009483092973465035,-0.001116190645619139,-0.0007446442525843614,0.9544468546637744,461
oasis,16,heat_raw18,selected_sources_ordinary minus random_ordinary,normalized_rmse,-0.006095970053906326,-0.006552943320012588,-0.005586922331417236,0.9609544468546638,461
oasis,16,heat_raw18,selected_sources_ordinary minus random_ordinary,normalized_mse,-0.0009544120412625594,-0.0011117842593714746,-0.0007576035602466657,0.9609544468546638,461
oasis,16,heat_raw18,selected_robust minus selected_sources_ordinary,normalized_rmse,-0.0013342402123695625,-0.0017261949664631702,-0.0010174901240396078,0.8286334056399133,461
oasis,16,heat_raw18,selected_robust minus selected_sources_ordinary,normalized_mse,-0.0003274915788414958,-0.00047768350025162367,-0.0002018502144497275,0.8308026030368764,461
oasis,16,heat_raw18,selected_robust minus random_ordinary,normalized_rmse,-0.007430210266275887,-0.007944462484313292,-0.006947325705346128,0.9783080260303688,461
oasis,16,heat_raw18,selected_robust minus random_ordinary,normalized_mse,-0.0012819036201040552,-0.0014679222214129728,-0.0011138261525153468,0.9761388286334056,461
oasis,16,heat_raw18,spatial_robust minus selected_robust,normalized_rmse,-0.0009144653602823345,-0.0013220899200591422,-0.0005147335424075176,0.5878524945770065,461
oasis,16,heat_raw18,spatial_robust minus selected_robust,normalized_mse,-0.00019794357012233214,-0.00030309194913439653,-0.0001063546869913982,0.6030368763557483,461
oasis,16,heat_raw18,floor_random_robust minus random_robust,normalized_rmse,0.0003134414289385713,-0.00022318899972646974,0.0007956280312397378,0.31670281995661603,461
oasis,16,heat_raw18,floor_random_robust minus random_robust,normalized_mse,-6.379474328442391e-05,-0.0002216401274696679,7.799598497417561e-05,0.3123644251626898,461
oasis,16,heat_raw18,random_robust minus template_random_robust,normalized_rmse,0.04939655047619793,0.04819002176900386,0.05067293036065503,0.0,461
oasis,16,heat_raw18,random_robust minus template_random_robust,normalized_mse,0.006136157665717173,0.005816746726018477,0.006502100030517819,0.0,461
oasis,16,heat_raw18,selected_robust minus template_selected_robust,normalized_rmse,0.046960172885548344,0.045802859257701896,0.04814624021424335,0.0,461
oasis,16,heat_raw18,selected_robust minus template_selected_robust,normalized_mse,0.005446201465061384,0.0051585849134336,0.005784533248858146,0.0,461
oasis,16,heat_raw18,random_projection minus random_bounded_residual,normalized_rmse,0.0007810931598896913,0.0006367406324420574,0.0009341689049566543,0.24945770065075923,461
oasis,16,heat_raw18,random_projection minus random_bounded_residual,normalized_mse,0.0001579899559956495,0.00011642634971889566,0.00021074018057848256,0.2559652928416486,461
oasis,16,heat_raw18,random_robust minus atlas_random_aligned,normalized_rmse,0.061485395638780777,0.060240928734445115,0.06287198460045677,0.0,461
oasis,16,heat_raw18,random_robust minus atlas_random_aligned,normalized_mse,0.0070147735369179036,0.006661697376895851,0.007442264863259794,0.0,461
oasis,16,heat_raw18,selected_robust minus atlas_selected_aligned,normalized_rmse,0.055854635887051175,0.05463524224541329,0.0571933420730597,0.0,461
oasis,16,heat_raw18,selected_robust minus atlas_selected_aligned,normalized_mse,0.00607869812563749,0.00574938598617985,0.006456728634556792,0.0,461
oasis,16,heat_raw18,random_projection minus template_random_projection,normalized_rmse,0.048212814391499305,0.047104232212013486,0.049439889607494174,0.0,461
oasis,16,heat_raw18,random_projection minus template_random_projection,normalized_mse,0.0061302671653381486,0.005785467016718327,0.006515598969105289,0.0,461
oasis,16,heat_raw18,random_bounded_residual minus template_random_bounded_residual,normalized_rmse,0.0493363862827842,0.04813928944114127,0.05059656853187435,0.0,461
oasis,16,heat_raw18,random_bounded_residual minus template_random_bounded_residual,normalized_mse,0.006124609119063053,0.005806732072782907,0.006499997219964963,0.0,461
oasis,16,heat_raw18,selected_projection minus template_selected_projection,normalized_rmse,0.04600419380346671,0.04485073136629915,0.04722698186316989,0.0,461
oasis,16,heat_raw18,selected_projection minus template_selected_projection,normalized_mse,0.005486865330225714,0.005189514454768891,0.005834093410446872,0.0,461
oasis,16,heat_raw18,selected_bounded_residual minus template_selected_bounded_residual,normalized_rmse,0.046960172885548344,0.04589927798003719,0.048200830971476906,0.0,461
oasis,16,heat_raw18,selected_bounded_residual minus template_selected_bounded_residual,normalized_mse,0.005446201465061384,0.005156228664377565,0.005775738666011796,0.0,461
oasis,16,heat_norm18,selected_robust minus random_robust,normalized_rmse,-0.0071771681858053375,-0.007652385156893311,-0.00674788298627883,0.9696312364425163,461
oasis,16,heat_norm18,selected_robust minus random_robust,normalized_mse,-0.001326119041310199,-0.0016725296117135492,-0.0011101538528515338,0.9674620390455532,461
oasis,16,heat_norm18,random_robust minus random_ordinary,normalized_rmse,-0.002150496607199857,-0.0028938920065268623,-0.0015740796081446199,0.8676789587852495,461
oasis,16,heat_norm18,random_robust minus random_ordinary,normalized_mse,-0.0006957507511923111,-0.0011928649131755838,-0.0003527943794766881,0.8611713665943601,461
oasis,16,heat_norm18,ordinary_selected minus random_ordinary,normalized_rmse,-0.007743843763490438,-0.008259015509085761,-0.007274514311571173,0.9783080260303688,461
oasis,16,heat_norm18,ordinary_selected minus random_ordinary,normalized_mse,-0.0015340365468333465,-0.0018543232316135967,-0.0012818114579066725,0.9739696312364425,461
oasis,16,heat_norm18,selected_sources_ordinary minus random_ordinary,normalized_rmse,-0.007743843763490438,-0.00828308893503875,-0.007290110761613216,0.9783080260303688,461
oasis,16,heat_norm18,selected_sources_ordinary minus random_ordinary,normalized_mse,-0.0015340365468333465,-0.0018514607349148819,-0.001285240423235436,0.9739696312364425,461
oasis,16,heat_norm18,selected_robust minus selected_sources_ordinary,normalized_rmse,-0.0015838210295147555,-0.002229321596469216,-0.0010952756853533651,0.8546637744034707,461
oasis,16,heat_norm18,selected_robust minus selected_sources_ordinary,normalized_mse,-0.0004878332456691638,-0.0008787074826462343,-0.00021594066282980468,0.8611713665943601,461
oasis,16,heat_norm18,selected_robust minus random_ordinary,normalized_rmse,-0.009327664793005194,-0.010267657607189446,-0.008533769934143579,0.9848156182212582,461
oasis,16,heat_norm18,selected_robust minus random_ordinary,normalized_mse,-0.00202186979250251,-0.0026807272334835675,-0.0015401326879214484,0.982646420824295,461
oasis,16,heat_norm18,spatial_robust minus selected_robust,normalized_rmse,-0.001907057186603665,-0.002335712836314754,-0.00149342949663024,0.6919739696312365,461
oasis,16,heat_norm18,spatial_robust minus selected_robust,normalized_mse,-0.00036322642199541764,-0.0004792070966205525,-0.00026061886837341224,0.702819956616052,461
oasis,16,heat_norm18,floor_random_robust minus random_robust,normalized_rmse,-0.005268228890533115,-0.005793509424713098,-0.00483440366102131,0.9522776572668112,461
oasis,16,heat_norm18,floor_random_robust minus random_robust,normalized_mse,-0.001033062379374557,-0.0013900558738098535,-0.0008105495050397333,0.9544468546637744,461
oasis,16,heat_norm18,random_robust minus template_random_robust,normalized_rmse,0.052603367790286557,0.051237517929441,0.054147664604039074,0.0,461
oasis,16,heat_norm18,random_robust minus template_random_robust,normalized_mse,0.006832903038919741,0.0063541503030003004,0.00746808715319009,0.0,461
oasis,16,heat_norm18,selected_robust minus template_selected_robust,normalized_rmse,0.04814410188756596,0.046980781177377307,0.04940430135890386,0.0,461
oasis,16,heat_norm18,selected_robust minus template_selected_robust,normalized_mse,0.005722932302305644,0.005404975928498985,0.006118536352733712,0.0,461
oasis,16,heat_norm18,random_projection minus random_bounded_residual,normalized_rmse,0.0006166737164395577,0.0004906777782072289,0.0007529794307439308,0.27765726681127983,461
oasis,16,heat_norm18,random_projection minus random_bounded_residual,normalized_mse,0.00014022833786992366,9.862720444353123e-05,0.0001900203012583814,0.27114967462039047,461
oasis,16,heat_norm18,random_robust minus atlas_random_aligned,normalized_rmse,0.06474339150868338,0.06332821514099175,0.06639316772719032,0.0,461
oasis,16,heat_norm18,random_robust minus atlas_random_aligned,normalized_mse,0.007718257257450971,0.007216554163823011,0.008339423183254067,0.0,461
oasis,16,heat_norm18,selected_robust minus atlas_selected_aligned,normalized_rmse,0.057765728296509625,0.056554746726319674,0.059099733258763464,0.0,461
oasis,16,heat_norm18,selected_robust minus atlas_selected_aligned,normalized_mse,0.006404031567033967,0.006050946581967035,0.006823587391974606,0.0,461
oasis,16,heat_norm18,random_projection minus template_random_projection,normalized_rmse,0.05119908693531884,0.049879512714346146,0.05276686670258471,0.0,461
oasis,16,heat_norm18,random_projection minus template_random_projection,normalized_mse,0.006782145664770234,0.006307157975508373,0.007401435463020369,0.0,461
oasis,16,heat_norm18,random_bounded_residual minus template_random_bounded_residual,normalized_rmse,0.05245225726384225,0.051089761255230175,0.05397590654901404,0.0,461
oasis,16,heat_norm18,random_bounded_residual minus template_random_bounded_residual,normalized_mse,0.006792103486715788,0.00633259324922232,0.007398987063772562,0.0,461
oasis,16,heat_norm18,selected_projection minus template_selected_projection,normalized_rmse,0.04696397700144283,0.045844931857426836,0.04820721617538719,0.0,461
oasis,16,heat_norm18,selected_projection minus template_selected_projection,normalized_mse,0.005698061214019771,0.005392952715667367,0.006070432486958859,0.0,461
oasis,16,heat_norm18,selected_bounded_residual minus template_selected_bounded_residual,normalized_rmse,0.04809006114947309,0.04686846041571638,0.04941789364235194,0.0,461
oasis,16,heat_norm18,selected_bounded_residual minus template_selected_bounded_residual,normalized_mse,0.005714506197362395,0.005391955178906109,0.006117653338898008,0.0,461
oasis,16,matched_representation,random_robust: qsf minus heat_raw18,normalized_rmse,-0.01937778504456522,-0.019794199546063634,-0.01898801652791587,0.9978308026030369,461
oasis,16,matched_representation,random_robust: qsf minus heat_raw18,normalized_mse,-0.0029968149300599904,-0.0031586696990111266,-0.0028650175431138136,0.9978308026030369,461
oasis,16,matched_representation,random_robust: qsf minus heat_norm18,normalized_rmse,-0.02263578091446784,-0.02319317392623662,-0.022134019702954852,1.0,461
oasis,16,matched_representation,random_robust: qsf minus heat_norm18,normalized_mse,-0.003700298650593058,-0.004063385807271693,-0.003432858513403578,1.0,461
oasis,16,matched_representation,selected_robust: qsf minus heat_raw18,normalized_rmse,-0.018769883213366093,-0.019292299570846033,-0.01828833852927099,1.0,461
oasis,16,matched_representation,selected_robust: qsf minus heat_raw18,normalized_mse,-0.002731551041904448,-0.0029058922705851014,-0.00258760475163216,1.0,461
oasis,16,matched_representation,selected_robust: qsf minus heat_norm18,normalized_rmse,-0.02067630181822278,-0.021164772119863156,-0.020204249266391767,0.9978308026030369,461
oasis,16,matched_representation,selected_robust: qsf minus heat_norm18,normalized_mse,-0.003055826537190897,-0.0032475988574292747,-0.0028990309538714674,0.9978308026030369,461
oasis,32,qsf,selected_robust minus random_robust,normalized_rmse,-0.003611203783872146,-0.003887812878924053,-0.003343074169206032,0.9392624728850325,461
oasis,32,qsf,selected_robust minus random_robust,normalized_mse,-0.00036825163361612647,-0.0004241970472999352,-0.0003218973282160945,0.9392624728850325,461
oasis,32,qsf,random_robust minus random_ordinary,normalized_rmse,-0.0017218556375983125,-0.002032904392859139,-0.0014544862145652612,0.9436008676789588,461
oasis,32,qsf,random_robust minus random_ordinary,normalized_mse,-0.00023362079125419699,-0.00031067244924480033,-0.000169924233829613,0.9479392624728851,461
oasis,32,qsf,ordinary_selected minus random_ordinary,normalized_rmse,-0.0035788544576496957,-0.003816590717389669,-0.0033419906117550034,0.9370932754880694,461
oasis,32,qsf,ordinary_selected minus random_ordinary,normalized_mse,-0.000365117220039413,-0.00040219755832406377,-0.000331467187626929,0.9370932754880694,461
oasis,32,qsf,selected_sources_ordinary minus random_ordinary,normalized_rmse,-0.003467485783105054,-0.003724711304415706,-0.0032148497407296665,0.928416485900217,461
oasis,32,qsf,selected_sources_ordinary minus random_ordinary,normalized_mse,-0.0003527581235330745,-0.00039649794226686696,-0.0003116183534746783,0.9175704989154013,461
oasis,32,qsf,selected_robust minus selected_sources_ordinary,normalized_rmse,-0.0018655736383654043,-0.002239168123283439,-0.0015680255419150994,0.9392624728850325,461
oasis,32,qsf,selected_robust minus selected_sources_ordinary,normalized_mse,-0.00024911430133724887,-0.0003353171395998219,-0.0001756583111724627,0.9436008676789588,461
oasis,32,qsf,selected_robust minus random_ordinary,normalized_rmse,-0.005333059421470459,-0.005763016705002318,-0.004942928832973502,0.982646420824295,461
oasis,32,qsf,selected_robust minus random_ordinary,normalized_mse,-0.0006018724248703233,-0.0007043821197055143,-0.0005164349988455662,0.9783080260303688,461
oasis,32,qsf,spatial_robust minus selected_robust,normalized_rmse,-0.0010112760871601812,-0.0012815939827510241,-0.0007469394899207396,0.6442516268980477,461
oasis,32,qsf,spatial_robust minus selected_robust,normalized_mse,-0.00010674993898631216,-0.00015234829677585583,-6.710134788167198e-05,0.6529284164859002,461
oasis,32,qsf,floor_random_robust minus random_robust,normalized_rmse,0.004724468507491431,0.004534086471752384,0.0049471178661009045,0.006507592190889371,461
oasis,32,qsf,floor_random_robust minus random_robust,normalized_mse,0.0005240797246268881,0.00046890690303153204,0.0006102432911173334,0.006507592190889371,461
oasis,32,qsf,random_robust minus template_random_robust,normalized_rmse,0.02100293094532975,0.020215338347290536,0.02189590275322981,0.0,461
oasis,32,qsf,random_robust minus template_random_robust,normalized_mse,0.0017183389670590054,0.0015792416015808575,0.0018943272794947129,0.0,461
oasis,32,qsf,selected_robust minus template_selected_robust,normalized_rmse,0.019463766068977473,0.018817660382314135,0.02019522902544216,0.0,461
oasis,32,qsf,selected_robust minus template_selected_robust,normalized_mse,0.0014808075756739894,0.0013769222950823924,0.0016130837260230316,0.0,461
oasis,32,qsf,random_projection minus random_bounded_residual,normalized_rmse,0.0015567140200718863,0.001325201438844286,0.001832972029651805,0.08026030368763558,461
oasis,32,qsf,random_projection minus random_bounded_residual,normalized_mse,0.00019831608687787423,0.00014305286117148854,0.0002624577041044701,0.07158351409978309,461
oasis,32,qsf,random_robust minus atlas_random_aligned,normalized_rmse,0.026860643038231463,0.025907413276406253,0.02793050639292559,0.0,461
oasis,32,qsf,random_robust minus atlas_random_aligned,normalized_mse,0.002102876375955993,0.001940366700424124,0.0022901466494784826,0.0,461
oasis,32,qsf,selected_robust minus atlas_selected_aligned,normalized_rmse,0.023344033598433487,0.02251841949152041,0.024260232417644193,0.0,461
oasis,32,qsf,selected_robust minus atlas_selected_aligned,normalized_mse,0.0017395116100487739,0.0016072400579263879,0.0019053015746909598,0.0,461
oasis,32,qsf,random_projection minus template_random_projection,normalized_rmse,0.020193501675742118,0.019380081263392936,0.021091868497381958,0.0,461
oasis,32,qsf,random_projection minus template_random_projection,normalized_mse,0.0017594267272383482,0.0016055039398730835,0.0019459751551173753,0.0,461
oasis,32,qsf,random_bounded_residual minus template_random_bounded_residual,normalized_rmse,0.02100293094532975,0.02022111035970561,0.021877769312488086,0.0,461
oasis,32,qsf,random_bounded_residual minus template_random_bounded_residual,normalized_mse,0.0017183389670590054,0.0015780233646911885,0.0019013145368828456,0.0,461
oasis,32,qsf,selected_projection minus template_selected_projection,normalized_rmse,0.01894547921454731,0.01826234017344234,0.01975049111030376,0.0,461
oasis,32,qsf,selected_projection minus template_selected_projection,normalized_mse,0.0015377668870405303,0.0014125411084996708,0.0016869481870143183,0.0,461
oasis,32,qsf,selected_bounded_residual minus template_selected_bounded_residual,normalized_rmse,0.019463766068977473,0.018791443593307467,0.020218678329546956,0.0,461
oasis,32,qsf,selected_bounded_residual minus template_selected_bounded_residual,normalized_mse,0.0014808075756739894,0.0013745939162238807,0.0016168412060906456,0.0,461
oasis,32,heat_raw18,selected_robust minus random_robust,normalized_rmse,-0.003915369589378091,-0.004197011311245302,-0.0036408374453645717,0.9414316702819957,461
oasis,32,heat_raw18,selected_robust minus random_robust,normalized_mse,-0.0005479755252684745,-0.0006239022585970883,-0.0004901334467081519,0.9327548806941431,461
oasis,32,heat_raw18,random_robust minus random_ordinary,normalized_rmse,-0.0011992611608562735,-0.0015228536783611693,-0.0009546063968229404,0.8112798264642083,461
oasis,32,heat_raw18,random_robust minus random_ordinary,normalized_mse,-0.00023973288546037558,-0.000374639190993996,-0.0001541711972673301,0.8134490238611713,461
oasis,32,heat_raw18,ordinary_selected minus random_ordinary,normalized_rmse,-0.0032775403586466387,-0.0036209246590501215,-0.0029084367607416775,0.911062906724512,461
oasis,32,heat_raw18,ordinary_selected minus random_ordinary,normalized_mse,-0.00041611849226565667,-0.0005310925854928081,-0.0002743042228019918,0.9067245119305857,461
oasis,32,heat_raw18,selected_sources_ordinary minus random_ordinary,normalized_rmse,-0.003382315219465109,-0.0037357628623101635,-0.0030011271277311617,0.9002169197396963,461
oasis,32,heat_raw18,selected_sources_ordinary minus random_ordinary,normalized_mse,-0.00043219009048357234,-0.0005524342032091826,-0.0002860822323651782,0.9067245119305857,461
oasis,32,heat_raw18,selected_robust minus selected_sources_ordinary,normalized_rmse,-0.0017323155307692548,-0.0022905580891100677,-0.0013299487234665864,0.8676789587852495,461
oasis,32,heat_raw18,selected_robust minus selected_sources_ordinary,normalized_mse,-0.00035551832024527765,-0.0006151817974052454,-0.0001982051486364396,0.8676789587852495,461
oasis,32,heat_raw18,selected_robust minus random_ordinary,normalized_rmse,-0.0051146307502343644,-0.005559788872453468,-0.004740676095775348,0.9674620390455532,461
oasis,32,heat_raw18,selected_robust minus random_ordinary,normalized_mse,-0.00078770841072885,-0.0009494871209677052,-0.0006683931699288596,0.9566160520607375,461
oasis,32,heat_raw18,spatial_robust minus selected_robust,normalized_rmse,0.0004052561598771303,7.568291436839452e-05,0.0007174624464577823,0.45770065075921906,461
oasis,32,heat_raw18,spatial_robust minus selected_robust,normalized_mse,5.293616910990444e-05,-2.8683796813070772e-05,0.0001282236290093555,0.4772234273318872,461
oasis,32,heat_raw18,floor_random_robust minus random_robust,normalized_rmse,0.0020668611087213966,0.0015220410046132057,0.002552631251197158,0.13449023861171366,461
oasis,32,heat_raw18,floor_random_robust minus random_robust,normalized_mse,0.0001794811071972062,3.4649620152634865e-05,0.00030441461311867305,0.13449023861171366,461
oasis,32,heat_raw18,random_robust minus template_random_robust,normalized_rmse,0.03615161546003414,0.035003151126281884,0.03737434543784419,0.0,461
oasis,32,heat_raw18,random_robust minus template_random_robust,normalized_mse,0.003940409483211174,0.003688891792512548,0.004253179255512902,0.0,461
oasis,32,heat_raw18,selected_robust minus template_selected_robust,normalized_rmse,0.0342973199412522,0.03332036845768671,0.035427848316192403,0.0,461
oasis,32,heat_raw18,selected_robust minus template_selected_robust,normalized_mse,0.0035591278741109187,0.003323582400958146,0.0038375255836446756,0.0,461
oasis,32,heat_raw18,random_projection minus random_bounded_residual,normalized_rmse,0.0009522548261370042,0.0008137180321431069,0.001103103588027616,0.18655097613882862,461
oasis,32,heat_raw18,random_projection minus random_bounded_residual,normalized_mse,0.0001614304502875631,0.00012574194457458499,0.0002049354519403737,0.18004338394793926,461
oasis,32,heat_raw18,random_robust minus atlas_random_aligned,normalized_rmse,0.048109150113571926,0.04693003659203262,0.04943177961976274,0.0,461
oasis,32,heat_raw18,random_robust minus atlas_random_aligned,normalized_mse,0.004784007107841443,0.004504473117131852,0.005117906400709593,0.0,461
oasis,32,heat_raw18,selected_robust minus atlas_selected_aligned,normalized_rmse,0.04428128657557299,0.043149280801070125,0.045531630382613264,0.0,461
oasis,32,heat_raw18,selected_robust minus atlas_selected_aligned,normalized_mse,0.004240669239797916,0.003977084792333597,0.00457197657767975,0.0,461
oasis,32,heat_raw18,random_projection minus template_random_projection,normalized_rmse,0.035201550702909576,0.034113503494616546,0.036409416017188376,0.0,461
oasis,32,heat_raw18,random_projection minus template_random_projection,normalized_mse,0.003956004043301751,0.0036918971513747213,0.004275772427017153,0.0,461
oasis,32,heat_raw18,random_bounded_residual minus template_random_bounded_residual,normalized_rmse,0.03615161546003414,0.03501980762231596,0.03735004292224125,0.0,461
oasis,32,heat_raw18,random_bounded_residual minus template_random_bounded_residual,normalized_mse,0.003940409483211174,0.003691694060952592,0.0042376702079987266,0.0,461
oasis,32,heat_raw18,selected_projection minus template_selected_projection,normalized_rmse,0.03333586934388891,0.03233860890908136,0.034469181986613764,0.0,461
oasis,32,heat_raw18,selected_projection minus template_selected_projection,normalized_mse,0.003585065790492463,0.003340636937994776,0.003874677950000845,0.0,461
oasis,32,heat_raw18,selected_bounded_residual minus template_selected_bounded_residual,normalized_rmse,0.0342973199412522,0.03325876128375837,0.035428198650561335,0.0,461
oasis,32,heat_raw18,selected_bounded_residual minus template_selected_bounded_residual,normalized_mse,0.0035591278741109187,0.0033226858394932537,0.0038387092424046884,0.0,461
oasis,32,heat_norm18,selected_robust minus random_robust,normalized_rmse,-0.006023220327307194,-0.006385035023548636,-0.005686504003936881,0.982646420824295,461
oasis,32,heat_norm18,selected_robust minus random_robust,normalized_mse,-0.0009362331824724834,-0.0010801505623738443,-0.0008224643561250052,0.9804772234273319,461
oasis,32,heat_norm18,random_robust minus random_ordinary,normalized_rmse,-0.001617517648133292,-0.0019888771424438384,-0.001314454725531576,0.8546637744034707,461
oasis,32,heat_norm18,random_robust minus random_ordinary,normalized_mse,-0.00036738275510464805,-0.0005533429913673816,-0.00022331537954762103,0.8524945770065075,461
oasis,32,heat_norm18,ordinary_selected minus random_ordinary,normalized_rmse,-0.005787440620606153,-0.006194208419901113,-0.005408351351208182,0.9696312364425163,461
oasis,32,heat_norm18,ordinary_selected minus random_ordinary,normalized_mse,-0.000930077796189674,-0.0011323352205915484,-0.0007868248100063049,0.9696312364425163,461
oasis,32,heat_norm18,selected_sources_ordinary minus random_ordinary,normalized_rmse,-0.005727243714925189,-0.006177296320855778,-0.00531757224051808,0.9501084598698482,461
oasis,32,heat_norm18,selected_sources_ordinary minus random_ordinary,normalized_mse,-0.0009243122982512548,-0.0011304962565258007,-0.0007775972195620894,0.9457700650759219,461
oasis,32,heat_norm18,selected_robust minus selected_sources_ordinary,normalized_rmse,-0.001913494260515297,-0.002315345658562153,-0.0016082219547951262,0.9457700650759219,461
oasis,32,heat_norm18,selected_robust minus selected_sources_ordinary,normalized_mse,-0.00037930363932587674,-0.0005882084604794466,-0.00023527757638038715,0.9457700650759219,461
oasis,32,heat_norm18,selected_robust minus random_ordinary,normalized_rmse,-0.007640737975440486,-0.008267695773047219,-0.007100848472614538,0.9869848156182213,461
oasis,32,heat_norm18,selected_robust minus random_ordinary,normalized_mse,-0.0013036159375771313,-0.001618120331849674,-0.001067937655218029,0.9869848156182213,461
oasis,32,heat_norm18,spatial_robust minus selected_robust,normalized_rmse,0.0013259429983103245,0.0009365321056543918,0.0016744364205249274,0.2841648590021692,461
oasis,32,heat_norm18,spatial_robust minus selected_robust,normalized_mse,0.00012976443626310852,-6.057031266002885e-05,0.00025271105927764527,0.2950108459869848,461
oasis,32,heat_norm18,floor_random_robust minus random_robust,normalized_rmse,-0.004153574012820533,-0.004639112132250621,-0.003726994040742095,0.9631236442516269,461
oasis,32,heat_norm18,floor_random_robust minus random_robust,normalized_mse,-0.0006341178927325397,-0.0008480507566088984,-0.00044796553513357925,0.9609544468546638,461
oasis,32,heat_norm18,random_robust minus template_random_robust,normalized_rmse,0.03825337974387751,0.036866191210960256,0.03992486622304239,0.0,461
oasis,32,heat_norm18,random_robust minus template_random_robust,normalized_mse,0.0044383826674216495,0.003999101952626161,0.005014675848191662,0.0,461
oasis,32,heat_norm18,selected_robust minus template_selected_robust,normalized_rmse,0.03488896893865628,0.033684404360661724,0.036256089848801965,0.0,461
oasis,32,heat_norm18,selected_robust minus template_selected_robust,normalized_mse,0.0037214640928766324,0.0033644808137625916,0.00417487995642184,0.0,461
oasis,32,heat_norm18,random_projection minus random_bounded_residual,normalized_rmse,0.0007218467017347272,0.0005710576607865637,0.0008717741044734694,0.21258134490238612,461
oasis,32,heat_norm18,random_projection minus random_bounded_residual,normalized_mse,0.00011137428004258867,4.648672535872449e-05,0.00017172111849046592,0.21691973969631237,461
oasis,32,heat_norm18,random_robust minus atlas_random_aligned,normalized_rmse,0.05054362251602446,0.04907306994948314,0.0522847695898959,0.0,461
oasis,32,heat_norm18,random_robust minus atlas_random_aligned,normalized_mse,0.0053065212295310025,0.0048510028215367285,0.0058917730065205865,0.0,461
oasis,32,heat_norm18,selected_robust minus atlas_selected_aligned,normalized_rmse,0.044616035787044844,0.043309608172952645,0.04614680015066069,0.0,461
oasis,32,heat_norm18,selected_robust minus atlas_selected_aligned,normalized_mse,0.004375260398849484,0.004002148935768245,0.0048745210607544645,0.0,461
oasis,32,heat_norm18,random_projection minus template_random_projection,normalized_rmse,0.03703198212836394,0.0356783832407887,0.03860092637987168,0.0,461
oasis,32,heat_norm18,random_projection minus template_random_projection,normalized_mse,0.004399867665724311,0.003977671341353966,0.0049771967949719395,0.0,461
oasis,32,heat_norm18,random_bounded_residual minus template_random_bounded_residual,normalized_rmse,0.03825337974387751,0.03684678921475946,0.03984460430898511,0.0,461
oasis,32,heat_norm18,random_bounded_residual minus template_random_bounded_residual,normalized_mse,0.0044383826674216495,0.003996028669060513,0.005005972471258312,0.0,461
oasis,32,heat_norm18,selected_projection minus template_selected_projection,normalized_rmse,0.03371702703280191,0.03256318538110028,0.03509666731463486,0.0,461
oasis,32,heat_norm18,selected_projection minus template_selected_projection,normalized_mse,0.0037082827554414852,0.0033321875757959377,0.0041882776153975305,0.0,461
oasis,32,heat_norm18,selected_bounded_residual minus template_selected_bounded_residual,normalized_rmse,0.034986298284496176,0.03379595502125146,0.03639887065473839,0.0,461
oasis,32,heat_norm18,selected_bounded_residual minus template_selected_bounded_residual,normalized_mse,0.0037474581497232407,0.0033905997586068755,0.004221684508257712,0.0,461
oasis,32,matched_representation,random_robust: qsf minus heat_raw18,normalized_rmse,-0.02124850707534047,-0.021711270946009407,-0.020815605491697035,1.0,461
oasis,32,matched_representation,random_robust: qsf minus heat_raw18,normalized_mse,-0.0026811307318854506,-0.002839401241371632,-0.002547774372098027,1.0,461
oasis,32,matched_representation,random_robust: qsf minus heat_norm18,normalized_rmse,-0.023682979477793,-0.02445653670978009,-0.022979640235550877,1.0,461
oasis,32,matched_representation,random_robust: qsf minus heat_norm18,normalized_mse,-0.003203644853575011,-0.0036089919173969876,-0.0028864419049977755,1.0,461
oasis,32,matched_representation,selected_robust: qsf minus heat_raw18,normalized_rmse,-0.020944341269834525,-0.021454577945485814,-0.020477058967809117,1.0,461
oasis,32,matched_representation,selected_robust: qsf minus heat_raw18,normalized_mse,-0.002501406840233102,-0.0026750905212434197,-0.002362023201842541,1.0,461
oasis,32,matched_representation,selected_robust: qsf minus heat_norm18,normalized_rmse,-0.02127096293435795,-0.021983193989766957,-0.020634895503263136,1.0,461
oasis,32,matched_representation,selected_robust: qsf minus heat_norm18,normalized_mse,-0.0026356633047186534,-0.002977861983858439,-0.0023815522333808597,1.0,461
