cohort,source_count,encoder,track,split_id,mask_id,equal_participant_nrmse,equal_participant_nmse,row_mean_nrmse,p95,p99,maximum,rows_above_one,participants,records
hcp83,8,heat_norm18,atlas_random_aligned,1,1,0.025411690795930093,0.0006669034075423427,0.025411690795930093,0.03312611839809636,0.03671275292338038,0.0406264951091397,0,213,213
hcp83,8,heat_norm18,atlas_random_aligned,1,2,0.024622064397814763,0.0006252582590140666,0.024622064397814763,0.03293078033637596,0.03714388227155503,0.039195244428956,0,213,213
hcp83,8,heat_norm18,atlas_random_aligned,1,3,0.023484435755526053,0.0005660833877232089,0.023484435755526053,0.03046443589965996,0.03374415969697508,0.0354801504161178,0,213,213
hcp83,8,heat_norm18,atlas_random_aligned,2,1,0.024343581220994975,0.0006100260499983019,0.024343581220994975,0.03183278595567725,0.03493010747112405,0.0397651617407871,0,211,211
hcp83,8,heat_norm18,atlas_random_aligned,2,2,0.029219248049171746,0.0008898226063460535,0.029219248049171746,0.04035598019704465,0.043640213317541435,0.0568790930311739,0,211,211
hcp83,8,heat_norm18,atlas_random_aligned,2,3,0.02431901794417835,0.0006058967602890294,0.02431901794417835,0.0314648791312634,0.03495676916763588,0.0374959659852355,0,211,211
hcp83,8,heat_norm18,atlas_random_aligned,3,1,0.024730906463013538,0.0006531484168998724,0.024730906463013538,0.03179357474654134,0.040790483369976926,0.0945025532909163,0,213,213
hcp83,8,heat_norm18,atlas_random_aligned,3,2,0.027450797637098664,0.000791059110230837,0.027450797637098664,0.037024116909136075,0.045339548705375675,0.0731361954459171,0,213,213
hcp83,8,heat_norm18,atlas_random_aligned,3,3,0.025553810652680496,0.0006833279950977621,0.025553810652680496,0.03548397100816241,0.039940031334667773,0.0666196413886471,0,213,213
hcp83,8,heat_norm18,atlas_random_aligned,4,1,0.02646720531543146,0.0007245013445415778,0.02646720531543146,0.03509476686445103,0.04122645348312456,0.041624409548107,0,213,213
hcp83,8,heat_norm18,atlas_random_aligned,4,2,0.03019879080773907,0.0009595223042596958,0.03019879080773907,0.044961604804316484,0.05076778917813572,0.0519007373226938,0,213,213
hcp83,8,heat_norm18,atlas_random_aligned,4,3,0.02514074837277119,0.0006496941470187817,0.02514074837277119,0.03302315106725757,0.037994246958928404,0.0406792291010091,0,213,213
hcp83,8,heat_norm18,atlas_random_aligned,5,1,0.024784803714618858,0.0006483571227988446,0.024784803714618858,0.03287365277710542,0.039091630807035524,0.0801543123773862,0,213,213
hcp83,8,heat_norm18,atlas_random_aligned,5,2,0.025009705186758175,0.0006531585538164786,0.025009705186758175,0.03155791345797043,0.03479690091361158,0.0781467463102763,0,213,213
hcp83,8,heat_norm18,atlas_random_aligned,5,3,0.025303303625014963,0.0006711103364001566,0.025303303625014963,0.03278660363813005,0.03844536147624113,0.0755507659190455,0,213,213
hcp83,8,heat_norm18,atlas_random_mean,1,1,0.05757027747563375,0.004191696055470228,0.05757027747563375,0.09652195446537119,0.2039796739593863,0.2434485207866918,0,213,213
hcp83,8,heat_norm18,atlas_random_mean,1,2,0.059885704644818336,0.004475503027018642,0.059885704644818336,0.1026619399788968,0.20415829276501996,0.2458358321241312,0,213,213
hcp83,8,heat_norm18,atlas_random_mean,1,3,0.05667827619448714,0.004066282894965218,0.05667827619448714,0.09522688053298982,0.20550951499398004,0.2420466754100094,0,213,213
hcp83,8,heat_norm18,atlas_random_mean,2,1,0.05868810298111249,0.004600413244381603,0.05868810298111249,0.099853386388527,0.2026819334156894,0.2807449993646399,0,211,211
hcp83,8,heat_norm18,atlas_random_mean,2,2,0.061275249459560165,0.004899687409401773,0.061275249459560165,0.1057147946141575,0.20234510738112416,0.2770468131164135,0,211,211
hcp83,8,heat_norm18,atlas_random_mean,2,3,0.0582480095359914,0.0045296070741846555,0.0582480095359914,0.10335033061440504,0.20163144972914562,0.2813853313317889,0,211,211
hcp83,8,heat_norm18,atlas_random_mean,3,1,0.059010596550184896,0.004536610898766746,0.059010596550184896,0.1115024007411604,0.21218767990104723,0.2244853598043883,0,213,213
hcp83,8,heat_norm18,atlas_random_mean,3,2,0.0617723917469683,0.004880567722263458,0.0617723917469683,0.11577843569937576,0.2114105712874028,0.2263485422875545,0,213,213
hcp83,8,heat_norm18,atlas_random_mean,3,3,0.058611688171568345,0.0044883254361942,0.058611688171568345,0.1110990177212102,0.20958663609165973,0.2335626905593603,0,213,213
hcp83,8,heat_norm18,atlas_random_mean,4,1,0.057201082354256014,0.003970552892472824,0.057201082354256014,0.1011963263796828,0.16288947381484825,0.2009549984165289,0,213,213
hcp83,8,heat_norm18,atlas_random_mean,4,2,0.059598026976736496,0.004268916595148656,0.059598026976736496,0.10335322725419972,0.16793117748550482,0.2010416245763991,0,213,213
hcp83,8,heat_norm18,atlas_random_mean,4,3,0.056805159685061044,0.003915035024494794,0.056805159685061044,0.1017157566150352,0.16265389039423472,0.2006926205128737,0,213,213
hcp83,8,heat_norm18,atlas_random_mean,5,1,0.05772904464822362,0.003993205062474865,0.05772904464822362,0.09926358993730834,0.15970846712768627,0.2253149323304183,0,213,213
hcp83,8,heat_norm18,atlas_random_mean,5,2,0.060577578945781634,0.004354304306967907,0.060577578945781634,0.10472532061896783,0.1650456592013251,0.2273526050285006,0,213,213
hcp83,8,heat_norm18,atlas_random_mean,5,3,0.05763505653315198,0.003996293111874256,0.05763505653315198,0.09791141127331583,0.1600620625863941,0.2346386564586707,0,213,213
hcp83,8,heat_norm18,atlas_selected_aligned,1,1,0.02457608764464708,0.000624140428642185,0.02457608764464708,0.03218104524549924,0.03729797794889773,0.0400361562625839,0,213,213
hcp83,8,heat_norm18,atlas_selected_aligned,1,2,0.02739253748832122,0.0007761831590805502,0.02739253748832122,0.03512382911425371,0.042207795106573,0.0430570412587442,0,213,213
hcp83,8,heat_norm18,atlas_selected_aligned,1,3,0.024346078920364833,0.0006080340994929211,0.024346078920364833,0.03127966457212962,0.03447790746841244,0.0357335464722526,0,213,213
hcp83,8,heat_norm18,atlas_selected_aligned,2,1,0.024343581220994975,0.0006100260499983019,0.024343581220994975,0.03183278595567725,0.03493010747112405,0.0397651617407871,0,211,211
hcp83,8,heat_norm18,atlas_selected_aligned,2,2,0.028007417289807414,0.000815032308034846,0.028007417289807414,0.036308293182526194,0.04605149448558487,0.0549999974639583,0,211,211
hcp83,8,heat_norm18,atlas_selected_aligned,2,3,0.0246832383535762,0.0006243075556755772,0.0246832383535762,0.031623497538225145,0.03547171820853802,0.0366716694109365,0,211,211
hcp83,8,heat_norm18,atlas_selected_aligned,3,1,0.024881224681738742,0.0006525634539597182,0.024881224681738742,0.03240161014461858,0.04326253610824218,0.0777981725986299,0,213,213
hcp83,8,heat_norm18,atlas_selected_aligned,3,2,0.027835022293288998,0.000808115616525153,0.027835022293288998,0.036539806017649154,0.044749599888458926,0.0673994853411426,0,213,213
hcp83,8,heat_norm18,atlas_selected_aligned,3,3,0.02505279448706312,0.0006520853099795013,0.02505279448706312,0.033696863819140256,0.03800225020623859,0.0644482766898637,0,213,213
hcp83,8,heat_norm18,atlas_selected_aligned,4,1,0.0251596616533837,0.0006553559378670291,0.0251596616533837,0.033731985705693586,0.040905781608137,0.0462714807203457,0,213,213
hcp83,8,heat_norm18,atlas_selected_aligned,4,2,0.02787553785304436,0.0008056844003413028,0.02787553785304436,0.036832578909187945,0.04436981794483479,0.0494863267259776,0,213,213
hcp83,8,heat_norm18,atlas_selected_aligned,4,3,0.024990605276092304,0.0006413062812126296,0.024990605276092304,0.03382012736085568,0.03640661348510431,0.0407935075506427,0,213,213
hcp83,8,heat_norm18,atlas_selected_aligned,5,1,0.024784803714618858,0.0006483571227988446,0.024784803714618858,0.03287365277710542,0.039091630807035524,0.0801543123773862,0,213,213
hcp83,8,heat_norm18,atlas_selected_aligned,5,2,0.025537238879822465,0.0006797270488784602,0.025537238879822465,0.033395453903694194,0.03676030162941209,0.0678150469171241,0,213,213
hcp83,8,heat_norm18,atlas_selected_aligned,5,3,0.02471891446263264,0.0006334223001847301,0.02471891446263264,0.032138090489340854,0.03635733147325509,0.0644499827717402,0,213,213
hcp83,8,heat_norm18,atlas_selected_mean,1,1,0.05757027747563375,0.004191696055470228,0.05757027747563375,0.09652195446537119,0.2039796739593863,0.2434485207866918,0,213,213
hcp83,8,heat_norm18,atlas_selected_mean,1,2,0.059885704644818336,0.004475503027018642,0.059885704644818336,0.1026619399788968,0.20415829276501996,0.2458358321241312,0,213,213
hcp83,8,heat_norm18,atlas_selected_mean,1,3,0.05667827619448714,0.004066282894965218,0.05667827619448714,0.09522688053298982,0.20550951499398004,0.2420466754100094,0,213,213
hcp83,8,heat_norm18,atlas_selected_mean,2,1,0.05868810298111249,0.004600413244381603,0.05868810298111249,0.099853386388527,0.2026819334156894,0.2807449993646399,0,211,211
hcp83,8,heat_norm18,atlas_selected_mean,2,2,0.061275249459560165,0.004899687409401773,0.061275249459560165,0.1057147946141575,0.20234510738112416,0.2770468131164135,0,211,211
hcp83,8,heat_norm18,atlas_selected_mean,2,3,0.0582480095359914,0.0045296070741846555,0.0582480095359914,0.10335033061440504,0.20163144972914562,0.2813853313317889,0,211,211
hcp83,8,heat_norm18,atlas_selected_mean,3,1,0.059010596550184896,0.004536610898766746,0.059010596550184896,0.1115024007411604,0.21218767990104723,0.2244853598043883,0,213,213
hcp83,8,heat_norm18,atlas_selected_mean,3,2,0.0617723917469683,0.004880567722263458,0.0617723917469683,0.11577843569937576,0.2114105712874028,0.2263485422875545,0,213,213
hcp83,8,heat_norm18,atlas_selected_mean,3,3,0.058611688171568345,0.0044883254361942,0.058611688171568345,0.1110990177212102,0.20958663609165973,0.2335626905593603,0,213,213
hcp83,8,heat_norm18,atlas_selected_mean,4,1,0.057201082354256014,0.003970552892472824,0.057201082354256014,0.1011963263796828,0.16288947381484825,0.2009549984165289,0,213,213
hcp83,8,heat_norm18,atlas_selected_mean,4,2,0.059598026976736496,0.004268916595148656,0.059598026976736496,0.10335322725419972,0.16793117748550482,0.2010416245763991,0,213,213
hcp83,8,heat_norm18,atlas_selected_mean,4,3,0.056805159685061044,0.003915035024494794,0.056805159685061044,0.1017157566150352,0.16265389039423472,0.2006926205128737,0,213,213
hcp83,8,heat_norm18,atlas_selected_mean,5,1,0.05772904464822362,0.003993205062474865,0.05772904464822362,0.09926358993730834,0.15970846712768627,0.2253149323304183,0,213,213
hcp83,8,heat_norm18,atlas_selected_mean,5,2,0.060577578945781634,0.004354304306967907,0.060577578945781634,0.10472532061896783,0.1650456592013251,0.2273526050285006,0,213,213
hcp83,8,heat_norm18,atlas_selected_mean,5,3,0.05763505653315198,0.003996293111874256,0.05763505653315198,0.09791141127331583,0.1600620625863941,0.2346386564586707,0,213,213
hcp83,8,heat_norm18,floor_random_robust,1,1,0.1475853948023895,0.02202309854142205,0.1475853948023895,0.17659947464200088,0.2022914544826933,0.2083540238712123,0,213,213
hcp83,8,heat_norm18,floor_random_robust,1,2,0.16789647806902855,0.02832280217502769,0.16789647806902855,0.18967227516782806,0.19785253567809685,0.1994192001779564,0,213,213
hcp83,8,heat_norm18,floor_random_robust,1,3,0.131488373705838,0.017453912439467003,0.131488373705838,0.15446538125144432,0.16927490640520199,0.2124822205780817,0,213,213
hcp83,8,heat_norm18,floor_random_robust,2,1,0.13132359355187317,0.01758645606190914,0.13132359355187317,0.1659955794718804,0.18112231311139879,0.2743414811857758,0,211,211
hcp83,8,heat_norm18,floor_random_robust,2,2,0.18555738403828279,0.03470924985569011,0.18555738403828279,0.2058274528775983,0.2704628635316674,0.2730025445838169,0,211,211
hcp83,8,heat_norm18,floor_random_robust,2,3,0.13353980677426322,0.01799769536282711,0.13353980677426322,0.16360730286168634,0.17136411512615043,0.1785682821988283,0,211,211
hcp83,8,heat_norm18,floor_random_robust,3,1,0.14036892049070848,0.020111122737588045,0.14036892049070848,0.17322898539212286,0.21935408848081667,0.2345728186935603,0,213,213
hcp83,8,heat_norm18,floor_random_robust,3,2,0.17336030367414637,0.030310724257560775,0.17336030367414637,0.19800568272676228,0.24191983195442732,0.2584302682477561,0,213,213
hcp83,8,heat_norm18,floor_random_robust,3,3,0.14024499272828567,0.0198636730036627,0.14024499272828567,0.16203627892387734,0.1921177782152937,0.2216307720558714,0,213,213
hcp83,8,heat_norm18,floor_random_robust,4,1,0.1616997225330917,0.026304662403993345,0.1616997225330917,0.18375778081798722,0.1961830643621871,0.2019704277413397,0,213,213
hcp83,8,heat_norm18,floor_random_robust,4,2,0.17906394321137228,0.03223800912668795,0.17906394321137228,0.20171841741829594,0.21330602187973097,0.2564766508694523,0,213,213
hcp83,8,heat_norm18,floor_random_robust,4,3,0.13951161806386048,0.019639753534658893,0.13951161806386048,0.16256033954324045,0.18450652976778906,0.1926672711484574,0,213,213
hcp83,8,heat_norm18,floor_random_robust,5,1,0.13259664522830533,0.017938541993876667,0.13259664522830533,0.1648429684736156,0.20038628666732503,0.2142350586958124,0,213,213
hcp83,8,heat_norm18,floor_random_robust,5,2,0.1705598270636096,0.029302724203210256,0.1705598270636096,0.19530907638072362,0.2277012000492417,0.246313798684081,0,213,213
hcp83,8,heat_norm18,floor_random_robust,5,3,0.14212078277165288,0.020336387561687062,0.14212078277165288,0.1605915207661085,0.1731791007232403,0.2154979077635223,0,213,213
hcp83,8,heat_norm18,ordinary_selected,1,1,0.13460855452738316,0.018386014727813826,0.13460855452738316,0.16219800458263764,0.19141059194370466,0.2116823998329435,0,213,213
hcp83,8,heat_norm18,ordinary_selected,1,2,0.15726261411346,0.024873469310327675,0.15726261411346,0.17911384982210704,0.19260741911645318,0.2052357181540513,0,213,213
hcp83,8,heat_norm18,ordinary_selected,1,3,0.13420409183175655,0.01815171926058409,0.13420409183175655,0.15399638660529805,0.16858570305522558,0.2000648142362776,0,213,213
hcp83,8,heat_norm18,ordinary_selected,2,1,0.1341950299708839,0.018325912189902153,0.1341950299708839,0.1672704693100272,0.19332085908023516,0.2172517446244542,0,211,211
hcp83,8,heat_norm18,ordinary_selected,2,2,0.15990527380261385,0.025801295725951943,0.15990527380261385,0.18888797321109368,0.2089900486306733,0.2455066097765004,0,211,211
hcp83,8,heat_norm18,ordinary_selected,2,3,0.13361591576554488,0.01798539848311287,0.13361591576554488,0.1585812929904809,0.17022800334868182,0.1769231761761015,0,211,211
hcp83,8,heat_norm18,ordinary_selected,3,1,0.1329888020066829,0.018004816218943273,0.1329888020066829,0.16571633272408845,0.1916650195466643,0.2269409831434098,0,213,213
hcp83,8,heat_norm18,ordinary_selected,3,2,0.16052570638862448,0.026001234507733728,0.16052570638862448,0.19199813362967721,0.2098821669432233,0.2336546742236777,0,213,213
hcp83,8,heat_norm18,ordinary_selected,3,3,0.1355168983535002,0.01855258887987402,0.1355168983535002,0.15945614169675046,0.17935365477753396,0.2000415758115968,0,213,213
hcp83,8,heat_norm18,ordinary_selected,4,1,0.13155871576742403,0.0175488656962272,0.13155871576742403,0.1573656292545286,0.1812846186153097,0.1965519775165292,0,213,213
hcp83,8,heat_norm18,ordinary_selected,4,2,0.15989408036013086,0.02574367823076994,0.15989408036013086,0.1832883310849311,0.20783299437844968,0.2265342005060253,0,213,213
hcp83,8,heat_norm18,ordinary_selected,4,3,0.1348039703026242,0.01831281014880298,0.1348039703026242,0.15846666254623107,0.1685517591184494,0.1719085278258511,0,213,213
hcp83,8,heat_norm18,ordinary_selected,5,1,0.13444419394911522,0.01831379566558171,0.13444419394911522,0.16215660323838763,0.18068260488072937,0.206089430379416,0,213,213
hcp83,8,heat_norm18,ordinary_selected,5,2,0.1603786217667302,0.025918512251081906,0.1603786217667302,0.1846410320956393,0.20943411586492533,0.2223614768505024,0,213,213
hcp83,8,heat_norm18,ordinary_selected,5,3,0.13352499980165167,0.017982694089558618,0.13352499980165167,0.15407755142881963,0.16930720474053168,0.1992536628542697,0,213,213
hcp83,8,heat_norm18,random_bounded_residual,1,1,0.14582612834942446,0.021466944273080067,0.14582612834942446,0.17057538155713411,0.19296093155070032,0.2137957580226649,0,213,213
hcp83,8,heat_norm18,random_bounded_residual,1,2,0.1672615331421524,0.02811149205365497,0.1672615331421524,0.18963134961776484,0.19891307026657884,0.2021364035662863,0,213,213
hcp83,8,heat_norm18,random_bounded_residual,1,3,0.13525064646717092,0.01845726181677883,0.13525064646717092,0.15767300625785333,0.1688972430000252,0.215305005325161,0,213,213
hcp83,8,heat_norm18,random_bounded_residual,2,1,0.13196750127116377,0.017690505526422585,0.13196750127116377,0.16620152074728362,0.18099695676548186,0.2046967506247426,0,211,211
hcp83,8,heat_norm18,random_bounded_residual,2,2,0.1827817455985378,0.03364761130880539,0.1827817455985378,0.202642968613495,0.2419255427766919,0.2642432258434686,0,211,211
hcp83,8,heat_norm18,random_bounded_residual,2,3,0.13776291098727522,0.019148079197246894,0.13776291098727522,0.16437163425643986,0.17950018773809667,0.1829613822200888,0,211,211
hcp83,8,heat_norm18,random_bounded_residual,3,1,0.1404298981353924,0.02008479540043388,0.1404298981353924,0.17276909555868974,0.204657654787816,0.2283660858634801,0,213,213
hcp83,8,heat_norm18,random_bounded_residual,3,2,0.17563322195720757,0.03107622828061897,0.17563322195720757,0.20304193591020947,0.23306426619357845,0.2470885460382152,0,213,213
hcp83,8,heat_norm18,random_bounded_residual,3,3,0.14368615989926226,0.020812240969296236,0.14368615989926226,0.16731490908177674,0.19228336488858708,0.207290179427078,0,213,213
hcp83,8,heat_norm18,random_bounded_residual,4,1,0.16411405594656223,0.027057907268288505,0.16411405594656223,0.1828129894429349,0.19664367276114075,0.2052123843597099,0,213,213
hcp83,8,heat_norm18,random_bounded_residual,4,2,0.18354472992442122,0.03387020571915602,0.18354472992442122,0.20264863409269357,0.23754089839945708,0.255895525353181,0,213,213
hcp83,8,heat_norm18,random_bounded_residual,4,3,0.1423698975840936,0.020415250506826084,0.1423698975840936,0.16484722626433895,0.17666791481607533,0.1851689673924498,0,213,213
hcp83,8,heat_norm18,random_bounded_residual,5,1,0.1337358510814839,0.018225028455486684,0.1337358510814839,0.1640478629814585,0.18767002520016493,0.2228992638878709,0,213,213
hcp83,8,heat_norm18,random_bounded_residual,5,2,0.17425765307089217,0.030676979190838838,0.17425765307089217,0.19743909917259628,0.2391763057024727,0.3085528050652203,0,213,213
hcp83,8,heat_norm18,random_bounded_residual,5,3,0.14365416639144607,0.02077530360266345,0.14365416639144607,0.16263036110832974,0.17776754145929324,0.2125000474594086,0,213,213
hcp83,8,heat_norm18,random_ordinary,1,1,0.1489915233368226,0.02239495701026275,0.1489915233368226,0.1744274419742447,0.19387964154766887,0.2123016780697458,0,213,213
hcp83,8,heat_norm18,random_ordinary,1,2,0.17231634617940722,0.02984450138300396,0.17231634617940722,0.19612035448750673,0.20331770327844045,0.2128083658048772,0,213,213
hcp83,8,heat_norm18,random_ordinary,1,3,0.13685153632790342,0.01891500289412799,0.13685153632790342,0.16152313312627278,0.1813043638773183,0.2196011681563719,0,213,213
hcp83,8,heat_norm18,random_ordinary,2,1,0.1341950299708839,0.018325912189902153,0.1341950299708839,0.1672704693100272,0.19332085908023516,0.2172517446244542,0,211,211
hcp83,8,heat_norm18,random_ordinary,2,2,0.18539011322680088,0.03463185144160403,0.18539011322680088,0.2059856478295897,0.24245712140699519,0.2780402255124449,0,211,211
hcp83,8,heat_norm18,random_ordinary,2,3,0.13990636612607013,0.01976739434557272,0.13990636612607013,0.16948526998217284,0.17833293409093282,0.1819273364366061,0,211,211
hcp83,8,heat_norm18,random_ordinary,3,1,0.1431479309659245,0.020914368639368436,0.1431479309659245,0.17921383733318058,0.21053320234232717,0.2353031216448708,0,213,213
hcp83,8,heat_norm18,random_ordinary,3,2,0.17810894435024782,0.03198435508786917,0.17810894435024782,0.20835933701943116,0.2238618050473176,0.251788613380134,0,213,213
hcp83,8,heat_norm18,random_ordinary,3,3,0.14626715676408514,0.02158764925646776,0.14626715676408514,0.17073546098696146,0.19590907016055004,0.2098343258645992,0,213,213
hcp83,8,heat_norm18,random_ordinary,4,1,0.1690184605387245,0.0287422913239624,0.1690184605387245,0.19144817425334504,0.21272006745433414,0.2150771358699003,0,213,213
hcp83,8,heat_norm18,random_ordinary,4,2,0.18612334906234604,0.03487133352064912,0.18612334906234604,0.20773010779126574,0.25342809907312264,0.2640651207100133,0,213,213
hcp83,8,heat_norm18,random_ordinary,4,3,0.14337952202924623,0.020705862533558918,0.14337952202924623,0.16655222745586318,0.18037646745760805,0.186636165918124,0,213,213
hcp83,8,heat_norm18,random_ordinary,5,1,0.13622115776333,0.01892404944058741,0.13622115776333,0.1660493131402984,0.19942876249486954,0.2272966314925646,0,213,213
hcp83,8,heat_norm18,random_ordinary,5,2,0.17704656012920655,0.031780555850518664,0.17704656012920655,0.2008485907636744,0.2281702872280692,0.3985537342915873,0,213,213
hcp83,8,heat_norm18,random_ordinary,5,3,0.145521179027643,0.02134035788334546,0.145521179027643,0.16953996026201776,0.17775304266271735,0.212191078219249,0,213,213
hcp83,8,heat_norm18,random_projection,1,1,0.1471029421775934,0.021859417834553113,0.1471029421775934,0.17295582441618781,0.19321537595276989,0.2176727816271472,0,213,213
hcp83,8,heat_norm18,random_projection,1,2,0.16922808994562993,0.028786050611955848,0.16922808994562993,0.19368190942576125,0.20060190251050064,0.2021598555605656,0,213,213
hcp83,8,heat_norm18,random_projection,1,3,0.13685153632790342,0.01891500289412799,0.13685153632790342,0.16152313312627278,0.1813043638773183,0.2196011681563719,0,213,213
hcp83,8,heat_norm18,random_projection,2,1,0.1341950299708839,0.018325912189902153,0.1341950299708839,0.1672704693100272,0.19332085908023516,0.2172517446244542,0,211,211
hcp83,8,heat_norm18,random_projection,2,2,0.185213787174557,0.03455903853305954,0.185213787174557,0.20473790887889698,0.24245712140699519,0.2780402255124449,0,211,211
hcp83,8,heat_norm18,random_projection,2,3,0.13930412010961662,0.01958354094207675,0.13930412010961662,0.1682208240912775,0.17832426956578637,0.1813942446632635,0,211,211
hcp83,8,heat_norm18,random_projection,3,1,0.1422460642162657,0.02061214831090386,0.1422460642162657,0.17420830992149375,0.2099417640922463,0.2275573750206073,0,213,213
hcp83,8,heat_norm18,random_projection,3,2,0.17795504137335433,0.03192412717588863,0.17795504137335433,0.20682471036772013,0.2238618050473176,0.2518137799349932,0,213,213
hcp83,8,heat_norm18,random_projection,3,3,0.14508978960707364,0.021229341069099343,0.14508978960707364,0.16858725647784506,0.1941196302511263,0.2097566148023098,0,213,213
hcp83,8,heat_norm18,random_projection,4,1,0.1657719350266396,0.027613294628517335,0.1657719350266396,0.1846735613214676,0.19792085851573255,0.2136549910298751,0,213,213
hcp83,8,heat_norm18,random_projection,4,2,0.1855504094276724,0.03462164399835396,0.1855504094276724,0.20662448649372658,0.2393917700854389,0.2640651207100133,0,213,213
hcp83,8,heat_norm18,random_projection,4,3,0.14337952202924623,0.020705862533558918,0.14337952202924623,0.16655222745586318,0.18037646745760805,0.186636165918124,0,213,213
hcp83,8,heat_norm18,random_projection,5,1,0.13596344729408166,0.0188532376659729,0.13596344729408166,0.1660493131402984,0.19942876249486954,0.2272966314925646,0,213,213
hcp83,8,heat_norm18,random_projection,5,2,0.1748195648082637,0.03074081081671995,0.1748195648082637,0.19824782161590093,0.22681870025892314,0.231518271718349,0,213,213
hcp83,8,heat_norm18,random_projection,5,3,0.1455880243593139,0.021341374936346528,0.1455880243593139,0.16606647094678498,0.17775660765398474,0.2205905855318114,0,213,213
hcp83,8,heat_norm18,random_robust,1,1,0.14582612834942446,0.021466944273080067,0.14582612834942446,0.17057538155713411,0.19296093155070032,0.2137957580226649,0,213,213
hcp83,8,heat_norm18,random_robust,1,2,0.1672615331421524,0.02811149205365497,0.1672615331421524,0.18963134961776484,0.19891307026657884,0.2021364035662863,0,213,213
hcp83,8,heat_norm18,random_robust,1,3,0.13525064646717092,0.01845726181677883,0.13525064646717092,0.15767300625785333,0.1688972430000252,0.215305005325161,0,213,213
hcp83,8,heat_norm18,random_robust,2,1,0.13196750127116377,0.017690505526422585,0.13196750127116377,0.16620152074728362,0.18099695676548186,0.2046967506247426,0,211,211
hcp83,8,heat_norm18,random_robust,2,2,0.1827817455985378,0.03364761130880539,0.1827817455985378,0.202642968613495,0.2419255427766919,0.2642432258434686,0,211,211
hcp83,8,heat_norm18,random_robust,2,3,0.13776291098727522,0.019148079197246894,0.13776291098727522,0.16437163425643986,0.17950018773809667,0.1829613822200888,0,211,211
hcp83,8,heat_norm18,random_robust,3,1,0.1404298981353924,0.02008479540043388,0.1404298981353924,0.17276909555868974,0.204657654787816,0.2283660858634801,0,213,213
hcp83,8,heat_norm18,random_robust,3,2,0.17563322195720757,0.03107622828061897,0.17563322195720757,0.20304193591020947,0.23306426619357845,0.2470885460382152,0,213,213
hcp83,8,heat_norm18,random_robust,3,3,0.14368615989926226,0.020812240969296236,0.14368615989926226,0.16731490908177674,0.19228336488858708,0.207290179427078,0,213,213
hcp83,8,heat_norm18,random_robust,4,1,0.16411405594656223,0.027057907268288505,0.16411405594656223,0.1828129894429349,0.19664367276114075,0.2052123843597099,0,213,213
hcp83,8,heat_norm18,random_robust,4,2,0.18354472992442122,0.03387020571915602,0.18354472992442122,0.20264863409269357,0.23754089839945708,0.255895525353181,0,213,213
hcp83,8,heat_norm18,random_robust,4,3,0.1423698975840936,0.020415250506826084,0.1423698975840936,0.16484722626433895,0.17666791481607533,0.1851689673924498,0,213,213
hcp83,8,heat_norm18,random_robust,5,1,0.1337358510814839,0.018225028455486684,0.1337358510814839,0.1640478629814585,0.18767002520016493,0.2228992638878709,0,213,213
hcp83,8,heat_norm18,random_robust,5,2,0.17425765307089217,0.030676979190838838,0.17425765307089217,0.19743909917259628,0.2391763057024727,0.3085528050652203,0,213,213
hcp83,8,heat_norm18,random_robust,5,3,0.14365416639144607,0.02077530360266345,0.14365416639144607,0.16263036110832974,0.17776754145929324,0.2125000474594086,0,213,213
hcp83,8,heat_norm18,selected_bounded_residual,1,1,0.13372268586700778,0.01812880674153776,0.13372268586700778,0.16045797825568076,0.1852170409308479,0.212213322624456,0,213,213
hcp83,8,heat_norm18,selected_bounded_residual,1,2,0.15472623142624703,0.024092819491912502,0.15472623142624703,0.17336422798380793,0.19236855306298517,0.233470231443335,0,213,213
hcp83,8,heat_norm18,selected_bounded_residual,1,3,0.13266875481056972,0.017720174013403565,0.13266875481056972,0.15089751152588973,0.16206605332819185,0.1953413488170032,0,213,213
hcp83,8,heat_norm18,selected_bounded_residual,2,1,0.13196750127116377,0.017690505526422585,0.13196750127116377,0.16620152074728362,0.18099695676548186,0.2046967506247426,0,211,211
hcp83,8,heat_norm18,selected_bounded_residual,2,2,0.15819823691778337,0.025226413803109853,0.15819823691778337,0.18299663792760584,0.21193927643190683,0.2405089146686303,0,211,211
hcp83,8,heat_norm18,selected_bounded_residual,2,3,0.13217795844024494,0.017592117025300745,0.13217795844024494,0.15555889138850276,0.1661368279792075,0.1722277671872445,0,211,211
hcp83,8,heat_norm18,selected_bounded_residual,3,1,0.1319862145780885,0.017713125035231637,0.1319862145780885,0.16437137058603482,0.18998694987581533,0.2182917003610212,0,213,213
hcp83,8,heat_norm18,selected_bounded_residual,3,2,0.15898561293964666,0.02547605109083648,0.15898561293964666,0.18372028632970944,0.2070260408707655,0.2292304735881352,0,213,213
hcp83,8,heat_norm18,selected_bounded_residual,3,3,0.1337292218197872,0.018051284637381593,0.1337292218197872,0.15595681457086666,0.17652241474752062,0.1950066994895322,0,213,213
hcp83,8,heat_norm18,selected_bounded_residual,4,1,0.1303357623439071,0.017215578388034555,0.1303357623439071,0.1566783874586217,0.1800873575111931,0.1943230586289925,0,213,213
hcp83,8,heat_norm18,selected_bounded_residual,4,2,0.15845129857066861,0.025274310631919573,0.15845129857066861,0.1816725027819314,0.2064070642317625,0.2225392763179068,0,213,213
hcp83,8,heat_norm18,selected_bounded_residual,4,3,0.13306813122197436,0.017835526483009713,0.13306813122197436,0.15614664162721284,0.1636093533332181,0.1733939251478884,0,213,213
hcp83,8,heat_norm18,selected_bounded_residual,5,1,0.1337358510814839,0.018225028455486684,0.1337358510814839,0.1640478629814585,0.18767002520016493,0.2228992638878709,0,213,213
hcp83,8,heat_norm18,selected_bounded_residual,5,2,0.16000476985781226,0.025771539381165297,0.16000476985781226,0.18451374453989028,0.19880034272388833,0.2150564210342369,0,213,213
hcp83,8,heat_norm18,selected_bounded_residual,5,3,0.13191008208149144,0.017540055971228603,0.13191008208149144,0.14854406350883612,0.1677323047658442,0.193285085556683,0,213,213
hcp83,8,heat_norm18,selected_projection,1,1,0.13460855452738316,0.018386014727813826,0.13460855452738316,0.16219800458263764,0.19141059194370466,0.2116823998329435,0,213,213
hcp83,8,heat_norm18,selected_projection,1,2,0.1558153810068043,0.024446379615582967,0.1558153810068043,0.1773507989566616,0.198594125665746,0.2329527846150317,0,213,213
hcp83,8,heat_norm18,selected_projection,1,3,0.13389679468714924,0.01805820548560942,0.13389679468714924,0.15352126046086423,0.16661512675111584,0.1964819189390449,0,213,213
hcp83,8,heat_norm18,selected_projection,2,1,0.1341950299708839,0.018325912189902153,0.1341950299708839,0.1672704693100272,0.19332085908023516,0.2172517446244542,0,211,211
hcp83,8,heat_norm18,selected_projection,2,2,0.15946417267549243,0.02564793546580674,0.15946417267549243,0.18540472114569678,0.208778036033289,0.2455066097765004,0,211,211
hcp83,8,heat_norm18,selected_projection,2,3,0.1334097595486981,0.017926085867260577,0.1334097595486981,0.15653290535104442,0.16997173673010277,0.1768232117827854,0,211,211
hcp83,8,heat_norm18,selected_projection,3,1,0.13287880874127123,0.01795746924378677,0.13287880874127123,0.16571633272408845,0.1916650195466643,0.2180926288288465,0,213,213
hcp83,8,heat_norm18,selected_projection,3,2,0.16025292705275201,0.02590624362951768,0.16025292705275201,0.18822245400238047,0.2098821669432233,0.2336546742236777,0,213,213
hcp83,8,heat_norm18,selected_projection,3,3,0.13503213825932706,0.01840922881475289,0.13503213825932706,0.15733812954204754,0.17607427461279357,0.1984936873506769,0,213,213
hcp83,8,heat_norm18,selected_projection,4,1,0.13155871576742403,0.0175488656962272,0.13155871576742403,0.1573656292545286,0.1812846186153097,0.1965519775165292,0,213,213
hcp83,8,heat_norm18,selected_projection,4,2,0.15978929827011862,0.025702841089367323,0.15978929827011862,0.1832883310849311,0.20753587015797262,0.2265342005060253,0,213,213
hcp83,8,heat_norm18,selected_projection,4,3,0.13432110260639918,0.018174766650448402,0.13432110260639918,0.1573016115567587,0.16736244624082924,0.1719085278258511,0,213,213
hcp83,8,heat_norm18,selected_projection,5,1,0.13596344729408166,0.0188532376659729,0.13596344729408166,0.1660493131402984,0.19942876249486954,0.2272966314925646,0,213,213
hcp83,8,heat_norm18,selected_projection,5,2,0.16183325279663824,0.02637194330820403,0.16183325279663824,0.1863285440292983,0.20370373598776634,0.2132325585466054,0,213,213
hcp83,8,heat_norm18,selected_projection,5,3,0.13321571568780277,0.017894864984093754,0.13321571568780277,0.15333161967479275,0.16922118180931545,0.1967896648046846,0,213,213
hcp83,8,heat_norm18,selected_robust,1,1,0.13372268586700778,0.01812880674153776,0.13372268586700778,0.16045797825568076,0.1852170409308479,0.212213322624456,0,213,213
hcp83,8,heat_norm18,selected_robust,1,2,0.15472623142624703,0.024092819491912502,0.15472623142624703,0.17336422798380793,0.19236855306298517,0.233470231443335,0,213,213
hcp83,8,heat_norm18,selected_robust,1,3,0.13266875481056972,0.017720174013403565,0.13266875481056972,0.15089751152588973,0.16206605332819185,0.1953413488170032,0,213,213
hcp83,8,heat_norm18,selected_robust,2,1,0.13196750127116377,0.017690505526422585,0.13196750127116377,0.16620152074728362,0.18099695676548186,0.2046967506247426,0,211,211
hcp83,8,heat_norm18,selected_robust,2,2,0.15819823691778337,0.025226413803109853,0.15819823691778337,0.18299663792760584,0.21193927643190683,0.2405089146686303,0,211,211
hcp83,8,heat_norm18,selected_robust,2,3,0.13217795844024494,0.017592117025300745,0.13217795844024494,0.15555889138850276,0.1661368279792075,0.1722277671872445,0,211,211
hcp83,8,heat_norm18,selected_robust,3,1,0.1319862145780885,0.017713125035231637,0.1319862145780885,0.16437137058603482,0.18998694987581533,0.2182917003610212,0,213,213
hcp83,8,heat_norm18,selected_robust,3,2,0.15898561293964666,0.02547605109083648,0.15898561293964666,0.18372028632970944,0.2070260408707655,0.2292304735881352,0,213,213
hcp83,8,heat_norm18,selected_robust,3,3,0.1337292218197872,0.018051284637381593,0.1337292218197872,0.15595681457086666,0.17652241474752062,0.1950066994895322,0,213,213
hcp83,8,heat_norm18,selected_robust,4,1,0.1303357623439071,0.017215578388034555,0.1303357623439071,0.1566783874586217,0.1800873575111931,0.1943230586289925,0,213,213
hcp83,8,heat_norm18,selected_robust,4,2,0.15845129857066861,0.025274310631919573,0.15845129857066861,0.1816725027819314,0.2064070642317625,0.2225392763179068,0,213,213
hcp83,8,heat_norm18,selected_robust,4,3,0.13306813122197436,0.017835526483009713,0.13306813122197436,0.15614664162721284,0.1636093533332181,0.1733939251478884,0,213,213
hcp83,8,heat_norm18,selected_robust,5,1,0.1337358510814839,0.018225028455486684,0.1337358510814839,0.1640478629814585,0.18767002520016493,0.2228992638878709,0,213,213
hcp83,8,heat_norm18,selected_robust,5,2,0.16000476985781226,0.025771539381165297,0.16000476985781226,0.18451374453989028,0.19880034272388833,0.2150564210342369,0,213,213
hcp83,8,heat_norm18,selected_robust,5,3,0.13191008208149144,0.017540055971228603,0.13191008208149144,0.14854406350883612,0.1677323047658442,0.193285085556683,0,213,213
hcp83,8,heat_norm18,selected_sources_ordinary,1,1,0.13460855452738316,0.018386014727813826,0.13460855452738316,0.16219800458263764,0.19141059194370466,0.2116823998329435,0,213,213
hcp83,8,heat_norm18,selected_sources_ordinary,1,2,0.15726261411346,0.024873469310327675,0.15726261411346,0.17911384982210704,0.19260741911645318,0.2052357181540513,0,213,213
hcp83,8,heat_norm18,selected_sources_ordinary,1,3,0.13420409183175655,0.01815171926058409,0.13420409183175655,0.15399638660529805,0.16858570305522558,0.2000648142362776,0,213,213
hcp83,8,heat_norm18,selected_sources_ordinary,2,1,0.1341950299708839,0.018325912189902153,0.1341950299708839,0.1672704693100272,0.19332085908023516,0.2172517446244542,0,211,211
hcp83,8,heat_norm18,selected_sources_ordinary,2,2,0.15990527380261385,0.025801295725951943,0.15990527380261385,0.18888797321109368,0.2089900486306733,0.2455066097765004,0,211,211
hcp83,8,heat_norm18,selected_sources_ordinary,2,3,0.13361591576554488,0.01798539848311287,0.13361591576554488,0.1585812929904809,0.17022800334868182,0.1769231761761015,0,211,211
hcp83,8,heat_norm18,selected_sources_ordinary,3,1,0.1329888020066829,0.018004816218943273,0.1329888020066829,0.16571633272408845,0.1916650195466643,0.2269409831434098,0,213,213
hcp83,8,heat_norm18,selected_sources_ordinary,3,2,0.16052570638862448,0.026001234507733728,0.16052570638862448,0.19199813362967721,0.2098821669432233,0.2336546742236777,0,213,213
hcp83,8,heat_norm18,selected_sources_ordinary,3,3,0.1355168983535002,0.01855258887987402,0.1355168983535002,0.15945614169675046,0.17935365477753396,0.2000415758115968,0,213,213
hcp83,8,heat_norm18,selected_sources_ordinary,4,1,0.13155871576742403,0.0175488656962272,0.13155871576742403,0.1573656292545286,0.1812846186153097,0.1965519775165292,0,213,213
hcp83,8,heat_norm18,selected_sources_ordinary,4,2,0.15989408036013086,0.02574367823076994,0.15989408036013086,0.1832883310849311,0.20783299437844968,0.2265342005060253,0,213,213
hcp83,8,heat_norm18,selected_sources_ordinary,4,3,0.1348039703026242,0.01831281014880298,0.1348039703026242,0.15846666254623107,0.1685517591184494,0.1719085278258511,0,213,213
hcp83,8,heat_norm18,selected_sources_ordinary,5,1,0.13622115776333,0.01892404944058741,0.13622115776333,0.1660493131402984,0.19942876249486954,0.2272966314925646,0,213,213
hcp83,8,heat_norm18,selected_sources_ordinary,5,2,0.16206697525398964,0.026449964339456452,0.16206697525398964,0.1861638569827857,0.20378488614906878,0.2128031086615724,0,213,213
hcp83,8,heat_norm18,selected_sources_ordinary,5,3,0.13352499980165167,0.017982694089558618,0.13352499980165167,0.15407755142881963,0.16930720474053168,0.1992536628542697,0,213,213
hcp83,8,heat_norm18,spatial_robust,1,1,0.1473192333010584,0.021868727485764305,0.1473192333010584,0.16913131859976713,0.18838393921855273,0.2001660837298069,0,213,213
hcp83,8,heat_norm18,spatial_robust,1,2,0.16394132264636682,0.027068149034981066,0.16394132264636682,0.19072530591830592,0.19871095051301424,0.2065163703695377,0,213,213
hcp83,8,heat_norm18,spatial_robust,1,3,0.134405212918798,0.018232596571155314,0.134405212918798,0.15888716485646717,0.17008180155164038,0.1962613762173516,0,213,213
hcp83,8,heat_norm18,spatial_robust,2,1,0.1309333634433277,0.017311591917186762,0.1309333634433277,0.150723316444641,0.17754876832549876,0.1886618913128561,0,211,211
hcp83,8,heat_norm18,spatial_robust,2,2,0.16367457335453822,0.026966205723693584,0.16367457335453822,0.18698800751953934,0.19509570548675279,0.2139252086983196,0,211,211
hcp83,8,heat_norm18,spatial_robust,2,3,0.13486627713857963,0.018359948628290868,0.13486627713857963,0.16295742018953735,0.17293996244577717,0.1736096246233581,0,211,211
hcp83,8,heat_norm18,spatial_robust,3,1,0.13171489050753196,0.017605750360444414,0.13171489050753196,0.16074942407657364,0.17611025303448405,0.2154908306792801,0,213,213
hcp83,8,heat_norm18,spatial_robust,3,2,0.16470366924317664,0.027325136015355276,0.16470366924317664,0.18743562255470295,0.20607713982782164,0.2159570190487742,0,213,213
hcp83,8,heat_norm18,spatial_robust,3,3,0.1356133840300966,0.01860528790008882,0.1356133840300966,0.16219019606093069,0.18444498966214862,0.2010426389517377,0,213,213
hcp83,8,heat_norm18,spatial_robust,4,1,0.1296735175560016,0.01702184188738491,0.1296735175560016,0.15426504183667888,0.17653294773326922,0.1851409624173479,0,213,213
hcp83,8,heat_norm18,spatial_robust,4,2,0.1648015994727705,0.027328387903632262,0.1648015994727705,0.1861758209115284,0.20452449377246848,0.2164101366031531,0,213,213
hcp83,8,heat_norm18,spatial_robust,4,3,0.1357921354441128,0.018607863950363793,0.1357921354441128,0.1582965233097284,0.17157285090566674,0.1762921793394895,0,213,213
hcp83,8,heat_norm18,spatial_robust,5,1,0.13256857161694774,0.01781798159982803,0.13256857161694774,0.162133676038986,0.18153712506964742,0.1861700035927283,0,213,213
hcp83,8,heat_norm18,spatial_robust,5,2,0.16446608804594298,0.027233728970160673,0.16446608804594298,0.18653751220522785,0.2051356951823984,0.2095955613929613,0,213,213
hcp83,8,heat_norm18,spatial_robust,5,3,0.1361359541955664,0.018708968236071082,0.1361359541955664,0.16043129131473247,0.17263507345217233,0.1990415248813944,0,213,213
hcp83,8,heat_norm18,template_random_bounded_residual,1,1,0.042909061762251684,0.002187384942232081,0.042909061762251684,0.07868227040500968,0.09288675649206382,0.1557832124043776,0,213,213
hcp83,8,heat_norm18,template_random_bounded_residual,1,2,0.03771609236889123,0.001655435697621831,0.03771609236889123,0.06582194077052209,0.08317138238921037,0.1274848874641154,0,213,213
hcp83,8,heat_norm18,template_random_bounded_residual,1,3,0.034905984324555286,0.001399276321292546,0.034905984324555286,0.06087722518665538,0.07214201659203519,0.1124650125941649,0,213,213
hcp83,8,heat_norm18,template_random_bounded_residual,2,1,0.035097805567637086,0.001404048621601696,0.035097805567637086,0.0588695645022394,0.07722007132533695,0.1290927591024291,0,211,211
hcp83,8,heat_norm18,template_random_bounded_residual,2,2,0.04054770896757901,0.0018903277908900356,0.04054770896757901,0.06997171696178225,0.09652437743986701,0.140787891477826,0,211,211
hcp83,8,heat_norm18,template_random_bounded_residual,2,3,0.034060454991447636,0.0012895673003083094,0.034060454991447636,0.05397109282040125,0.0710686246135247,0.1149478804814645,0,211,211
hcp83,8,heat_norm18,template_random_bounded_residual,3,1,0.03403266564074742,0.0013654315808063035,0.03403266564074742,0.058998037222127014,0.09365541221887885,0.1164598155158091,0,213,213
hcp83,8,heat_norm18,template_random_bounded_residual,3,2,0.03800160267410336,0.0016792306155513081,0.03800160267410336,0.07325492085083068,0.09001620403968362,0.1211250106174165,0,213,213
hcp83,8,heat_norm18,template_random_bounded_residual,3,3,0.0344315040068265,0.0013665023816841432,0.0344315040068265,0.0641148298868844,0.08370550868924913,0.1065927587623642,0,213,213
hcp83,8,heat_norm18,template_random_bounded_residual,4,1,0.037858336747065874,0.0016678510669294246,0.037858336747065874,0.06472441365084751,0.08821620903492397,0.1271918626018784,0,213,213
hcp83,8,heat_norm18,template_random_bounded_residual,4,2,0.04095444715543289,0.001940357402196569,0.04095444715543289,0.06809896502961921,0.09590878703382359,0.1329064560163,0,213,213
hcp83,8,heat_norm18,template_random_bounded_residual,4,3,0.03514488541073526,0.0013953130183979603,0.03514488541073526,0.05800759008823011,0.07924044142133144,0.1080393996401204,0,213,213
hcp83,8,heat_norm18,template_random_bounded_residual,5,1,0.03717380632508966,0.001588281431107818,0.03717380632508966,0.06404050546602853,0.08807137992554433,0.1105196959787786,0,213,213
hcp83,8,heat_norm18,template_random_bounded_residual,5,2,0.03995598997142076,0.0018676562025582721,0.03995598997142076,0.07252645219511386,0.09564983239727745,0.1177962513992566,0,213,213
hcp83,8,heat_norm18,template_random_bounded_residual,5,3,0.036129840353663685,0.0014896147780701704,0.036129840353663685,0.06304962278519101,0.0785652022359466,0.1039152397242808,0,213,213
hcp83,8,heat_norm18,template_random_projection,1,1,0.04447791324205063,0.0023307768223011934,0.04447791324205063,0.07978673372040107,0.09610280329067998,0.1545927933155236,0,213,213
hcp83,8,heat_norm18,template_random_projection,1,2,0.03964629678521254,0.0018219524137937425,0.03964629678521254,0.0673026333734779,0.08241310178163773,0.1382987822882393,0,213,213
hcp83,8,heat_norm18,template_random_projection,1,3,0.03639940401533097,0.001529534339323501,0.03639940401533097,0.06133071260897406,0.08353020233749449,0.1211333423712266,0,213,213
hcp83,8,heat_norm18,template_random_projection,2,1,0.03756250170244553,0.0016430953417341254,0.03756250170244553,0.06199035819350015,0.09437031253425865,0.1375721216305005,0,211,211
hcp83,8,heat_norm18,template_random_projection,2,2,0.04239134770103835,0.0020603199755437496,0.04239134770103835,0.07339276052109975,0.10215868011186832,0.134830452360002,0,211,211
hcp83,8,heat_norm18,template_random_projection,2,3,0.036291980210347206,0.0014963747447557403,0.036291980210347206,0.059458083161305,0.08274091936706524,0.1214168218914079,0,211,211
hcp83,8,heat_norm18,template_random_projection,3,1,0.035568723889650336,0.0014860540021554844,0.035568723889650336,0.06644852597102024,0.09193118477481314,0.1223646116070437,0,213,213
hcp83,8,heat_norm18,template_random_projection,3,2,0.0399717746890677,0.0018634289566163873,0.0399717746890677,0.07571900750151506,0.09721030088774443,0.1378591729149327,0,213,213
hcp83,8,heat_norm18,template_random_projection,3,3,0.03621709897068764,0.001524324018176455,0.03621709897068764,0.06585593997981487,0.08761828408583322,0.1259354573777384,0,213,213
hcp83,8,heat_norm18,template_random_projection,4,1,0.03968626903609085,0.0018031678454072683,0.03968626903609085,0.06675078376772624,0.08886453123251778,0.1260779362271349,0,213,213
hcp83,8,heat_norm18,template_random_projection,4,2,0.04253061116089472,0.0020747068316148733,0.04253061116089472,0.069140024252902,0.09578407261298799,0.1370702090230659,0,213,213
hcp83,8,heat_norm18,template_random_projection,4,3,0.036684985931462785,0.0015068937561136975,0.036684985931462785,0.06113852268990055,0.08079592971003736,0.1051006885349962,0,213,213
hcp83,8,heat_norm18,template_random_projection,5,1,0.03872220397194059,0.0017089964658416805,0.03872220397194059,0.06738599590432252,0.08823904204658624,0.1111371582452251,0,213,213
hcp83,8,heat_norm18,template_random_projection,5,2,0.04160093945049616,0.0020000384280645226,0.04160093945049616,0.0728716089493114,0.0966391473338828,0.1189926267537668,0,213,213
hcp83,8,heat_norm18,template_random_projection,5,3,0.0375412060172741,0.0015964326983105483,0.0375412060172741,0.06434783600965573,0.08175653995637709,0.102459686573721,0,213,213
hcp83,8,heat_norm18,template_random_robust,1,1,0.042909061762251684,0.002187384942232081,0.042909061762251684,0.07868227040500968,0.09288675649206382,0.1557832124043776,0,213,213
hcp83,8,heat_norm18,template_random_robust,1,2,0.03771609236889123,0.001655435697621831,0.03771609236889123,0.06582194077052209,0.08317138238921037,0.1274848874641154,0,213,213
hcp83,8,heat_norm18,template_random_robust,1,3,0.034905984324555286,0.001399276321292546,0.034905984324555286,0.06087722518665538,0.07214201659203519,0.1124650125941649,0,213,213
hcp83,8,heat_norm18,template_random_robust,2,1,0.035097805567637086,0.001404048621601696,0.035097805567637086,0.0588695645022394,0.07722007132533695,0.1290927591024291,0,211,211
hcp83,8,heat_norm18,template_random_robust,2,2,0.04054770896757901,0.0018903277908900356,0.04054770896757901,0.06997171696178225,0.09652437743986701,0.140787891477826,0,211,211
hcp83,8,heat_norm18,template_random_robust,2,3,0.034060454991447636,0.0012895673003083094,0.034060454991447636,0.05397109282040125,0.0710686246135247,0.1149478804814645,0,211,211
hcp83,8,heat_norm18,template_random_robust,3,1,0.03403266564074742,0.0013654315808063035,0.03403266564074742,0.058998037222127014,0.09365541221887885,0.1164598155158091,0,213,213
hcp83,8,heat_norm18,template_random_robust,3,2,0.03800160267410336,0.0016792306155513081,0.03800160267410336,0.07325492085083068,0.09001620403968362,0.1211250106174165,0,213,213
hcp83,8,heat_norm18,template_random_robust,3,3,0.0344315040068265,0.0013665023816841432,0.0344315040068265,0.0641148298868844,0.08370550868924913,0.1065927587623642,0,213,213
hcp83,8,heat_norm18,template_random_robust,4,1,0.037858336747065874,0.0016678510669294246,0.037858336747065874,0.06472441365084751,0.08821620903492397,0.1271918626018784,0,213,213
hcp83,8,heat_norm18,template_random_robust,4,2,0.04095444715543289,0.001940357402196569,0.04095444715543289,0.06809896502961921,0.09590878703382359,0.1329064560163,0,213,213
hcp83,8,heat_norm18,template_random_robust,4,3,0.03514488541073526,0.0013953130183979603,0.03514488541073526,0.05800759008823011,0.07924044142133144,0.1080393996401204,0,213,213
hcp83,8,heat_norm18,template_random_robust,5,1,0.03717380632508966,0.001588281431107818,0.03717380632508966,0.06404050546602853,0.08807137992554433,0.1105196959787786,0,213,213
hcp83,8,heat_norm18,template_random_robust,5,2,0.03995598997142076,0.0018676562025582721,0.03995598997142076,0.07252645219511386,0.09564983239727745,0.1177962513992566,0,213,213
hcp83,8,heat_norm18,template_random_robust,5,3,0.036129840353663685,0.0014896147780701704,0.036129840353663685,0.06304962278519101,0.0785652022359466,0.1039152397242808,0,213,213
hcp83,8,heat_norm18,template_selected_bounded_residual,1,1,0.03698261884445312,0.0015738225139314377,0.03698261884445312,0.06282970433052247,0.08057398392077618,0.1155260329541558,0,213,213
hcp83,8,heat_norm18,template_selected_bounded_residual,1,2,0.039061879783671566,0.001749155316169669,0.039061879783671566,0.06614976760035797,0.08320482411318131,0.1261711657227036,0,213,213
hcp83,8,heat_norm18,template_selected_bounded_residual,1,3,0.03337979856967074,0.001238862071283273,0.03337979856967074,0.054165230528691904,0.06751093064004764,0.0982944224780087,0,213,213
hcp83,8,heat_norm18,template_selected_bounded_residual,2,1,0.035097805567637086,0.001404048621601696,0.035097805567637086,0.0588695645022394,0.07722007132533695,0.1290927591024291,0,211,211
hcp83,8,heat_norm18,template_selected_bounded_residual,2,2,0.03816252425705208,0.0016696355338530827,0.03816252425705208,0.0625256657499221,0.085387596888376,0.1370393121373352,0,211,211
hcp83,8,heat_norm18,template_selected_bounded_residual,2,3,0.03275755835993454,0.0011933890016587313,0.03275755835993454,0.0530893251908632,0.06670181666373305,0.1094885025974128,0,211,211
hcp83,8,heat_norm18,template_selected_bounded_residual,3,1,0.03666933392806984,0.0015870956388544452,0.03666933392806984,0.06935393065504734,0.09156581826322154,0.1145157187489502,0,213,213
hcp83,8,heat_norm18,template_selected_bounded_residual,3,2,0.0391810568955677,0.0017667759718231226,0.0391810568955677,0.06766106929402377,0.09270219046594419,0.1244098893811246,0,213,213
hcp83,8,heat_norm18,template_selected_bounded_residual,3,3,0.033255259453606315,0.0012561033129031218,0.033255259453606315,0.05879893447224815,0.07435951306639206,0.0984459731962475,0,213,213
hcp83,8,heat_norm18,template_selected_bounded_residual,4,1,0.035509750632583395,0.001439615725840864,0.035509750632583395,0.05847628024417106,0.08874818500961691,0.1039493149180018,0,213,213
hcp83,8,heat_norm18,template_selected_bounded_residual,4,2,0.037981670372539786,0.0016292706781546684,0.037981670372539786,0.05977258682812105,0.08764533447145267,0.1120528725670556,0,213,213
hcp83,8,heat_norm18,template_selected_bounded_residual,4,3,0.03230472664929737,0.0011560783776036357,0.03230472664929737,0.04932179842079114,0.07484340868085203,0.0888110431562202,0,213,213
hcp83,8,heat_norm18,template_selected_bounded_residual,5,1,0.03717380632508966,0.001588281431107818,0.03717380632508966,0.06404050546602853,0.08807137992554433,0.1105196959787786,0,213,213
hcp83,8,heat_norm18,template_selected_bounded_residual,5,2,0.03641830776869067,0.0014980586651608548,0.03641830776869067,0.06133181471999798,0.07831173996454388,0.1069625969409764,0,213,213
hcp83,8,heat_norm18,template_selected_bounded_residual,5,3,0.03365655639602386,0.0012658998686442277,0.03365655639602386,0.056941443828091035,0.07430855053577468,0.0866681747864113,0,213,213
hcp83,8,heat_norm18,template_selected_projection,1,1,0.038247921405137934,0.0016890358371730466,0.038247921405137934,0.0661912077086865,0.08319060766142763,0.1228545588655715,0,213,213
hcp83,8,heat_norm18,template_selected_projection,1,2,0.04040605264807323,0.0018569979700043613,0.04040605264807323,0.06786421014711796,0.08303342438564033,0.1262845280697533,0,213,213
hcp83,8,heat_norm18,template_selected_projection,1,3,0.03474936993126365,0.0013551422794489355,0.03474936993126365,0.05618788540182333,0.07291100041721155,0.1079919957725435,0,213,213
hcp83,8,heat_norm18,template_selected_projection,2,1,0.03756250170244553,0.0016430953417341254,0.03756250170244553,0.06199035819350015,0.09437031253425865,0.1375721216305005,0,211,211
hcp83,8,heat_norm18,template_selected_projection,2,2,0.04021793967714017,0.0018464136638375159,0.04021793967714017,0.06667695373105245,0.09643673663210046,0.1376245532467956,0,211,211
hcp83,8,heat_norm18,template_selected_projection,2,3,0.034711300332755685,0.0013650536292063565,0.034711300332755685,0.05602191792609815,0.07941631950983494,0.1130044147256551,0,211,211
hcp83,8,heat_norm18,template_selected_projection,3,1,0.03807543811942959,0.001705259793224825,0.03807543811942959,0.07074800889635396,0.09154152584969209,0.1230534331833313,0,213,213
hcp83,8,heat_norm18,template_selected_projection,3,2,0.040829883055381676,0.0018987701784313814,0.040829883055381676,0.07043940715809882,0.09277172681073673,0.1263909395762375,0,213,213
hcp83,8,heat_norm18,template_selected_projection,3,3,0.03460742463778218,0.001365610330292313,0.03460742463778218,0.06189805464573414,0.07780610628732819,0.107792663218609,0,213,213
hcp83,8,heat_norm18,template_selected_projection,4,1,0.03686936943405374,0.001540285186766023,0.03686936943405374,0.060265914451556234,0.08861460144031899,0.1021355792157013,0,213,213
hcp83,8,heat_norm18,template_selected_projection,4,2,0.03961019428485266,0.001754051734686115,0.03961019428485266,0.06289157008899066,0.089143604612442,0.1098680232409679,0,213,213
hcp83,8,heat_norm18,template_selected_projection,4,3,0.03356535470047137,0.0012457031034250037,0.03356535470047137,0.05215382905810603,0.07582546446293001,0.0909678388674309,0,213,213
hcp83,8,heat_norm18,template_selected_projection,5,1,0.03872220397194059,0.0017089964658416805,0.03872220397194059,0.06738599590432252,0.08823904204658624,0.1111371582452251,0,213,213
hcp83,8,heat_norm18,template_selected_projection,5,2,0.03791432939896368,0.0016212944892523738,0.03791432939896368,0.06441336002326034,0.08629578595852712,0.109382517655387,0,213,213
hcp83,8,heat_norm18,template_selected_projection,5,3,0.034784642830998455,0.0013502806861579127,0.034784642830998455,0.05809518997646022,0.07553631823553468,0.0908985547018082,0,213,213
hcp83,8,heat_norm18,template_selected_robust,1,1,0.03698261884445312,0.0015738225139314377,0.03698261884445312,0.06282970433052247,0.08057398392077618,0.1155260329541558,0,213,213
hcp83,8,heat_norm18,template_selected_robust,1,2,0.039061879783671566,0.001749155316169669,0.039061879783671566,0.06614976760035797,0.08320482411318131,0.1261711657227036,0,213,213
hcp83,8,heat_norm18,template_selected_robust,1,3,0.03337979856967074,0.001238862071283273,0.03337979856967074,0.054165230528691904,0.06751093064004764,0.0982944224780087,0,213,213
hcp83,8,heat_norm18,template_selected_robust,2,1,0.035097805567637086,0.001404048621601696,0.035097805567637086,0.0588695645022394,0.07722007132533695,0.1290927591024291,0,211,211
hcp83,8,heat_norm18,template_selected_robust,2,2,0.03816252425705208,0.0016696355338530827,0.03816252425705208,0.0625256657499221,0.085387596888376,0.1370393121373352,0,211,211
hcp83,8,heat_norm18,template_selected_robust,2,3,0.03275755835993454,0.0011933890016587313,0.03275755835993454,0.0530893251908632,0.06670181666373305,0.1094885025974128,0,211,211
hcp83,8,heat_norm18,template_selected_robust,3,1,0.03666933392806984,0.0015870956388544452,0.03666933392806984,0.06935393065504734,0.09156581826322154,0.1145157187489502,0,213,213
hcp83,8,heat_norm18,template_selected_robust,3,2,0.0391810568955677,0.0017667759718231226,0.0391810568955677,0.06766106929402377,0.09270219046594419,0.1244098893811246,0,213,213
hcp83,8,heat_norm18,template_selected_robust,3,3,0.033255259453606315,0.0012561033129031218,0.033255259453606315,0.05879893447224815,0.07435951306639206,0.0984459731962475,0,213,213
hcp83,8,heat_norm18,template_selected_robust,4,1,0.035509750632583395,0.001439615725840864,0.035509750632583395,0.05847628024417106,0.08874818500961691,0.1039493149180018,0,213,213
hcp83,8,heat_norm18,template_selected_robust,4,2,0.037981670372539786,0.0016292706781546684,0.037981670372539786,0.05977258682812105,0.08764533447145267,0.1120528725670556,0,213,213
hcp83,8,heat_norm18,template_selected_robust,4,3,0.03230472664929737,0.0011560783776036357,0.03230472664929737,0.04932179842079114,0.07484340868085203,0.0888110431562202,0,213,213
hcp83,8,heat_norm18,template_selected_robust,5,1,0.03717380632508966,0.001588281431107818,0.03717380632508966,0.06404050546602853,0.08807137992554433,0.1105196959787786,0,213,213
hcp83,8,heat_norm18,template_selected_robust,5,2,0.03641830776869067,0.0014980586651608548,0.03641830776869067,0.06133181471999798,0.07831173996454388,0.1069625969409764,0,213,213
hcp83,8,heat_norm18,template_selected_robust,5,3,0.03365655639602386,0.0012658998686442277,0.03365655639602386,0.056941443828091035,0.07430855053577468,0.0866681747864113,0,213,213
hcp83,8,heat_raw18,atlas_random_aligned,1,1,0.025411690795930093,0.0006669034075423427,0.025411690795930093,0.03312611839809636,0.03671275292338038,0.0406264951091397,0,213,213
hcp83,8,heat_raw18,atlas_random_aligned,1,2,0.024622064397814763,0.0006252582590140666,0.024622064397814763,0.03293078033637596,0.03714388227155503,0.039195244428956,0,213,213
hcp83,8,heat_raw18,atlas_random_aligned,1,3,0.023484435755526053,0.0005660833877232089,0.023484435755526053,0.03046443589965996,0.03374415969697508,0.0354801504161178,0,213,213
hcp83,8,heat_raw18,atlas_random_aligned,2,1,0.024343581220994975,0.0006100260499983019,0.024343581220994975,0.03183278595567725,0.03493010747112405,0.0397651617407871,0,211,211
hcp83,8,heat_raw18,atlas_random_aligned,2,2,0.029219248049171746,0.0008898226063460535,0.029219248049171746,0.04035598019704465,0.043640213317541435,0.0568790930311739,0,211,211
hcp83,8,heat_raw18,atlas_random_aligned,2,3,0.02431901794417835,0.0006058967602890294,0.02431901794417835,0.0314648791312634,0.03495676916763588,0.0374959659852355,0,211,211
hcp83,8,heat_raw18,atlas_random_aligned,3,1,0.024730906463013538,0.0006531484168998724,0.024730906463013538,0.03179357474654134,0.040790483369976926,0.0945025532909163,0,213,213
hcp83,8,heat_raw18,atlas_random_aligned,3,2,0.027450797637098664,0.000791059110230837,0.027450797637098664,0.037024116909136075,0.045339548705375675,0.0731361954459171,0,213,213
hcp83,8,heat_raw18,atlas_random_aligned,3,3,0.025553810652680496,0.0006833279950977621,0.025553810652680496,0.03548397100816241,0.039940031334667773,0.0666196413886471,0,213,213
hcp83,8,heat_raw18,atlas_random_aligned,4,1,0.02646720531543146,0.0007245013445415778,0.02646720531543146,0.03509476686445103,0.04122645348312456,0.041624409548107,0,213,213
hcp83,8,heat_raw18,atlas_random_aligned,4,2,0.03019879080773907,0.0009595223042596958,0.03019879080773907,0.044961604804316484,0.05076778917813572,0.0519007373226938,0,213,213
hcp83,8,heat_raw18,atlas_random_aligned,4,3,0.02514074837277119,0.0006496941470187817,0.02514074837277119,0.03302315106725757,0.037994246958928404,0.0406792291010091,0,213,213
hcp83,8,heat_raw18,atlas_random_aligned,5,1,0.024784803714618858,0.0006483571227988446,0.024784803714618858,0.03287365277710542,0.039091630807035524,0.0801543123773862,0,213,213
hcp83,8,heat_raw18,atlas_random_aligned,5,2,0.025009705186758175,0.0006531585538164786,0.025009705186758175,0.03155791345797043,0.03479690091361158,0.0781467463102763,0,213,213
hcp83,8,heat_raw18,atlas_random_aligned,5,3,0.025303303625014963,0.0006711103364001566,0.025303303625014963,0.03278660363813005,0.03844536147624113,0.0755507659190455,0,213,213
hcp83,8,heat_raw18,atlas_random_mean,1,1,0.05757027747563375,0.004191696055470228,0.05757027747563375,0.09652195446537119,0.2039796739593863,0.2434485207866918,0,213,213
hcp83,8,heat_raw18,atlas_random_mean,1,2,0.059885704644818336,0.004475503027018642,0.059885704644818336,0.1026619399788968,0.20415829276501996,0.2458358321241312,0,213,213
hcp83,8,heat_raw18,atlas_random_mean,1,3,0.05667827619448714,0.004066282894965218,0.05667827619448714,0.09522688053298982,0.20550951499398004,0.2420466754100094,0,213,213
hcp83,8,heat_raw18,atlas_random_mean,2,1,0.05868810298111249,0.004600413244381603,0.05868810298111249,0.099853386388527,0.2026819334156894,0.2807449993646399,0,211,211
hcp83,8,heat_raw18,atlas_random_mean,2,2,0.061275249459560165,0.004899687409401773,0.061275249459560165,0.1057147946141575,0.20234510738112416,0.2770468131164135,0,211,211
hcp83,8,heat_raw18,atlas_random_mean,2,3,0.0582480095359914,0.0045296070741846555,0.0582480095359914,0.10335033061440504,0.20163144972914562,0.2813853313317889,0,211,211
hcp83,8,heat_raw18,atlas_random_mean,3,1,0.059010596550184896,0.004536610898766746,0.059010596550184896,0.1115024007411604,0.21218767990104723,0.2244853598043883,0,213,213
hcp83,8,heat_raw18,atlas_random_mean,3,2,0.0617723917469683,0.004880567722263458,0.0617723917469683,0.11577843569937576,0.2114105712874028,0.2263485422875545,0,213,213
hcp83,8,heat_raw18,atlas_random_mean,3,3,0.058611688171568345,0.0044883254361942,0.058611688171568345,0.1110990177212102,0.20958663609165973,0.2335626905593603,0,213,213
hcp83,8,heat_raw18,atlas_random_mean,4,1,0.057201082354256014,0.003970552892472824,0.057201082354256014,0.1011963263796828,0.16288947381484825,0.2009549984165289,0,213,213
hcp83,8,heat_raw18,atlas_random_mean,4,2,0.059598026976736496,0.004268916595148656,0.059598026976736496,0.10335322725419972,0.16793117748550482,0.2010416245763991,0,213,213
hcp83,8,heat_raw18,atlas_random_mean,4,3,0.056805159685061044,0.003915035024494794,0.056805159685061044,0.1017157566150352,0.16265389039423472,0.2006926205128737,0,213,213
hcp83,8,heat_raw18,atlas_random_mean,5,1,0.05772904464822362,0.003993205062474865,0.05772904464822362,0.09926358993730834,0.15970846712768627,0.2253149323304183,0,213,213
hcp83,8,heat_raw18,atlas_random_mean,5,2,0.060577578945781634,0.004354304306967907,0.060577578945781634,0.10472532061896783,0.1650456592013251,0.2273526050285006,0,213,213
hcp83,8,heat_raw18,atlas_random_mean,5,3,0.05763505653315198,0.003996293111874256,0.05763505653315198,0.09791141127331583,0.1600620625863941,0.2346386564586707,0,213,213
hcp83,8,heat_raw18,atlas_selected_aligned,1,1,0.024133733860497376,0.0005990006672442075,0.024133733860497376,0.03134281449416268,0.03454070804801371,0.0353732333685046,0,213,213
hcp83,8,heat_raw18,atlas_selected_aligned,1,2,0.025448019698379645,0.0006677974855776183,0.025448019698379645,0.03366963604615899,0.03717092542329624,0.039955277907338,0,213,213
hcp83,8,heat_raw18,atlas_selected_aligned,1,3,0.024346078920364833,0.0006080340994929211,0.024346078920364833,0.03127966457212962,0.03447790746841244,0.0357335464722526,0,213,213
hcp83,8,heat_raw18,atlas_selected_aligned,2,1,0.024613234647694802,0.0006253839972353506,0.024613234647694802,0.0325396645230831,0.03617332549917211,0.0410540785047067,0,211,211
hcp83,8,heat_raw18,atlas_selected_aligned,2,2,0.026484121193555338,0.0007251178823449692,0.026484121193555338,0.0340601404143969,0.040993066198147264,0.0451430110502818,0,211,211
hcp83,8,heat_raw18,atlas_selected_aligned,2,3,0.0246832383535762,0.0006243075556755772,0.0246832383535762,0.031623497538225145,0.03547171820853802,0.0366716694109365,0,211,211
hcp83,8,heat_raw18,atlas_selected_aligned,3,1,0.024881224681738742,0.0006525634539597182,0.024881224681738742,0.03240161014461858,0.04326253610824218,0.0777981725986299,0,213,213
hcp83,8,heat_raw18,atlas_selected_aligned,3,2,0.026352246361668535,0.0007255921064366749,0.026352246361668535,0.033867175440380176,0.03829099973354666,0.0786222368972213,0,213,213
hcp83,8,heat_raw18,atlas_selected_aligned,3,3,0.02505279448706312,0.0006520853099795013,0.02505279448706312,0.033696863819140256,0.03800225020623859,0.0644482766898637,0,213,213
hcp83,8,heat_raw18,atlas_selected_aligned,4,1,0.024491483848695036,0.0006176552323387793,0.024491483848695036,0.032256887004410977,0.03546240610672061,0.0390941516518064,0,213,213
hcp83,8,heat_raw18,atlas_selected_aligned,4,2,0.02567337977939219,0.0006788953932684067,0.02567337977939219,0.03360723578166729,0.03830036723172156,0.0393062542183333,0,213,213
hcp83,8,heat_raw18,atlas_selected_aligned,4,3,0.024990605276092304,0.0006413062812126296,0.024990605276092304,0.03382012736085568,0.03640661348510431,0.0407935075506427,0,213,213
hcp83,8,heat_raw18,atlas_selected_aligned,5,1,0.024315137101220928,0.0006218370013519343,0.024315137101220928,0.031782614313340694,0.03674313665025263,0.0777656712642373,0,213,213
hcp83,8,heat_raw18,atlas_selected_aligned,5,2,0.025537238879822465,0.0006797270488784602,0.025537238879822465,0.033395453903694194,0.03676030162941209,0.0678150469171241,0,213,213
hcp83,8,heat_raw18,atlas_selected_aligned,5,3,0.02471891446263264,0.0006334223001847301,0.02471891446263264,0.032138090489340854,0.03635733147325509,0.0644499827717402,0,213,213
hcp83,8,heat_raw18,atlas_selected_mean,1,1,0.05757027747563375,0.004191696055470228,0.05757027747563375,0.09652195446537119,0.2039796739593863,0.2434485207866918,0,213,213
hcp83,8,heat_raw18,atlas_selected_mean,1,2,0.059885704644818336,0.004475503027018642,0.059885704644818336,0.1026619399788968,0.20415829276501996,0.2458358321241312,0,213,213
hcp83,8,heat_raw18,atlas_selected_mean,1,3,0.05667827619448714,0.004066282894965218,0.05667827619448714,0.09522688053298982,0.20550951499398004,0.2420466754100094,0,213,213
hcp83,8,heat_raw18,atlas_selected_mean,2,1,0.05868810298111249,0.004600413244381603,0.05868810298111249,0.099853386388527,0.2026819334156894,0.2807449993646399,0,211,211
hcp83,8,heat_raw18,atlas_selected_mean,2,2,0.061275249459560165,0.004899687409401773,0.061275249459560165,0.1057147946141575,0.20234510738112416,0.2770468131164135,0,211,211
hcp83,8,heat_raw18,atlas_selected_mean,2,3,0.0582480095359914,0.0045296070741846555,0.0582480095359914,0.10335033061440504,0.20163144972914562,0.2813853313317889,0,211,211
hcp83,8,heat_raw18,atlas_selected_mean,3,1,0.059010596550184896,0.004536610898766746,0.059010596550184896,0.1115024007411604,0.21218767990104723,0.2244853598043883,0,213,213
hcp83,8,heat_raw18,atlas_selected_mean,3,2,0.0617723917469683,0.004880567722263458,0.0617723917469683,0.11577843569937576,0.2114105712874028,0.2263485422875545,0,213,213
hcp83,8,heat_raw18,atlas_selected_mean,3,3,0.058611688171568345,0.0044883254361942,0.058611688171568345,0.1110990177212102,0.20958663609165973,0.2335626905593603,0,213,213
hcp83,8,heat_raw18,atlas_selected_mean,4,1,0.057201082354256014,0.003970552892472824,0.057201082354256014,0.1011963263796828,0.16288947381484825,0.2009549984165289,0,213,213
hcp83,8,heat_raw18,atlas_selected_mean,4,2,0.059598026976736496,0.004268916595148656,0.059598026976736496,0.10335322725419972,0.16793117748550482,0.2010416245763991,0,213,213
hcp83,8,heat_raw18,atlas_selected_mean,4,3,0.056805159685061044,0.003915035024494794,0.056805159685061044,0.1017157566150352,0.16265389039423472,0.2006926205128737,0,213,213
hcp83,8,heat_raw18,atlas_selected_mean,5,1,0.05772904464822362,0.003993205062474865,0.05772904464822362,0.09926358993730834,0.15970846712768627,0.2253149323304183,0,213,213
hcp83,8,heat_raw18,atlas_selected_mean,5,2,0.060577578945781634,0.004354304306967907,0.060577578945781634,0.10472532061896783,0.1650456592013251,0.2273526050285006,0,213,213
hcp83,8,heat_raw18,atlas_selected_mean,5,3,0.05763505653315198,0.003996293111874256,0.05763505653315198,0.09791141127331583,0.1600620625863941,0.2346386564586707,0,213,213
hcp83,8,heat_raw18,floor_random_robust,1,1,0.13555518690177873,0.018594219435368934,0.13555518690177873,0.16050698457526863,0.1766441995150862,0.2049722732528537,0,213,213
hcp83,8,heat_raw18,floor_random_robust,1,2,0.16224152423250113,0.02644321101486363,0.16224152423250113,0.18002793295736,0.1947417103989174,0.1974960382687996,0,213,213
hcp83,8,heat_raw18,floor_random_robust,1,3,0.13333144768843333,0.017893573545043867,0.13333144768843333,0.1525580938158251,0.1670042333358566,0.1786812734150434,0,213,213
hcp83,8,heat_raw18,floor_random_robust,2,1,0.13498082876572157,0.01841408014756134,0.13498082876572157,0.159715824109667,0.17994717487133857,0.193845406874954,0,211,211
hcp83,8,heat_raw18,floor_random_robust,2,2,0.17323847821263383,0.030132149227721394,0.17323847821263383,0.18793505148889572,0.2143465813147381,0.228235019135958,0,211,211
hcp83,8,heat_raw18,floor_random_robust,2,3,0.13585759199753222,0.018596520180975493,0.13585759199753222,0.1586598216782707,0.16999351911618002,0.1807183765056444,0,211,211
hcp83,8,heat_raw18,floor_random_robust,3,1,0.1357770540709175,0.01884179939019111,0.1357770540709175,0.16938374170759055,0.19179993512970975,0.2713402064896317,0,213,213
hcp83,8,heat_raw18,floor_random_robust,3,2,0.16416247298399725,0.027118538148818497,0.16416247298399725,0.18853051888862207,0.2062916854702349,0.2314732126060748,0,213,213
hcp83,8,heat_raw18,floor_random_robust,3,3,0.14184384207639456,0.020305598170045406,0.14184384207639456,0.16251859721280976,0.18862150636862257,0.2103028739151702,0,213,213
hcp83,8,heat_raw18,floor_random_robust,4,1,0.1497145262451796,0.02259526676269979,0.1497145262451796,0.17325457108881898,0.1889266100952577,0.1944376748357158,0,213,213
hcp83,8,heat_raw18,floor_random_robust,4,2,0.1716303780765545,0.029620995758528938,0.1716303780765545,0.19294125961843994,0.20949470556621452,0.2422450224456211,0,213,213
hcp83,8,heat_raw18,floor_random_robust,4,3,0.1420148429771552,0.020260630379865696,0.1420148429771552,0.1600636015276293,0.16793185092944815,0.1743120390786436,0,213,213
hcp83,8,heat_raw18,floor_random_robust,5,1,0.12907231193125493,0.016987234698360023,0.12907231193125493,0.15914571885536155,0.18098893885303277,0.2260727507916572,0,213,213
hcp83,8,heat_raw18,floor_random_robust,5,2,0.1684853161079557,0.02852303652100796,0.1684853161079557,0.19146616204819805,0.20553763013069967,0.2140432003673832,0,213,213
hcp83,8,heat_raw18,floor_random_robust,5,3,0.1385838459490767,0.0193244153583557,0.1385838459490767,0.15576959052803052,0.169720175145979,0.2059797810329507,0,213,213
hcp83,8,heat_raw18,ordinary_selected,1,1,0.13081045955863427,0.017345996476556623,0.13081045955863427,0.15360623972890225,0.1892546922574085,0.2032812056136409,0,213,213
hcp83,8,heat_raw18,ordinary_selected,1,2,0.15578772307791555,0.02440781639282144,0.15578772307791555,0.17860749869726059,0.19141350623710168,0.1958801391515976,0,213,213
hcp83,8,heat_raw18,ordinary_selected,1,3,0.1314715907690026,0.017444990932715208,0.1314715907690026,0.1498587971185274,0.16989882615384308,0.21085512215437,0,213,213
hcp83,8,heat_raw18,ordinary_selected,2,1,0.13035239307973392,0.01725526116972524,0.13035239307973392,0.16056079649517754,0.1953804021230646,0.2079809016227596,0,211,211
hcp83,8,heat_raw18,ordinary_selected,2,2,0.15757258630170407,0.025019900920106426,0.15757258630170407,0.1801335536296744,0.2030814698748435,0.2232276318665904,0,211,211
hcp83,8,heat_raw18,ordinary_selected,2,3,0.1313046436886421,0.017425965566221977,0.1313046436886421,0.15846565207455776,0.18325865256083532,0.1900497922046033,0,211,211
hcp83,8,heat_raw18,ordinary_selected,3,1,0.13206072820441306,0.01777109300672134,0.13206072820441306,0.16515940327532627,0.20077106713050608,0.2273388509989806,0,213,213
hcp83,8,heat_raw18,ordinary_selected,3,2,0.1605603370956043,0.025968459538484215,0.1605603370956043,0.18647196224780183,0.2061471248371286,0.2121767379483881,0,213,213
hcp83,8,heat_raw18,ordinary_selected,3,3,0.13320856249302424,0.017977993877144664,0.13320856249302424,0.15871150216087254,0.18802792956443734,0.2082174614695653,0,213,213
hcp83,8,heat_raw18,ordinary_selected,4,1,0.130044931697185,0.017133468374785438,0.130044931697185,0.15636676394391713,0.1808097251069379,0.195124012323009,0,213,213
hcp83,8,heat_raw18,ordinary_selected,4,2,0.15623983488226556,0.02454473940925778,0.15623983488226556,0.17832689447392,0.18718686634808124,0.1920369290589957,0,213,213
hcp83,8,heat_raw18,ordinary_selected,4,3,0.1318255310635586,0.017530394790450106,0.1318255310635586,0.1496049406776283,0.16962565112625402,0.1972711598179775,0,213,213
hcp83,8,heat_raw18,ordinary_selected,5,1,0.13123765684018038,0.017432740448932255,0.13123765684018038,0.15207426019517084,0.16357564799362354,0.2033203477952662,0,213,213
hcp83,8,heat_raw18,ordinary_selected,5,2,0.15677436912351492,0.024746182681728707,0.15677436912351492,0.17927600206393,0.1981197762627716,0.207323430460162,0,213,213
hcp83,8,heat_raw18,ordinary_selected,5,3,0.13128018985628714,0.01738106712297123,0.13128018985628714,0.15052470999444834,0.16678390803265572,0.206257094265332,0,213,213
hcp83,8,heat_raw18,random_bounded_residual,1,1,0.13681719110499477,0.0189307394907408,0.13681719110499477,0.1627028423906941,0.17416921970924745,0.2108337271851439,0,213,213
hcp83,8,heat_raw18,random_bounded_residual,1,2,0.16089023199281824,0.025995081157575355,0.16089023199281824,0.18111584253441032,0.1878270949472177,0.1941936264267417,0,213,213
hcp83,8,heat_raw18,random_bounded_residual,1,3,0.1330823286795164,0.017839459726798165,0.1330823286795164,0.15259443688970406,0.16793309830530417,0.1868980214866681,0,213,213
hcp83,8,heat_raw18,random_bounded_residual,2,1,0.13736929506972476,0.019042706899539748,0.13736929506972476,0.1606751109268762,0.18103684714171986,0.1892431672043955,0,211,211
hcp83,8,heat_raw18,random_bounded_residual,2,2,0.1699539103286804,0.029050985420273078,0.1699539103286804,0.18903625360731055,0.21847353631654884,0.2416248368919892,0,211,211
hcp83,8,heat_raw18,random_bounded_residual,2,3,0.13157052972826044,0.01746779251586778,0.13157052972826044,0.15742315182464534,0.16754289161609406,0.1797520438145746,0,211,211
hcp83,8,heat_raw18,random_bounded_residual,3,1,0.13872773847433242,0.019598955260173096,0.13872773847433242,0.17612555615574924,0.1982665593281436,0.2103318207766647,0,213,213
hcp83,8,heat_raw18,random_bounded_residual,3,2,0.16336914665141483,0.02685674078061012,0.16336914665141483,0.1846004764835732,0.2133785973010105,0.2258261458873038,0,213,213
hcp83,8,heat_raw18,random_bounded_residual,3,3,0.1400773441773719,0.019797523483289833,0.1400773441773719,0.1613179016102856,0.19304658526099214,0.2068236642565579,0,213,213
hcp83,8,heat_raw18,random_bounded_residual,4,1,0.15154185644916426,0.0231142321529773,0.15154185644916426,0.1743917432890723,0.18193672890148535,0.1906573842118053,0,213,213
hcp83,8,heat_raw18,random_bounded_residual,4,2,0.1727160300804845,0.029984505548125876,0.1727160300804845,0.19489444313606966,0.2082316694708405,0.2559441946791456,0,213,213
hcp83,8,heat_raw18,random_bounded_residual,4,3,0.13925444766573125,0.019513295623654142,0.13925444766573125,0.15832765493678794,0.16769060723353263,0.1867405757486018,0,213,213
hcp83,8,heat_raw18,random_bounded_residual,5,1,0.13093990209188994,0.017436595913362298,0.13093990209188994,0.16009373639158456,0.17777257198033153,0.1854697097001401,0,213,213
hcp83,8,heat_raw18,random_bounded_residual,5,2,0.1696475509579242,0.029021406782986016,0.1696475509579242,0.19028197888346865,0.23636314084419813,0.2772152102739302,0,213,213
hcp83,8,heat_raw18,random_bounded_residual,5,3,0.13778558402776916,0.019157435700115553,0.13778558402776916,0.1583850651671325,0.1765113948938454,0.2149618095588903,0,213,213
hcp83,8,heat_raw18,random_ordinary,1,1,0.13906206078977337,0.019585249427280387,0.13906206078977337,0.16500521606667057,0.17868188472553126,0.2157092090611864,0,213,213
hcp83,8,heat_raw18,random_ordinary,1,2,0.1635246283954333,0.02686966025692679,0.1635246283954333,0.18596157126976226,0.19394013943203434,0.1980522171684229,0,213,213
hcp83,8,heat_raw18,random_ordinary,1,3,0.1354826108219872,0.018520822845359112,0.1354826108219872,0.15695950229543118,0.17866986561349923,0.1915892248346752,0,213,213
hcp83,8,heat_raw18,random_ordinary,2,1,0.14188385601115194,0.020409831805349932,0.14188385601115194,0.1721446910200179,0.20032048307404948,0.2199793606661475,0,211,211
hcp83,8,heat_raw18,random_ordinary,2,2,0.17353449616822883,0.030328802505976953,0.17353449616822883,0.19664889456683066,0.22337234704641917,0.2694912735155562,0,211,211
hcp83,8,heat_raw18,random_ordinary,2,3,0.13508955923699512,0.018449266455255773,0.13508955923699512,0.16462392137448295,0.1785795743826438,0.1885528440630558,0,211,211
hcp83,8,heat_raw18,random_ordinary,3,1,0.1428417495744615,0.02083568033360395,0.1428417495744615,0.18182857141576675,0.21258940288195408,0.2255847491448273,0,213,213
hcp83,8,heat_raw18,random_ordinary,3,2,0.16677526347510113,0.028023772716703962,0.16677526347510113,0.19159439182375643,0.21655763284395113,0.2386783907222815,0,213,213
hcp83,8,heat_raw18,random_ordinary,3,3,0.1427818896372012,0.020581636739037203,0.1427818896372012,0.16697938033696036,0.19685718265579666,0.2130712750440068,0,213,213
hcp83,8,heat_raw18,random_ordinary,4,1,0.15642329834405067,0.024665151188864313,0.15642329834405067,0.18168044796077465,0.19550248256648953,0.2067916972769616,0,213,213
hcp83,8,heat_raw18,random_ordinary,4,2,0.17644297356399263,0.031305409829186684,0.17644297356399263,0.1999407258704745,0.21396322862149977,0.2680901459419281,0,213,213
hcp83,8,heat_raw18,random_ordinary,4,3,0.141342271932881,0.020114744091394406,0.141342271932881,0.1619173288854422,0.17780272748954024,0.1888477766831228,0,213,213
hcp83,8,heat_raw18,random_ordinary,5,1,0.1349365978828267,0.01855934053574359,0.1349365978828267,0.1671805363764884,0.1836484738293138,0.2267741285929516,0,213,213
hcp83,8,heat_raw18,random_ordinary,5,2,0.17192291174922922,0.029868277588249368,0.17192291174922922,0.19490529216021585,0.23092962455912797,0.3324310942837584,0,213,213
hcp83,8,heat_raw18,random_ordinary,5,3,0.1394072048992708,0.019619034486961673,0.1394072048992708,0.16208307335951821,0.17454734931087182,0.2236890834835445,0,213,213
hcp83,8,heat_raw18,random_projection,1,1,0.13906124120722876,0.019584986381719093,0.13906124120722876,0.16500521606667057,0.17868188472553126,0.2157092090611864,0,213,213
hcp83,8,heat_raw18,random_projection,1,2,0.16349507294053717,0.026859224552530918,0.16349507294053717,0.185599907037644,0.19394013943203434,0.1980522171684229,0,213,213
hcp83,8,heat_raw18,random_projection,1,3,0.1354826108219872,0.018520822845359112,0.1354826108219872,0.15695950229543118,0.17866986561349923,0.1915892248346752,0,213,213
hcp83,8,heat_raw18,random_projection,2,1,0.141113494590098,0.020124624400144914,0.141113494590098,0.1662275991145925,0.19144510364379055,0.1992642773836599,0,211,211
hcp83,8,heat_raw18,random_projection,2,2,0.17349931518947267,0.030315516961373246,0.17349931518947267,0.19664889456683066,0.22337234704641917,0.2694912735155562,0,211,211
hcp83,8,heat_raw18,random_projection,2,3,0.13484234723616845,0.018367403911648296,0.13484234723616845,0.16332421488588372,0.17685017878375017,0.1844161283113482,0,211,211
hcp83,8,heat_raw18,random_projection,3,1,0.14277024990362244,0.020807549124368056,0.14277024990362244,0.18182857141576675,0.21258940288195408,0.2216697587028255,0,213,213
hcp83,8,heat_raw18,random_projection,3,2,0.16667008113394388,0.027985803774669152,0.16667008113394388,0.19159439182375643,0.21655763284395113,0.2386809052241483,0,213,213
hcp83,8,heat_raw18,random_projection,3,3,0.1425931519975367,0.020512287076295384,0.1425931519975367,0.16370407614608407,0.19450070541370607,0.2130712750440068,0,213,213
hcp83,8,heat_raw18,random_projection,4,1,0.15559669669770781,0.0243701808468126,0.15559669669770781,0.17871452529537155,0.18754102648588378,0.1945855265348533,0,213,213
hcp83,8,heat_raw18,random_projection,4,2,0.17552663432310753,0.030989071415753702,0.17552663432310753,0.19948499785582913,0.2118165282395997,0.2706802514029169,0,213,213
hcp83,8,heat_raw18,random_projection,4,3,0.141342271932881,0.020114744091394406,0.141342271932881,0.1619173288854422,0.17780272748954024,0.1888477766831228,0,213,213
hcp83,8,heat_raw18,random_projection,5,1,0.13492438411149857,0.018555649566155137,0.13492438411149857,0.1671805363764884,0.1836484738293138,0.2267741285929516,0,213,213
hcp83,8,heat_raw18,random_projection,5,2,0.17163627696670397,0.029695204932611907,0.17163627696670397,0.19490529216021585,0.23092962455912797,0.27137788560588,0,213,213
hcp83,8,heat_raw18,random_projection,5,3,0.1394072048992708,0.019619034486961673,0.1394072048992708,0.16208307335951821,0.17454734931087182,0.2236890834835445,0,213,213
hcp83,8,heat_raw18,random_robust,1,1,0.13681719110499477,0.0189307394907408,0.13681719110499477,0.1627028423906941,0.17416921970924745,0.2108337271851439,0,213,213
hcp83,8,heat_raw18,random_robust,1,2,0.16089023199281824,0.025995081157575355,0.16089023199281824,0.18111584253441032,0.1878270949472177,0.1941936264267417,0,213,213
hcp83,8,heat_raw18,random_robust,1,3,0.1330823286795164,0.017839459726798165,0.1330823286795164,0.15259443688970406,0.16793309830530417,0.1868980214866681,0,213,213
hcp83,8,heat_raw18,random_robust,2,1,0.13736929506972476,0.019042706899539748,0.13736929506972476,0.1606751109268762,0.18103684714171986,0.1892431672043955,0,211,211
hcp83,8,heat_raw18,random_robust,2,2,0.1699539103286804,0.029050985420273078,0.1699539103286804,0.18903625360731055,0.21847353631654884,0.2416248368919892,0,211,211
hcp83,8,heat_raw18,random_robust,2,3,0.13157052972826044,0.01746779251586778,0.13157052972826044,0.15742315182464534,0.16754289161609406,0.1797520438145746,0,211,211
hcp83,8,heat_raw18,random_robust,3,1,0.13872773847433242,0.019598955260173096,0.13872773847433242,0.17612555615574924,0.1982665593281436,0.2103318207766647,0,213,213
hcp83,8,heat_raw18,random_robust,3,2,0.16336914665141483,0.02685674078061012,0.16336914665141483,0.1846004764835732,0.2133785973010105,0.2258261458873038,0,213,213
hcp83,8,heat_raw18,random_robust,3,3,0.1400773441773719,0.019797523483289833,0.1400773441773719,0.1613179016102856,0.19304658526099214,0.2068236642565579,0,213,213
hcp83,8,heat_raw18,random_robust,4,1,0.15154185644916426,0.0231142321529773,0.15154185644916426,0.1743917432890723,0.18193672890148535,0.1906573842118053,0,213,213
hcp83,8,heat_raw18,random_robust,4,2,0.1727160300804845,0.029984505548125876,0.1727160300804845,0.19489444313606966,0.2082316694708405,0.2559441946791456,0,213,213
hcp83,8,heat_raw18,random_robust,4,3,0.13925444766573125,0.019513295623654142,0.13925444766573125,0.15832765493678794,0.16769060723353263,0.1867405757486018,0,213,213
hcp83,8,heat_raw18,random_robust,5,1,0.13093990209188994,0.017436595913362298,0.13093990209188994,0.16009373639158456,0.17777257198033153,0.1854697097001401,0,213,213
hcp83,8,heat_raw18,random_robust,5,2,0.1696475509579242,0.029021406782986016,0.1696475509579242,0.19028197888346865,0.23636314084419813,0.2772152102739302,0,213,213
hcp83,8,heat_raw18,random_robust,5,3,0.13778558402776916,0.019157435700115553,0.13778558402776916,0.1583850651671325,0.1765113948938454,0.2149618095588903,0,213,213
hcp83,8,heat_raw18,selected_bounded_residual,1,1,0.12878382611627653,0.016733474926734975,0.12878382611627653,0.14822310270811703,0.16437925641312215,0.1814796250544005,0,213,213
hcp83,8,heat_raw18,selected_bounded_residual,1,2,0.1535529045294974,0.023693346738626452,0.1535529045294974,0.1745611248242,0.18314484348958243,0.1942610418833401,0,213,213
hcp83,8,heat_raw18,selected_bounded_residual,1,3,0.1288604141197987,0.016724705462884203,0.1288604141197987,0.14521832674447782,0.16106857567716323,0.2003261511880887,0,213,213
hcp83,8,heat_raw18,selected_bounded_residual,2,1,0.12733314287323622,0.016441237925136836,0.12733314287323622,0.15244686499772475,0.18665045556334958,0.1908570100835182,0,211,211
hcp83,8,heat_raw18,selected_bounded_residual,2,2,0.15467276888680984,0.0240594917525342,0.15467276888680984,0.17397648118292308,0.18929557698457666,0.1964325326154327,0,211,211
hcp83,8,heat_raw18,selected_bounded_residual,2,3,0.12853924832520697,0.016669648573883998,0.12853924832520697,0.15281954778619294,0.16943938963816335,0.1757375786350498,0,211,211
hcp83,8,heat_raw18,selected_bounded_residual,3,1,0.12911124793975132,0.016965251310572534,0.12911124793975132,0.15895715737627328,0.1912807070574115,0.2185486333202282,0,213,213
hcp83,8,heat_raw18,selected_bounded_residual,3,2,0.1582698970099269,0.025235394296548655,0.1582698970099269,0.18280443226163381,0.2093384543661913,0.2161178767516373,0,213,213
hcp83,8,heat_raw18,selected_bounded_residual,3,3,0.13013869001202802,0.01711271461689444,0.13013869001202802,0.15246467049042225,0.16903699347319115,0.2004864264870182,0,213,213
hcp83,8,heat_raw18,selected_bounded_residual,4,1,0.12878228137397052,0.016751417546993552,0.12878228137397052,0.15228577705236035,0.16247944948928,0.1708484122350929,0,213,213
hcp83,8,heat_raw18,selected_bounded_residual,4,2,0.15378359723599438,0.023764655844344142,0.15378359723599438,0.1732401879270731,0.1826300569939092,0.1921816624678546,0,213,213
hcp83,8,heat_raw18,selected_bounded_residual,4,3,0.12905586471571326,0.016779767477153023,0.12905586471571326,0.1475899875521637,0.16324719487937425,0.1705438816571623,0,213,213
hcp83,8,heat_raw18,selected_bounded_residual,5,1,0.12817584349262082,0.016627981190162226,0.12817584349262082,0.14938992474045298,0.16195326044170033,0.1926541259400824,0,213,213
hcp83,8,heat_raw18,selected_bounded_residual,5,2,0.1546488019162001,0.024070195996696735,0.1546488019162001,0.1776504117101579,0.1920510750414642,0.211979980555284,0,213,213
hcp83,8,heat_raw18,selected_bounded_residual,5,3,0.12868994298268857,0.016695593567330053,0.12868994298268857,0.1459019056402094,0.16379338518444853,0.2000506972583797,0,213,213
hcp83,8,heat_raw18,selected_projection,1,1,0.1336230337526662,0.01802489056408452,0.1336230337526662,0.15546993576592133,0.17559617634823846,0.1903772381117303,0,213,213
hcp83,8,heat_raw18,selected_projection,1,2,0.15558564331111688,0.024343242659269036,0.15558564331111688,0.17900478292213803,0.18948025885832043,0.1992491584686586,0,213,213
hcp83,8,heat_raw18,selected_projection,1,3,0.13108535905565877,0.0173278114286403,0.13108535905565877,0.14845366638641044,0.16954682151420103,0.2095314410569225,0,213,213
hcp83,8,heat_raw18,selected_projection,2,1,0.13035239307973392,0.01725526116972524,0.13035239307973392,0.16056079649517754,0.1953804021230646,0.2079809016227596,0,211,211
hcp83,8,heat_raw18,selected_projection,2,2,0.15670740545173947,0.024720997685869224,0.15670740545173947,0.179703393764587,0.19908441338394434,0.2033525779642075,0,211,211
hcp83,8,heat_raw18,selected_projection,2,3,0.13108453039999748,0.0173603967974232,0.13108453039999748,0.15834163303309415,0.18057230390014534,0.1887038001787434,0,211,211
hcp83,8,heat_raw18,selected_projection,3,1,0.13206072820441306,0.01777109300672134,0.13206072820441306,0.16515940327532627,0.20077106713050608,0.2273388509989806,0,213,213
hcp83,8,heat_raw18,selected_projection,3,2,0.1605603370956043,0.025968459538484215,0.1605603370956043,0.18647196224780183,0.2061471248371286,0.2121767379483881,0,213,213
hcp83,8,heat_raw18,selected_projection,3,3,0.13278349012070184,0.017837811044764867,0.13278349012070184,0.1576550882366519,0.1836944646009198,0.2035781144567377,0,213,213
hcp83,8,heat_raw18,selected_projection,4,1,0.13319010201057566,0.017925363724996497,0.13319010201057566,0.1551203700147782,0.16855884733786286,0.1731082400689888,0,213,213
hcp83,8,heat_raw18,selected_projection,4,2,0.15573939859241892,0.02438548276784411,0.15573939859241892,0.17693501908382336,0.18723507529206812,0.1948731648636566,0,213,213
hcp83,8,heat_raw18,selected_projection,4,3,0.1315222940495531,0.017444782601038086,0.1315222940495531,0.1491326986371808,0.16915491886118972,0.1933259624467603,0,213,213
hcp83,8,heat_raw18,selected_projection,5,1,0.13123765684018038,0.017432740448932255,0.13123765684018038,0.15207426019517084,0.16357564799362354,0.2033203477952662,0,213,213
hcp83,8,heat_raw18,selected_projection,5,2,0.15663840374382654,0.024709765883559463,0.15663840374382654,0.1794020753379693,0.19819157156535822,0.2115191195258441,0,213,213
hcp83,8,heat_raw18,selected_projection,5,3,0.13110436300552827,0.01733085160906366,0.13110436300552827,0.15052470999444834,0.16546254120533255,0.2029140660435354,0,213,213
hcp83,8,heat_raw18,selected_robust,1,1,0.12878382611627653,0.016733474926734975,0.12878382611627653,0.14822310270811703,0.16437925641312215,0.1814796250544005,0,213,213
hcp83,8,heat_raw18,selected_robust,1,2,0.1535529045294974,0.023693346738626452,0.1535529045294974,0.1745611248242,0.18314484348958243,0.1942610418833401,0,213,213
hcp83,8,heat_raw18,selected_robust,1,3,0.1288604141197987,0.016724705462884203,0.1288604141197987,0.14521832674447782,0.16106857567716323,0.2003261511880887,0,213,213
hcp83,8,heat_raw18,selected_robust,2,1,0.12733314287323622,0.016441237925136836,0.12733314287323622,0.15244686499772475,0.18665045556334958,0.1908570100835182,0,211,211
hcp83,8,heat_raw18,selected_robust,2,2,0.15467276888680984,0.0240594917525342,0.15467276888680984,0.17397648118292308,0.18929557698457666,0.1964325326154327,0,211,211
hcp83,8,heat_raw18,selected_robust,2,3,0.12853924832520697,0.016669648573883998,0.12853924832520697,0.15281954778619294,0.16943938963816335,0.1757375786350498,0,211,211
hcp83,8,heat_raw18,selected_robust,3,1,0.12911124793975132,0.016965251310572534,0.12911124793975132,0.15895715737627328,0.1912807070574115,0.2185486333202282,0,213,213
hcp83,8,heat_raw18,selected_robust,3,2,0.1582698970099269,0.025235394296548655,0.1582698970099269,0.18280443226163381,0.2093384543661913,0.2161178767516373,0,213,213
hcp83,8,heat_raw18,selected_robust,3,3,0.13013869001202802,0.01711271461689444,0.13013869001202802,0.15246467049042225,0.16903699347319115,0.2004864264870182,0,213,213
hcp83,8,heat_raw18,selected_robust,4,1,0.12878228137397052,0.016751417546993552,0.12878228137397052,0.15228577705236035,0.16247944948928,0.1708484122350929,0,213,213
hcp83,8,heat_raw18,selected_robust,4,2,0.15378359723599438,0.023764655844344142,0.15378359723599438,0.1732401879270731,0.1826300569939092,0.1921816624678546,0,213,213
hcp83,8,heat_raw18,selected_robust,4,3,0.12905586471571326,0.016779767477153023,0.12905586471571326,0.1475899875521637,0.16324719487937425,0.1705438816571623,0,213,213
hcp83,8,heat_raw18,selected_robust,5,1,0.12817584349262082,0.016627981190162226,0.12817584349262082,0.14938992474045298,0.16195326044170033,0.1926541259400824,0,213,213
hcp83,8,heat_raw18,selected_robust,5,2,0.1546488019162001,0.024070195996696735,0.1546488019162001,0.1776504117101579,0.1920510750414642,0.211979980555284,0,213,213
hcp83,8,heat_raw18,selected_robust,5,3,0.12868994298268857,0.016695593567330053,0.12868994298268857,0.1459019056402094,0.16379338518444853,0.2000506972583797,0,213,213
hcp83,8,heat_raw18,selected_sources_ordinary,1,1,0.13535339012909567,0.01849538664684125,0.13535339012909567,0.15729598119237,0.17549922513893215,0.1918272531122156,0,213,213
hcp83,8,heat_raw18,selected_sources_ordinary,1,2,0.15578772307791555,0.02440781639282144,0.15578772307791555,0.17860749869726059,0.19141350623710168,0.1958801391515976,0,213,213
hcp83,8,heat_raw18,selected_sources_ordinary,1,3,0.1314715907690026,0.017444990932715208,0.1314715907690026,0.1498587971185274,0.16989882615384308,0.21085512215437,0,213,213
hcp83,8,heat_raw18,selected_sources_ordinary,2,1,0.13035239307973392,0.01725526116972524,0.13035239307973392,0.16056079649517754,0.1953804021230646,0.2079809016227596,0,211,211
hcp83,8,heat_raw18,selected_sources_ordinary,2,2,0.15757258630170407,0.025019900920106426,0.15757258630170407,0.1801335536296744,0.2030814698748435,0.2232276318665904,0,211,211
hcp83,8,heat_raw18,selected_sources_ordinary,2,3,0.1313046436886421,0.017425965566221977,0.1313046436886421,0.15846565207455776,0.18325865256083532,0.1900497922046033,0,211,211
hcp83,8,heat_raw18,selected_sources_ordinary,3,1,0.13206072820441306,0.01777109300672134,0.13206072820441306,0.16515940327532627,0.20077106713050608,0.2273388509989806,0,213,213
hcp83,8,heat_raw18,selected_sources_ordinary,3,2,0.1605603370956043,0.025968459538484215,0.1605603370956043,0.18647196224780183,0.2061471248371286,0.2121767379483881,0,213,213
hcp83,8,heat_raw18,selected_sources_ordinary,3,3,0.13320856249302424,0.017977993877144664,0.13320856249302424,0.15871150216087254,0.18802792956443734,0.2082174614695653,0,213,213
hcp83,8,heat_raw18,selected_sources_ordinary,4,1,0.13336049764850036,0.017980835152093772,0.13336049764850036,0.15676231479490219,0.16967962469019665,0.1731082400689888,0,213,213
hcp83,8,heat_raw18,selected_sources_ordinary,4,2,0.15623983488226556,0.02454473940925778,0.15623983488226556,0.17832689447392,0.18718686634808124,0.1920369290589957,0,213,213
hcp83,8,heat_raw18,selected_sources_ordinary,4,3,0.1318255310635586,0.017530394790450106,0.1318255310635586,0.1496049406776283,0.16962565112625402,0.1972711598179775,0,213,213
hcp83,8,heat_raw18,selected_sources_ordinary,5,1,0.13123765684018038,0.017432740448932255,0.13123765684018038,0.15207426019517084,0.16357564799362354,0.2033203477952662,0,213,213
hcp83,8,heat_raw18,selected_sources_ordinary,5,2,0.15677436912351492,0.024746182681728707,0.15677436912351492,0.17927600206393,0.1981197762627716,0.207323430460162,0,213,213
hcp83,8,heat_raw18,selected_sources_ordinary,5,3,0.13128018985628714,0.01738106712297123,0.13128018985628714,0.15052470999444834,0.16678390803265572,0.206257094265332,0,213,213
hcp83,8,heat_raw18,spatial_robust,1,1,0.140554504118911,0.019916219099144622,0.140554504118911,0.16241203113752295,0.17320379889579746,0.1944178133852875,0,213,213
hcp83,8,heat_raw18,spatial_robust,1,2,0.16188010794745894,0.0263611896310676,0.16188010794745894,0.18335197422173627,0.19683629896205146,0.2073798642075991,0,213,213
hcp83,8,heat_raw18,spatial_robust,1,3,0.13232942569271508,0.017647130613853645,0.13232942569271508,0.1544793300307074,0.17000653770153543,0.1784882477904226,0,213,213
hcp83,8,heat_raw18,spatial_robust,2,1,0.1297857261682511,0.017035844550084982,0.1297857261682511,0.1519704382443306,0.16679544491684692,0.2011579006845107,0,211,211
hcp83,8,heat_raw18,spatial_robust,2,2,0.1598334145046859,0.02568399603012822,0.1598334145046859,0.17935475757723296,0.19293158165077115,0.1979983966240238,0,211,211
hcp83,8,heat_raw18,spatial_robust,2,3,0.13276534955033975,0.017787570418770587,0.13276534955033975,0.15830497717138,0.1673876329460019,0.1755748932187275,0,211,211
hcp83,8,heat_raw18,spatial_robust,3,1,0.13094234229244542,0.017360508567143447,0.13094234229244542,0.15532007825643693,0.18064722774023229,0.1943263747404657,0,213,213
hcp83,8,heat_raw18,spatial_robust,3,2,0.16232803245122548,0.026524164862373648,0.16232803245122548,0.18293872303374972,0.20645677146237684,0.2156662746461802,0,213,213
hcp83,8,heat_raw18,spatial_robust,3,3,0.13295758314816722,0.01788292198615344,0.13295758314816722,0.1606102087748598,0.17512331420762933,0.2131370810241211,0,213,213
hcp83,8,heat_raw18,spatial_robust,4,1,0.1295013311131884,0.016948910777768368,0.1295013311131884,0.15230637661178048,0.16635627539617664,0.1673330132308047,0,213,213
hcp83,8,heat_raw18,spatial_robust,4,2,0.16239438559758756,0.02652311115001524,0.16239438559758756,0.18351799004464145,0.19355007953797118,0.2036938651225453,0,213,213
hcp83,8,heat_raw18,spatial_robust,4,3,0.13262195554072476,0.017723119702080417,0.13262195554072476,0.1533356228134568,0.16423347159135887,0.171506352017021,0,213,213
hcp83,8,heat_raw18,spatial_robust,5,1,0.1309393416897903,0.017365052494568208,0.1309393416897903,0.15505163794525723,0.1759541409006799,0.2015351167728848,0,213,213
hcp83,8,heat_raw18,spatial_robust,5,2,0.1616331136761088,0.026292047103713027,0.1616331136761088,0.18112326316379213,0.1968872173108744,0.2101252369067745,0,213,213
hcp83,8,heat_raw18,spatial_robust,5,3,0.13251050415976515,0.017717829214673457,0.13251050415976515,0.15407689563148053,0.16688663826468855,0.1958243401041909,0,213,213
hcp83,8,heat_raw18,template_random_bounded_residual,1,1,0.042186138125655984,0.0021169452444689744,0.042186138125655984,0.07695251663944995,0.09162365072278375,0.1549417870167735,0,213,213
hcp83,8,heat_raw18,template_random_bounded_residual,1,2,0.04164688147217424,0.001922044505680634,0.04164688147217424,0.0669322697169385,0.08452224804379768,0.125622169373868,0,213,213
hcp83,8,heat_raw18,template_random_bounded_residual,1,3,0.03540107594542875,0.0014295389886496116,0.03540107594542875,0.06083274627657808,0.07206621312820762,0.1128930383309732,0,213,213
hcp83,8,heat_raw18,template_random_bounded_residual,2,1,0.03466406366158889,0.001360430387590556,0.03466406366158889,0.0578794946488161,0.07481167827071043,0.1254503847208177,0,211,211
hcp83,8,heat_raw18,template_random_bounded_residual,2,2,0.04255963662772387,0.002040202408003532,0.04255963662772387,0.0702295618994895,0.09678763194214648,0.1394381774686597,0,211,211
hcp83,8,heat_raw18,template_random_bounded_residual,2,3,0.03318157934394316,0.0012284850771367194,0.03318157934394316,0.05315311692981285,0.06969867272151434,0.1130460878509804,0,211,211
hcp83,8,heat_raw18,template_random_bounded_residual,3,1,0.03310399395092898,0.0012786857748561904,0.03310399395092898,0.0571490632904389,0.08778698714582193,0.1115552265206522,0,213,213
hcp83,8,heat_raw18,template_random_bounded_residual,3,2,0.04058083662247259,0.0018582463449832631,0.04058083662247259,0.07422786533970294,0.09020145868170257,0.1216477616973929,0,213,213
hcp83,8,heat_raw18,template_random_bounded_residual,3,3,0.034569318916548776,0.0013704233576949938,0.034569318916548776,0.06371375737967709,0.08267864999609925,0.1059384904425259,0,213,213
hcp83,8,heat_raw18,template_random_bounded_residual,4,1,0.03907413983302147,0.0017476054825046254,0.03907413983302147,0.06539853762585729,0.08809481846106731,0.1259112460302364,0,213,213
hcp83,8,heat_raw18,template_random_bounded_residual,4,2,0.040059878544660955,0.0018703958316910467,0.040059878544660955,0.06741773430219533,0.09508651645049251,0.1321339672742363,0,213,213
hcp83,8,heat_raw18,template_random_bounded_residual,4,3,0.034648136489621756,0.0013534086588120418,0.034648136489621756,0.056962321366714794,0.07772050718961679,0.1058979467028261,0,213,213
hcp83,8,heat_raw18,template_random_bounded_residual,5,1,0.037132751676286546,0.0015755484198066048,0.037132751676286546,0.06375276373149233,0.0872814381378888,0.1102943703192248,0,213,213
hcp83,8,heat_raw18,template_random_bounded_residual,5,2,0.04076317639815277,0.0019124840732411311,0.04076317639815277,0.07244679288103643,0.0946777072890002,0.1165839107959157,0,213,213
hcp83,8,heat_raw18,template_random_bounded_residual,5,3,0.03622005486006202,0.001487195684714559,0.03622005486006202,0.06284167623763437,0.07762998319144059,0.1027107234503753,0,213,213
hcp83,8,heat_raw18,template_random_projection,1,1,0.04375010755566556,0.0022591670467296855,0.04375010755566556,0.07847052441226293,0.09453257806754106,0.1539834775069934,0,213,213
hcp83,8,heat_raw18,template_random_projection,1,2,0.04329622941176371,0.0020850479436879186,0.04329622941176371,0.06899928888377017,0.08375934896183694,0.1390501420196157,0,213,213
hcp83,8,heat_raw18,template_random_projection,1,3,0.036720175361877744,0.0015478126594794086,0.036720175361877744,0.06118681956266739,0.08345156183936106,0.1210412065800591,0,213,213
hcp83,8,heat_raw18,template_random_projection,2,1,0.03706975069994006,0.0015930955703500416,0.03706975069994006,0.0600869647242082,0.09219101534271867,0.1361297286561774,0,211,211
hcp83,8,heat_raw18,template_random_projection,2,2,0.04457450234784608,0.0022333975217615058,0.04457450234784608,0.07331450233793049,0.10428168804430227,0.1343707311769463,0,211,211
hcp83,8,heat_raw18,template_random_projection,2,3,0.035425763763575056,0.0014327746808138072,0.035425763763575056,0.05830571667606155,0.08237887779431258,0.1194998198007211,0,211,211
hcp83,8,heat_raw18,template_random_projection,3,1,0.03454768822923757,0.0013868009222324418,0.03454768822923757,0.0636846170717302,0.08587909705307974,0.1178577033040665,0,213,213
hcp83,8,heat_raw18,template_random_projection,3,2,0.04261312814326266,0.0020564249033477163,0.04261312814326266,0.07722599281872367,0.09622040659505024,0.1343849114035361,0,213,213
hcp83,8,heat_raw18,template_random_projection,3,3,0.036285835421718454,0.0015233656193581226,0.036285835421718454,0.06569257197595789,0.087260308724068,0.1245509633340844,0,213,213
hcp83,8,heat_raw18,template_random_projection,4,1,0.04085328948128537,0.0018848910671450227,0.04085328948128537,0.06734001901843376,0.088560312803955,0.1251748916105426,0,213,213
hcp83,8,heat_raw18,template_random_projection,4,2,0.04173677876488321,0.002011448240679938,0.04173677876488321,0.06900080921253222,0.09510042471807592,0.1359242385862353,0,213,213
hcp83,8,heat_raw18,template_random_projection,4,3,0.03613401946390131,0.0014591337028297005,0.03613401946390131,0.0597246565935305,0.07890939222368681,0.1030992797958147,0,213,213
hcp83,8,heat_raw18,template_random_projection,5,1,0.0386814323075139,0.0016960802105627755,0.0386814323075139,0.0661174329446089,0.08749136290200162,0.1106508939102095,0,213,213
hcp83,8,heat_raw18,template_random_projection,5,2,0.04222335098021162,0.0020324022507082385,0.04222335098021162,0.07312426373128865,0.09600217798654254,0.1183403799492674,0,213,213
hcp83,8,heat_raw18,template_random_projection,5,3,0.03768142572840544,0.0015970856689537553,0.03768142572840544,0.06450340398092268,0.08082982684857518,0.1019167431582209,0,213,213
hcp83,8,heat_raw18,template_random_robust,1,1,0.042186138125655984,0.0021169452444689744,0.042186138125655984,0.07695251663944995,0.09162365072278375,0.1549417870167735,0,213,213
hcp83,8,heat_raw18,template_random_robust,1,2,0.04164688147217424,0.001922044505680634,0.04164688147217424,0.0669322697169385,0.08452224804379768,0.125622169373868,0,213,213
hcp83,8,heat_raw18,template_random_robust,1,3,0.03540107594542875,0.0014295389886496116,0.03540107594542875,0.06083274627657808,0.07206621312820762,0.1128930383309732,0,213,213
hcp83,8,heat_raw18,template_random_robust,2,1,0.03466406366158889,0.001360430387590556,0.03466406366158889,0.0578794946488161,0.07481167827071043,0.1254503847208177,0,211,211
hcp83,8,heat_raw18,template_random_robust,2,2,0.04255963662772387,0.002040202408003532,0.04255963662772387,0.0702295618994895,0.09678763194214648,0.1394381774686597,0,211,211
hcp83,8,heat_raw18,template_random_robust,2,3,0.03318157934394316,0.0012284850771367194,0.03318157934394316,0.05315311692981285,0.06969867272151434,0.1130460878509804,0,211,211
hcp83,8,heat_raw18,template_random_robust,3,1,0.03310399395092898,0.0012786857748561904,0.03310399395092898,0.0571490632904389,0.08778698714582193,0.1115552265206522,0,213,213
hcp83,8,heat_raw18,template_random_robust,3,2,0.04058083662247259,0.0018582463449832631,0.04058083662247259,0.07422786533970294,0.09020145868170257,0.1216477616973929,0,213,213
hcp83,8,heat_raw18,template_random_robust,3,3,0.034569318916548776,0.0013704233576949938,0.034569318916548776,0.06371375737967709,0.08267864999609925,0.1059384904425259,0,213,213
hcp83,8,heat_raw18,template_random_robust,4,1,0.03907413983302147,0.0017476054825046254,0.03907413983302147,0.06539853762585729,0.08809481846106731,0.1259112460302364,0,213,213
hcp83,8,heat_raw18,template_random_robust,4,2,0.040059878544660955,0.0018703958316910467,0.040059878544660955,0.06741773430219533,0.09508651645049251,0.1321339672742363,0,213,213
hcp83,8,heat_raw18,template_random_robust,4,3,0.034648136489621756,0.0013534086588120418,0.034648136489621756,0.056962321366714794,0.07772050718961679,0.1058979467028261,0,213,213
hcp83,8,heat_raw18,template_random_robust,5,1,0.037132751676286546,0.0015755484198066048,0.037132751676286546,0.06375276373149233,0.0872814381378888,0.1102943703192248,0,213,213
hcp83,8,heat_raw18,template_random_robust,5,2,0.04076317639815277,0.0019124840732411311,0.04076317639815277,0.07244679288103643,0.0946777072890002,0.1165839107959157,0,213,213
hcp83,8,heat_raw18,template_random_robust,5,3,0.03622005486006202,0.001487195684714559,0.03622005486006202,0.06284167623763437,0.07762998319144059,0.1027107234503753,0,213,213
hcp83,8,heat_raw18,template_selected_bounded_residual,1,1,0.031218865216077234,0.0010757131923274442,0.031218865216077234,0.050202081500189684,0.06496954652268973,0.0877635946087011,0,213,213
hcp83,8,heat_raw18,template_selected_bounded_residual,1,2,0.039042448715903455,0.0016824058786817692,0.039042448715903455,0.061721652807155504,0.0795937766239789,0.1142895930441328,0,213,213
hcp83,8,heat_raw18,template_selected_bounded_residual,1,3,0.03429228537980325,0.0012933781144672132,0.03429228537980325,0.0540933811262614,0.06626154789499603,0.0982675481431226,0,213,213
hcp83,8,heat_raw18,template_selected_bounded_residual,2,1,0.037881395340653996,0.0016139799368493847,0.037881395340653996,0.06342856315919715,0.07756939881573596,0.1296135806916563,0,211,211
hcp83,8,heat_raw18,template_selected_bounded_residual,2,2,0.03824622144186519,0.0016142959048569064,0.03824622144186519,0.059366964165358305,0.08143020499538457,0.1294841908863844,0,211,211
hcp83,8,heat_raw18,template_selected_bounded_residual,2,3,0.03329385166303201,0.0012238663275139984,0.03329385166303201,0.0531245923323055,0.0666144882696586,0.1093032182401145,0,211,211
hcp83,8,heat_raw18,template_selected_bounded_residual,3,1,0.037781892512654916,0.0016369346929630962,0.037781892512654916,0.06905334287808416,0.08696108741355969,0.1079495689283194,0,213,213
hcp83,8,heat_raw18,template_selected_bounded_residual,3,2,0.03785580131509229,0.0016012002998753608,0.03785580131509229,0.06567032054433371,0.08869597475403324,0.1081225499884112,0,213,213
hcp83,8,heat_raw18,template_selected_bounded_residual,3,3,0.03394099434452241,0.0012942488023374064,0.03394099434452241,0.05861312206269938,0.07406832485952063,0.0979703055535518,0,213,213
hcp83,8,heat_raw18,template_selected_bounded_residual,4,1,0.030386996558293754,0.0010158324910883136,0.030386996558293754,0.046365746928267934,0.06478016689203156,0.0808593403564806,0,213,213
hcp83,8,heat_raw18,template_selected_bounded_residual,4,2,0.03750205640094132,0.0015460230234765528,0.03750205640094132,0.05695218705721499,0.07790245442013125,0.1106373780730357,0,213,213
hcp83,8,heat_raw18,template_selected_bounded_residual,4,3,0.033103082035956716,0.0012034802783798962,0.033103082035956716,0.049894387774956216,0.07436890817599608,0.0902673568466076,0,213,213
hcp83,8,heat_raw18,template_selected_bounded_residual,5,1,0.03806097064159122,0.0016343061899802668,0.03806097064159122,0.06528364387782402,0.08663198683278558,0.0974449937187719,0,213,213
hcp83,8,heat_raw18,template_selected_bounded_residual,5,2,0.03829309393376073,0.0016083950195630431,0.03829309393376073,0.06210086792973377,0.07632859223536857,0.1026634390021978,0,213,213
hcp83,8,heat_raw18,template_selected_bounded_residual,5,3,0.03420653717736272,0.0012975620664693807,0.03420653717736272,0.05644631068028581,0.07425384370507473,0.0860234293277411,0,213,213
hcp83,8,heat_raw18,template_selected_projection,1,1,0.03296923359387489,0.0012383222652518572,0.03296923359387489,0.054427105663683216,0.07339893973623372,0.1148808354449395,0,213,213
hcp83,8,heat_raw18,template_selected_projection,1,2,0.04015772072907505,0.0017993816261978783,0.04015772072907505,0.061472237979214465,0.08863980222486906,0.1327595458053862,0,213,213
hcp83,8,heat_raw18,template_selected_projection,1,3,0.03545009361240097,0.0013984965283841382,0.03545009361240097,0.05638182107636423,0.07343439912444251,0.1091952924620932,0,213,213
hcp83,8,heat_raw18,template_selected_projection,2,1,0.039827903873310797,0.0018036119912595498,0.039827903873310797,0.06514425694396585,0.1037450619060012,0.1365839673244782,0,211,211
hcp83,8,heat_raw18,template_selected_projection,2,2,0.04034317878812281,0.0018290382138235548,0.04034317878812281,0.06293559442643304,0.09059824487487901,0.1376592787054354,0,211,211
hcp83,8,heat_raw18,template_selected_projection,2,3,0.03503384629227663,0.0013826884331125866,0.03503384629227663,0.0555162845579849,0.08012610670994971,0.1140717835605457,0,211,211
hcp83,8,heat_raw18,template_selected_projection,3,1,0.03919445487157771,0.0017678851931647176,0.03919445487157771,0.07125568105516776,0.09106669755118268,0.1200679790250911,0,213,213
hcp83,8,heat_raw18,template_selected_projection,3,2,0.03916581677993934,0.001741039413062996,0.03916581677993934,0.07025944607683375,0.09537685926264186,0.1287356079595342,0,213,213
hcp83,8,heat_raw18,template_selected_projection,3,3,0.03518879745772972,0.001399799923247144,0.03518879745772972,0.062012070646870296,0.07732769350139528,0.1086361382604083,0,213,213
hcp83,8,heat_raw18,template_selected_projection,4,1,0.03186361568940706,0.001117604578940061,0.03186361568940706,0.04897614492462185,0.06556697925723672,0.0861462824541988,0,213,213
hcp83,8,heat_raw18,template_selected_projection,4,2,0.03889063011641151,0.0016583178466515033,0.03889063011641151,0.059180089180646094,0.07665705400902723,0.1106698915865793,0,213,213
hcp83,8,heat_raw18,template_selected_projection,4,3,0.03421390840141923,0.0012862721455431602,0.03421390840141923,0.052211745684777336,0.07536718054991623,0.0919442532457239,0,213,213
hcp83,8,heat_raw18,template_selected_projection,5,1,0.039232120178748636,0.0017307175486696513,0.039232120178748636,0.06749752710171346,0.08860329324763214,0.0984522878559244,0,213,213
hcp83,8,heat_raw18,template_selected_projection,5,2,0.03948272171556355,0.0017147211132634262,0.03948272171556355,0.06411415955937033,0.08476766849605401,0.106654151529522,0,213,213
hcp83,8,heat_raw18,template_selected_projection,5,3,0.03519078592607021,0.001373711865036612,0.03519078592607021,0.05744961000509557,0.07558635274973638,0.0909605398544405,0,213,213
hcp83,8,heat_raw18,template_selected_robust,1,1,0.031218865216077234,0.0010757131923274442,0.031218865216077234,0.050202081500189684,0.06496954652268973,0.0877635946087011,0,213,213
hcp83,8,heat_raw18,template_selected_robust,1,2,0.039042448715903455,0.0016824058786817692,0.039042448715903455,0.061721652807155504,0.0795937766239789,0.1142895930441328,0,213,213
hcp83,8,heat_raw18,template_selected_robust,1,3,0.03429228537980325,0.0012933781144672132,0.03429228537980325,0.0540933811262614,0.06626154789499603,0.0982675481431226,0,213,213
hcp83,8,heat_raw18,template_selected_robust,2,1,0.037881395340653996,0.0016139799368493847,0.037881395340653996,0.06342856315919715,0.07756939881573596,0.1296135806916563,0,211,211
hcp83,8,heat_raw18,template_selected_robust,2,2,0.03824622144186519,0.0016142959048569064,0.03824622144186519,0.059366964165358305,0.08143020499538457,0.1294841908863844,0,211,211
hcp83,8,heat_raw18,template_selected_robust,2,3,0.03329385166303201,0.0012238663275139984,0.03329385166303201,0.0531245923323055,0.0666144882696586,0.1093032182401145,0,211,211
hcp83,8,heat_raw18,template_selected_robust,3,1,0.037781892512654916,0.0016369346929630962,0.037781892512654916,0.06905334287808416,0.08696108741355969,0.1079495689283194,0,213,213
hcp83,8,heat_raw18,template_selected_robust,3,2,0.03785580131509229,0.0016012002998753608,0.03785580131509229,0.06567032054433371,0.08869597475403324,0.1081225499884112,0,213,213
hcp83,8,heat_raw18,template_selected_robust,3,3,0.03394099434452241,0.0012942488023374064,0.03394099434452241,0.05861312206269938,0.07406832485952063,0.0979703055535518,0,213,213
hcp83,8,heat_raw18,template_selected_robust,4,1,0.030386996558293754,0.0010158324910883136,0.030386996558293754,0.046365746928267934,0.06478016689203156,0.0808593403564806,0,213,213
hcp83,8,heat_raw18,template_selected_robust,4,2,0.03750205640094132,0.0015460230234765528,0.03750205640094132,0.05695218705721499,0.07790245442013125,0.1106373780730357,0,213,213
hcp83,8,heat_raw18,template_selected_robust,4,3,0.033103082035956716,0.0012034802783798962,0.033103082035956716,0.049894387774956216,0.07436890817599608,0.0902673568466076,0,213,213
hcp83,8,heat_raw18,template_selected_robust,5,1,0.03806097064159122,0.0016343061899802668,0.03806097064159122,0.06528364387782402,0.08663198683278558,0.0974449937187719,0,213,213
hcp83,8,heat_raw18,template_selected_robust,5,2,0.03829309393376073,0.0016083950195630431,0.03829309393376073,0.06210086792973377,0.07632859223536857,0.1026634390021978,0,213,213
hcp83,8,heat_raw18,template_selected_robust,5,3,0.03420653717736272,0.0012975620664693807,0.03420653717736272,0.05644631068028581,0.07425384370507473,0.0860234293277411,0,213,213
hcp83,8,qsf,atlas_random_aligned,1,1,0.025411690795930093,0.0006669034075423427,0.025411690795930093,0.03312611839809636,0.03671275292338038,0.0406264951091397,0,213,213
hcp83,8,qsf,atlas_random_aligned,1,2,0.024622064397814763,0.0006252582590140666,0.024622064397814763,0.03293078033637596,0.03714388227155503,0.039195244428956,0,213,213
hcp83,8,qsf,atlas_random_aligned,1,3,0.023484435755526053,0.0005660833877232089,0.023484435755526053,0.03046443589965996,0.03374415969697508,0.0354801504161178,0,213,213
hcp83,8,qsf,atlas_random_aligned,2,1,0.024343581220994975,0.0006100260499983019,0.024343581220994975,0.03183278595567725,0.03493010747112405,0.0397651617407871,0,211,211
hcp83,8,qsf,atlas_random_aligned,2,2,0.029219248049171746,0.0008898226063460535,0.029219248049171746,0.04035598019704465,0.043640213317541435,0.0568790930311739,0,211,211
hcp83,8,qsf,atlas_random_aligned,2,3,0.02431901794417835,0.0006058967602890294,0.02431901794417835,0.0314648791312634,0.03495676916763588,0.0374959659852355,0,211,211
hcp83,8,qsf,atlas_random_aligned,3,1,0.024730906463013538,0.0006531484168998724,0.024730906463013538,0.03179357474654134,0.040790483369976926,0.0945025532909163,0,213,213
hcp83,8,qsf,atlas_random_aligned,3,2,0.027450797637098664,0.000791059110230837,0.027450797637098664,0.037024116909136075,0.045339548705375675,0.0731361954459171,0,213,213
hcp83,8,qsf,atlas_random_aligned,3,3,0.025553810652680496,0.0006833279950977621,0.025553810652680496,0.03548397100816241,0.039940031334667773,0.0666196413886471,0,213,213
hcp83,8,qsf,atlas_random_aligned,4,1,0.02646720531543146,0.0007245013445415778,0.02646720531543146,0.03509476686445103,0.04122645348312456,0.041624409548107,0,213,213
hcp83,8,qsf,atlas_random_aligned,4,2,0.03019879080773907,0.0009595223042596958,0.03019879080773907,0.044961604804316484,0.05076778917813572,0.0519007373226938,0,213,213
hcp83,8,qsf,atlas_random_aligned,4,3,0.02514074837277119,0.0006496941470187817,0.02514074837277119,0.03302315106725757,0.037994246958928404,0.0406792291010091,0,213,213
hcp83,8,qsf,atlas_random_aligned,5,1,0.024784803714618858,0.0006483571227988446,0.024784803714618858,0.03287365277710542,0.039091630807035524,0.0801543123773862,0,213,213
hcp83,8,qsf,atlas_random_aligned,5,2,0.025009705186758175,0.0006531585538164786,0.025009705186758175,0.03155791345797043,0.03479690091361158,0.0781467463102763,0,213,213
hcp83,8,qsf,atlas_random_aligned,5,3,0.025303303625014963,0.0006711103364001566,0.025303303625014963,0.03278660363813005,0.03844536147624113,0.0755507659190455,0,213,213
hcp83,8,qsf,atlas_random_mean,1,1,0.05757027747563375,0.004191696055470228,0.05757027747563375,0.09652195446537119,0.2039796739593863,0.2434485207866918,0,213,213
hcp83,8,qsf,atlas_random_mean,1,2,0.059885704644818336,0.004475503027018642,0.059885704644818336,0.1026619399788968,0.20415829276501996,0.2458358321241312,0,213,213
hcp83,8,qsf,atlas_random_mean,1,3,0.05667827619448714,0.004066282894965218,0.05667827619448714,0.09522688053298982,0.20550951499398004,0.2420466754100094,0,213,213
hcp83,8,qsf,atlas_random_mean,2,1,0.05868810298111249,0.004600413244381603,0.05868810298111249,0.099853386388527,0.2026819334156894,0.2807449993646399,0,211,211
hcp83,8,qsf,atlas_random_mean,2,2,0.061275249459560165,0.004899687409401773,0.061275249459560165,0.1057147946141575,0.20234510738112416,0.2770468131164135,0,211,211
hcp83,8,qsf,atlas_random_mean,2,3,0.0582480095359914,0.0045296070741846555,0.0582480095359914,0.10335033061440504,0.20163144972914562,0.2813853313317889,0,211,211
hcp83,8,qsf,atlas_random_mean,3,1,0.059010596550184896,0.004536610898766746,0.059010596550184896,0.1115024007411604,0.21218767990104723,0.2244853598043883,0,213,213
hcp83,8,qsf,atlas_random_mean,3,2,0.0617723917469683,0.004880567722263458,0.0617723917469683,0.11577843569937576,0.2114105712874028,0.2263485422875545,0,213,213
hcp83,8,qsf,atlas_random_mean,3,3,0.058611688171568345,0.0044883254361942,0.058611688171568345,0.1110990177212102,0.20958663609165973,0.2335626905593603,0,213,213
hcp83,8,qsf,atlas_random_mean,4,1,0.057201082354256014,0.003970552892472824,0.057201082354256014,0.1011963263796828,0.16288947381484825,0.2009549984165289,0,213,213
hcp83,8,qsf,atlas_random_mean,4,2,0.059598026976736496,0.004268916595148656,0.059598026976736496,0.10335322725419972,0.16793117748550482,0.2010416245763991,0,213,213
hcp83,8,qsf,atlas_random_mean,4,3,0.056805159685061044,0.003915035024494794,0.056805159685061044,0.1017157566150352,0.16265389039423472,0.2006926205128737,0,213,213
hcp83,8,qsf,atlas_random_mean,5,1,0.05772904464822362,0.003993205062474865,0.05772904464822362,0.09926358993730834,0.15970846712768627,0.2253149323304183,0,213,213
hcp83,8,qsf,atlas_random_mean,5,2,0.060577578945781634,0.004354304306967907,0.060577578945781634,0.10472532061896783,0.1650456592013251,0.2273526050285006,0,213,213
hcp83,8,qsf,atlas_random_mean,5,3,0.05763505653315198,0.003996293111874256,0.05763505653315198,0.09791141127331583,0.1600620625863941,0.2346386564586707,0,213,213
hcp83,8,qsf,atlas_selected_aligned,1,1,0.02457608764464708,0.000624140428642185,0.02457608764464708,0.03218104524549924,0.03729797794889773,0.0400361562625839,0,213,213
hcp83,8,qsf,atlas_selected_aligned,1,2,0.02739253748832122,0.0007761831590805502,0.02739253748832122,0.03512382911425371,0.042207795106573,0.0430570412587442,0,213,213
hcp83,8,qsf,atlas_selected_aligned,1,3,0.024346078920364833,0.0006080340994929211,0.024346078920364833,0.03127966457212962,0.03447790746841244,0.0357335464722526,0,213,213
hcp83,8,qsf,atlas_selected_aligned,2,1,0.024613234647694802,0.0006253839972353506,0.024613234647694802,0.0325396645230831,0.03617332549917211,0.0410540785047067,0,211,211
hcp83,8,qsf,atlas_selected_aligned,2,2,0.028007417289807414,0.000815032308034846,0.028007417289807414,0.036308293182526194,0.04605149448558487,0.0549999974639583,0,211,211
hcp83,8,qsf,atlas_selected_aligned,2,3,0.0246832383535762,0.0006243075556755772,0.0246832383535762,0.031623497538225145,0.03547171820853802,0.0366716694109365,0,211,211
hcp83,8,qsf,atlas_selected_aligned,3,1,0.024881224681738742,0.0006525634539597182,0.024881224681738742,0.03240161014461858,0.04326253610824218,0.0777981725986299,0,213,213
hcp83,8,qsf,atlas_selected_aligned,3,2,0.027835022293288998,0.000808115616525153,0.027835022293288998,0.036539806017649154,0.044749599888458926,0.0673994853411426,0,213,213
hcp83,8,qsf,atlas_selected_aligned,3,3,0.02505279448706312,0.0006520853099795013,0.02505279448706312,0.033696863819140256,0.03800225020623859,0.0644482766898637,0,213,213
hcp83,8,qsf,atlas_selected_aligned,4,1,0.0251596616533837,0.0006553559378670291,0.0251596616533837,0.033731985705693586,0.040905781608137,0.0462714807203457,0,213,213
hcp83,8,qsf,atlas_selected_aligned,4,2,0.02787553785304436,0.0008056844003413028,0.02787553785304436,0.036832578909187945,0.04436981794483479,0.0494863267259776,0,213,213
hcp83,8,qsf,atlas_selected_aligned,4,3,0.024990605276092304,0.0006413062812126296,0.024990605276092304,0.03382012736085568,0.03640661348510431,0.0407935075506427,0,213,213
hcp83,8,qsf,atlas_selected_aligned,5,1,0.024315137101220928,0.0006218370013519343,0.024315137101220928,0.031782614313340694,0.03674313665025263,0.0777656712642373,0,213,213
hcp83,8,qsf,atlas_selected_aligned,5,2,0.027685279360615846,0.0008005747972901529,0.027685279360615846,0.03616139273987439,0.043819365691301196,0.0698605908635354,0,213,213
hcp83,8,qsf,atlas_selected_aligned,5,3,0.02471891446263264,0.0006334223001847301,0.02471891446263264,0.032138090489340854,0.03635733147325509,0.0644499827717402,0,213,213
hcp83,8,qsf,atlas_selected_mean,1,1,0.05757027747563375,0.004191696055470228,0.05757027747563375,0.09652195446537119,0.2039796739593863,0.2434485207866918,0,213,213
hcp83,8,qsf,atlas_selected_mean,1,2,0.059885704644818336,0.004475503027018642,0.059885704644818336,0.1026619399788968,0.20415829276501996,0.2458358321241312,0,213,213
hcp83,8,qsf,atlas_selected_mean,1,3,0.05667827619448714,0.004066282894965218,0.05667827619448714,0.09522688053298982,0.20550951499398004,0.2420466754100094,0,213,213
hcp83,8,qsf,atlas_selected_mean,2,1,0.05868810298111249,0.004600413244381603,0.05868810298111249,0.099853386388527,0.2026819334156894,0.2807449993646399,0,211,211
hcp83,8,qsf,atlas_selected_mean,2,2,0.061275249459560165,0.004899687409401773,0.061275249459560165,0.1057147946141575,0.20234510738112416,0.2770468131164135,0,211,211
hcp83,8,qsf,atlas_selected_mean,2,3,0.0582480095359914,0.0045296070741846555,0.0582480095359914,0.10335033061440504,0.20163144972914562,0.2813853313317889,0,211,211
hcp83,8,qsf,atlas_selected_mean,3,1,0.059010596550184896,0.004536610898766746,0.059010596550184896,0.1115024007411604,0.21218767990104723,0.2244853598043883,0,213,213
hcp83,8,qsf,atlas_selected_mean,3,2,0.0617723917469683,0.004880567722263458,0.0617723917469683,0.11577843569937576,0.2114105712874028,0.2263485422875545,0,213,213
hcp83,8,qsf,atlas_selected_mean,3,3,0.058611688171568345,0.0044883254361942,0.058611688171568345,0.1110990177212102,0.20958663609165973,0.2335626905593603,0,213,213
hcp83,8,qsf,atlas_selected_mean,4,1,0.057201082354256014,0.003970552892472824,0.057201082354256014,0.1011963263796828,0.16288947381484825,0.2009549984165289,0,213,213
hcp83,8,qsf,atlas_selected_mean,4,2,0.059598026976736496,0.004268916595148656,0.059598026976736496,0.10335322725419972,0.16793117748550482,0.2010416245763991,0,213,213
hcp83,8,qsf,atlas_selected_mean,4,3,0.056805159685061044,0.003915035024494794,0.056805159685061044,0.1017157566150352,0.16265389039423472,0.2006926205128737,0,213,213
hcp83,8,qsf,atlas_selected_mean,5,1,0.05772904464822362,0.003993205062474865,0.05772904464822362,0.09926358993730834,0.15970846712768627,0.2253149323304183,0,213,213
hcp83,8,qsf,atlas_selected_mean,5,2,0.060577578945781634,0.004354304306967907,0.060577578945781634,0.10472532061896783,0.1650456592013251,0.2273526050285006,0,213,213
hcp83,8,qsf,atlas_selected_mean,5,3,0.05763505653315198,0.003996293111874256,0.05763505653315198,0.09791141127331583,0.1600620625863941,0.2346386564586707,0,213,213
hcp83,8,qsf,floor_random_robust,1,1,0.12190342775718255,0.015172419578726401,0.12190342775718255,0.15600190478193143,0.16570052861189247,0.2247759154206863,0,213,213
hcp83,8,qsf,floor_random_robust,1,2,0.15685045331361838,0.024737478681841497,0.15685045331361838,0.17698672051031444,0.19425956126072508,0.1985798392054276,0,213,213
hcp83,8,qsf,floor_random_robust,1,3,0.12466908622776444,0.015712539751911427,0.12466908622776444,0.14697761634917927,0.15811267520775807,0.1872073280957487,0,213,213
hcp83,8,qsf,floor_random_robust,2,1,0.1260870057850242,0.01620696140163571,0.1260870057850242,0.15688757483065924,0.17518947555678716,0.2089269775434213,0,211,211
hcp83,8,qsf,floor_random_robust,2,2,0.16822966212838483,0.02853402030393184,0.16822966212838483,0.18761307454510176,0.24161780671157917,0.2641016099958419,0,211,211
hcp83,8,qsf,floor_random_robust,2,3,0.12710804668157608,0.01632994986805706,0.12710804668157608,0.15331014660546075,0.1630645059017254,0.1793798322316737,0,211,211
hcp83,8,qsf,floor_random_robust,3,1,0.12275287519562744,0.015534832867787847,0.12275287519562744,0.1603551627885276,0.196478579300074,0.238204121552436,0,213,213
hcp83,8,qsf,floor_random_robust,3,2,0.15747519424921363,0.025043039976242184,0.15747519424921363,0.18316960984893094,0.21491305526525814,0.2629959812041665,0,213,213
hcp83,8,qsf,floor_random_robust,3,3,0.12855996398767208,0.016747593509434538,0.12855996398767208,0.1513587826495935,0.1863107058999171,0.203407937915392,0,213,213
hcp83,8,qsf,floor_random_robust,4,1,0.14012578378835167,0.019958206486811205,0.14012578378835167,0.17408478123165208,0.1971295842413864,0.2062369174104636,0,213,213
hcp83,8,qsf,floor_random_robust,4,2,0.16431090962876194,0.027211308368768342,0.16431090962876194,0.18710633239956664,0.21353304711671306,0.2500593254456478,0,213,213
hcp83,8,qsf,floor_random_robust,4,3,0.13400719027934688,0.01808079998107693,0.13400719027934688,0.15249224413173376,0.16318384853683376,0.1736860481625657,0,213,213
hcp83,8,qsf,floor_random_robust,5,1,0.11945774864737023,0.014786280925394128,0.11945774864737023,0.15622150349709887,0.18505249645584565,0.3010495707052339,0,213,213
hcp83,8,qsf,floor_random_robust,5,2,0.16216298852486397,0.02649667531515864,0.16216298852486397,0.18673337918945326,0.20559394229915473,0.2208050591360967,0,213,213
hcp83,8,qsf,floor_random_robust,5,3,0.13282729073956065,0.017833975546694983,0.13282729073956065,0.15669433196943325,0.16668749152692688,0.2283911832190257,0,213,213
hcp83,8,qsf,ordinary_selected,1,1,0.11070876148945266,0.012556393153346834,0.11070876148945266,0.1391669735695945,0.1773882750864152,0.1901354566144024,0,213,213
hcp83,8,qsf,ordinary_selected,1,2,0.1433047255617646,0.020680160311856186,0.1433047255617646,0.16278767126842114,0.1779926255476539,0.1992891839680346,0,213,213
hcp83,8,qsf,ordinary_selected,1,3,0.11900367457102,0.01433403125147836,0.11900367457102,0.1399886119712184,0.16120235488583481,0.2044464409835458,0,213,213
hcp83,8,qsf,ordinary_selected,2,1,0.10926490458997025,0.012336506795019108,0.10926490458997025,0.1444250607639169,0.19054715516534168,0.2030500488012021,0,211,211
hcp83,8,qsf,ordinary_selected,2,2,0.14391567743563272,0.02090910353125406,0.14391567743563272,0.16905766960520696,0.19486265829772778,0.2116324624287351,0,211,211
hcp83,8,qsf,ordinary_selected,2,3,0.11911431491608486,0.014452846679304002,0.11911431491608486,0.14944652076972847,0.18256494095803227,0.2035860543156796,0,211,211
hcp83,8,qsf,ordinary_selected,3,1,0.11073455400225614,0.01267078932301555,0.11073455400225614,0.1474188885246365,0.1885539491408763,0.2057005770921832,0,213,213
hcp83,8,qsf,ordinary_selected,3,2,0.1454454911688109,0.021373836964444375,0.1454454911688109,0.1744377712569325,0.19056156702413746,0.2076233968651988,0,213,213
hcp83,8,qsf,ordinary_selected,3,3,0.11980121472182347,0.014618973874045777,0.11980121472182347,0.15254766881646206,0.18540142314190142,0.1999952322859002,0,213,213
hcp83,8,qsf,ordinary_selected,4,1,0.1093915550265862,0.01227128050224748,0.1093915550265862,0.14207760889844084,0.17410204214466768,0.2048074838458652,0,213,213
hcp83,8,qsf,ordinary_selected,4,2,0.14483832493073653,0.021119292991583667,0.14483832493073653,0.1682077150428603,0.1808762779089117,0.1860626151585199,0,213,213
hcp83,8,qsf,ordinary_selected,4,3,0.11902292781813371,0.014349957191194494,0.11902292781813371,0.1389266555583161,0.1699722562644997,0.1830549463885544,0,213,213
hcp83,8,qsf,ordinary_selected,5,1,0.10946806580856211,0.012253006844711147,0.10946806580856211,0.13688648315751067,0.15240118387030266,0.1862441629144683,0,213,213
hcp83,8,qsf,ordinary_selected,5,2,0.14463796527878695,0.02109842426159995,0.14463796527878695,0.16525162196868765,0.1959550677319566,0.2060286310364875,0,213,213
hcp83,8,qsf,ordinary_selected,5,3,0.11838776333131504,0.014176065134616765,0.11838776333131504,0.1410485579612475,0.1569366425050723,0.1973111455936783,0,213,213
hcp83,8,qsf,random_bounded_residual,1,1,0.11796660949532865,0.01424359048093615,0.11796660949532865,0.15153421503448392,0.16692001525854933,0.2219572853826591,0,213,213
hcp83,8,qsf,random_bounded_residual,1,2,0.15306041402440082,0.023554853276644732,0.15306041402440082,0.17304274300050332,0.18706712276454027,0.2023353886275513,0,213,213
hcp83,8,qsf,random_bounded_residual,1,3,0.11836819494638205,0.014218210227521276,0.11836819494638205,0.1439768041770036,0.16078739348293297,0.1955984566192801,0,213,213
hcp83,8,qsf,random_bounded_residual,2,1,0.11610903352628689,0.013789616166606072,0.11610903352628689,0.14875854734493849,0.17012726198165132,0.1787600311450211,0,211,211
hcp83,8,qsf,random_bounded_residual,2,2,0.1651622787959365,0.027464118923419732,0.1651622787959365,0.18342852299084514,0.23409406093471644,0.2388258556696634,0,211,211
hcp83,8,qsf,random_bounded_residual,2,3,0.12051627669183854,0.014709171147926466,0.12051627669183854,0.14970939942088415,0.16016121238347503,0.1664722484790064,0,211,211
hcp83,8,qsf,random_bounded_residual,3,1,0.1153659120665314,0.013723676320910658,0.1153659120665314,0.15225424665966855,0.1877284320346993,0.2117093164740398,0,213,213
hcp83,8,qsf,random_bounded_residual,3,2,0.15432708631202408,0.024015110432153954,0.15432708631202408,0.18023828331084668,0.20141048033517228,0.2390168553203153,0,213,213
hcp83,8,qsf,random_bounded_residual,3,3,0.12285277343415814,0.015346010037949642,0.12285277343415814,0.14961111715778078,0.18841377161209982,0.2034044117083428,0,213,213
hcp83,8,qsf,random_bounded_residual,4,1,0.13681144101648357,0.01907630546472215,0.13681144101648357,0.16781930015790847,0.19211714489949447,0.2379162286048005,0,213,213
hcp83,8,qsf,random_bounded_residual,4,2,0.15830864559947486,0.025244264027567898,0.15830864559947486,0.1836502421648727,0.20350591445719668,0.2185553894991512,0,213,213
hcp83,8,qsf,random_bounded_residual,4,3,0.12725974067076629,0.016333129770001925,0.12725974067076629,0.14631005650180248,0.16074395419290677,0.1794885311964263,0,213,213
hcp83,8,qsf,random_bounded_residual,5,1,0.1141917960195976,0.013446991838653428,0.1141917960195976,0.15371582034557033,0.16897677217445192,0.184443544837655,0,213,213
hcp83,8,qsf,random_bounded_residual,5,2,0.15676195212035654,0.024779216136463,0.15676195212035654,0.1809729230685257,0.20496629854486048,0.2083061785932844,0,213,213
hcp83,8,qsf,random_bounded_residual,5,3,0.12426928136914633,0.015619508926350298,0.12426928136914633,0.14696573418194528,0.1605256499075746,0.212443859471188,0,213,213
hcp83,8,qsf,random_ordinary,1,1,0.11942158979063902,0.014644876157468817,0.11942158979063902,0.15369784299349865,0.16305146738990078,0.2263409114753057,0,213,213
hcp83,8,qsf,random_ordinary,1,2,0.15568931779588874,0.024395099469804903,0.15568931779588874,0.17833701607722607,0.1964070869836724,0.2023287456559849,0,213,213
hcp83,8,qsf,random_ordinary,1,3,0.12128613444204822,0.014967997833448515,0.12128613444204822,0.15089888997633708,0.1791711910214156,0.2063984310085456,0,213,213
hcp83,8,qsf,random_ordinary,2,1,0.12053737974233238,0.01493726440637519,0.12053737974233238,0.1604231737587005,0.179619643691972,0.201757535792786,0,211,211
hcp83,8,qsf,random_ordinary,2,2,0.16878386509138107,0.028730893860595845,0.16878386509138107,0.19070593712313894,0.23987126781104076,0.2562848721267452,0,211,211
hcp83,8,qsf,random_ordinary,2,3,0.12292708708234933,0.015344268081187286,0.12292708708234933,0.15582249903607726,0.16880979780541783,0.1747227639412949,0,211,211
hcp83,8,qsf,random_ordinary,3,1,0.1188252451016607,0.014618339157597858,0.1188252451016607,0.16115980843753552,0.194803196026514,0.2178947822339752,0,213,213
hcp83,8,qsf,random_ordinary,3,2,0.15756381208050754,0.025066360900697866,0.15756381208050754,0.18821946862355096,0.2099115549506302,0.226985608274073,0,213,213
hcp83,8,qsf,random_ordinary,3,3,0.12546024891583843,0.01603612271089513,0.12546024891583843,0.15719100974757347,0.1993500605457148,0.2031342208530487,0,213,213
hcp83,8,qsf,random_ordinary,4,1,0.13787750791922124,0.019374537920261743,0.13787750791922124,0.171309261958869,0.19591088843872528,0.2235849326814933,0,213,213
hcp83,8,qsf,random_ordinary,4,2,0.16172854537877354,0.02636598203148539,0.16172854537877354,0.18781197999909197,0.20680603805714362,0.2304697105023784,0,213,213
hcp83,8,qsf,random_ordinary,4,3,0.1289643040476173,0.016788811203702174,0.1289643040476173,0.15011850776535762,0.1705405607133195,0.1863096757248369,0,213,213
hcp83,8,qsf,random_ordinary,5,1,0.11699788027259234,0.014137931687416146,0.11699788027259234,0.15556783355594567,0.16993747547512048,0.2088067263588527,0,213,213
hcp83,8,qsf,random_ordinary,5,2,0.15849661860313485,0.02534268155322941,0.15849661860313485,0.18348036352451844,0.20857806945638405,0.2183140512463314,0,213,213
hcp83,8,qsf,random_ordinary,5,3,0.12498536071182054,0.01582476251310259,0.12498536071182054,0.150723094013148,0.16070519766213825,0.2200850624692915,0,213,213
hcp83,8,qsf,random_projection,1,1,0.11942158979063902,0.014644876157468817,0.11942158979063902,0.15369784299349865,0.16305146738990078,0.2263409114753057,0,213,213
hcp83,8,qsf,random_projection,1,2,0.155688141011466,0.02439472254879492,0.155688141011466,0.17833701607722607,0.1964070869836724,0.2023287456559849,0,213,213
hcp83,8,qsf,random_projection,1,3,0.1212814198466226,0.014966305828483758,0.1212814198466226,0.15089888997633708,0.17828748725483884,0.2063984310085456,0,213,213
hcp83,8,qsf,random_projection,2,1,0.12053737974233238,0.01493726440637519,0.12053737974233238,0.1604231737587005,0.179619643691972,0.201757535792786,0,211,211
hcp83,8,qsf,random_projection,2,2,0.16871559838499367,0.028706428655968414,0.16871559838499367,0.19031954701280118,0.23987126781104076,0.2561778450961945,0,211,211
hcp83,8,qsf,random_projection,2,3,0.12292708708234933,0.015344268081187286,0.12292708708234933,0.15582249903607726,0.16880979780541783,0.1747227639412949,0,211,211
hcp83,8,qsf,random_projection,3,1,0.1188252451016607,0.014618339157597858,0.1188252451016607,0.16115980843753552,0.194803196026514,0.2178947822339752,0,213,213
hcp83,8,qsf,random_projection,3,2,0.15739270387901705,0.025010571897459383,0.15739270387901705,0.1876479413458421,0.21004108114857722,0.226985608274073,0,213,213
hcp83,8,qsf,random_projection,3,3,0.1254229085779135,0.01602446137828837,0.1254229085779135,0.1547730757735211,0.1993500605457148,0.2031342208530487,0,213,213
hcp83,8,qsf,random_projection,4,1,0.13785020079295884,0.019365612654103453,0.13785020079295884,0.17106250991005942,0.19591088843872528,0.2235849326814933,0,213,213
hcp83,8,qsf,random_projection,4,2,0.16157311830835797,0.0263135494284685,0.16157311830835797,0.18705200972439037,0.20655062929790102,0.2304697105023784,0,213,213
hcp83,8,qsf,random_projection,4,3,0.1289643040476173,0.016788811203702174,0.1289643040476173,0.15011850776535762,0.1705405607133195,0.1863096757248369,0,213,213
hcp83,8,qsf,random_projection,5,1,0.11699788027259234,0.014137931687416146,0.11699788027259234,0.15556783355594567,0.16993747547512048,0.2088067263588527,0,213,213
hcp83,8,qsf,random_projection,5,2,0.15849661860313485,0.02534268155322941,0.15849661860313485,0.18348036352451844,0.20857806945638405,0.2183140512463314,0,213,213
hcp83,8,qsf,random_projection,5,3,0.12498536071182054,0.01582476251310259,0.12498536071182054,0.150723094013148,0.16070519766213825,0.2200850624692915,0,213,213
hcp83,8,qsf,random_robust,1,1,0.11796660949532865,0.01424359048093615,0.11796660949532865,0.15153421503448392,0.16692001525854933,0.2219572853826591,0,213,213
hcp83,8,qsf,random_robust,1,2,0.15306041402440082,0.023554853276644732,0.15306041402440082,0.17304274300050332,0.18706712276454027,0.2023353886275513,0,213,213
hcp83,8,qsf,random_robust,1,3,0.11836819494638205,0.014218210227521276,0.11836819494638205,0.1439768041770036,0.16078739348293297,0.1955984566192801,0,213,213
hcp83,8,qsf,random_robust,2,1,0.11610903352628689,0.013789616166606072,0.11610903352628689,0.14875854734493849,0.17012726198165132,0.1787600311450211,0,211,211
hcp83,8,qsf,random_robust,2,2,0.1651622787959365,0.027464118923419732,0.1651622787959365,0.18342852299084514,0.23409406093471644,0.2388258556696634,0,211,211
hcp83,8,qsf,random_robust,2,3,0.12051627669183854,0.014709171147926466,0.12051627669183854,0.14970939942088415,0.16016121238347503,0.1664722484790064,0,211,211
hcp83,8,qsf,random_robust,3,1,0.1153659120665314,0.013723676320910658,0.1153659120665314,0.15225424665966855,0.1877284320346993,0.2117093164740398,0,213,213
hcp83,8,qsf,random_robust,3,2,0.15432708631202408,0.024015110432153954,0.15432708631202408,0.18023828331084668,0.20141048033517228,0.2390168553203153,0,213,213
hcp83,8,qsf,random_robust,3,3,0.12285277343415814,0.015346010037949642,0.12285277343415814,0.14961111715778078,0.18841377161209982,0.2034044117083428,0,213,213
hcp83,8,qsf,random_robust,4,1,0.13785020079295884,0.019365612654103453,0.13785020079295884,0.17106250991005942,0.19591088843872528,0.2235849326814933,0,213,213
hcp83,8,qsf,random_robust,4,2,0.15830864559947486,0.025244264027567898,0.15830864559947486,0.1836502421648727,0.20350591445719668,0.2185553894991512,0,213,213
hcp83,8,qsf,random_robust,4,3,0.12725974067076629,0.016333129770001925,0.12725974067076629,0.14631005650180248,0.16074395419290677,0.1794885311964263,0,213,213
hcp83,8,qsf,random_robust,5,1,0.1141917960195976,0.013446991838653428,0.1141917960195976,0.15371582034557033,0.16897677217445192,0.184443544837655,0,213,213
hcp83,8,qsf,random_robust,5,2,0.15676195212035654,0.024779216136463,0.15676195212035654,0.1809729230685257,0.20496629854486048,0.2083061785932844,0,213,213
hcp83,8,qsf,random_robust,5,3,0.12426928136914633,0.015619508926350298,0.12426928136914633,0.14696573418194528,0.1605256499075746,0.212443859471188,0,213,213
hcp83,8,qsf,selected_bounded_residual,1,1,0.10915112187021267,0.012159171639132157,0.10915112187021267,0.13314324319943308,0.16286598989465045,0.1785662322104186,0,213,213
hcp83,8,qsf,selected_bounded_residual,1,2,0.1412328635967385,0.020069955087194013,0.1412328635967385,0.15991602327575702,0.16645071512197687,0.1968247854527993,0,213,213
hcp83,8,qsf,selected_bounded_residual,1,3,0.11719388012884617,0.013876632183676992,0.11719388012884617,0.13556187063782393,0.15725540205843222,0.1987091008458872,0,213,213
hcp83,8,qsf,selected_bounded_residual,2,1,0.1084676464543224,0.012086783405473093,0.1084676464543224,0.13744822362458992,0.17716482502783681,0.1976377051234157,0,211,211
hcp83,8,qsf,selected_bounded_residual,2,2,0.14230928645961724,0.020419995212949342,0.14230928645961724,0.16515971121209105,0.19040542084612577,0.1962398869746286,0,211,211
hcp83,8,qsf,selected_bounded_residual,2,3,0.11725480662346507,0.013968072023622536,0.11725480662346507,0.14325283535280464,0.17711889886136817,0.1898192333832178,0,211,211
hcp83,8,qsf,selected_bounded_residual,3,1,0.10897612125028489,0.012220519487451493,0.10897612125028489,0.1388203191583478,0.1764154517590316,0.1965817333336138,0,213,213
hcp83,8,qsf,selected_bounded_residual,3,2,0.14424760488373956,0.020991789120763212,0.14424760488373956,0.16799922280694127,0.1927336674423311,0.2070859936022621,0,213,213
hcp83,8,qsf,selected_bounded_residual,3,3,0.11796465156499955,0.014134727738273753,0.11796465156499955,0.14146453723483343,0.17824554989758787,0.1956152516472969,0,213,213
hcp83,8,qsf,selected_bounded_residual,4,1,0.10722003106409426,0.011770334103479536,0.10722003106409426,0.1344346384451959,0.15951327652865904,0.197786334203167,0,213,213
hcp83,8,qsf,selected_bounded_residual,4,2,0.14359924961727885,0.020751761633295344,0.14359924961727885,0.16553819044711127,0.17891080399395942,0.1861905343101164,0,213,213
hcp83,8,qsf,selected_bounded_residual,4,3,0.11732026544587146,0.013920677149155167,0.11732026544587146,0.13638303055438378,0.16598681391303882,0.173326272418148,0,213,213
hcp83,8,qsf,selected_bounded_residual,5,1,0.10771958634449376,0.01186126593162707,0.10771958634449376,0.13756515103434802,0.15040645230978625,0.1758596510602231,0,213,213
hcp83,8,qsf,selected_bounded_residual,5,2,0.14310246126727724,0.020654121028204016,0.14310246126727724,0.16358629564739857,0.19624530374325797,0.2039715303890139,0,213,213
hcp83,8,qsf,selected_bounded_residual,5,3,0.11652064234451852,0.013719448478058924,0.11652064234451852,0.135973054925182,0.1563906142129854,0.1930552470145226,0,213,213
hcp83,8,qsf,selected_projection,1,1,0.11070876148945266,0.012556393153346834,0.11070876148945266,0.1391669735695945,0.1773882750864152,0.1901354566144024,0,213,213
hcp83,8,qsf,selected_projection,1,2,0.1423456397577699,0.020402845602027958,0.1423456397577699,0.16236372560940682,0.1761452931202012,0.1953475686496769,0,213,213
hcp83,8,qsf,selected_projection,1,3,0.11886924735482568,0.01429724216602586,0.11886924735482568,0.1399886119712184,0.16079518872582368,0.202991248309562,0,213,213
hcp83,8,qsf,selected_projection,2,1,0.10926490458997025,0.012336506795019108,0.10926490458997025,0.1444250607639169,0.19054715516534168,0.2030500488012021,0,211,211
hcp83,8,qsf,selected_projection,2,2,0.14390274067519251,0.020904594946895012,0.14390274067519251,0.16905766960520696,0.19486265829772778,0.2116324624287351,0,211,211
hcp83,8,qsf,selected_projection,2,3,0.11896470591569948,0.014410231739198073,0.11896470591569948,0.1489715585678433,0.1818360420815393,0.202924088969639,0,211,211
hcp83,8,qsf,selected_projection,3,1,0.11073455400225614,0.01267078932301555,0.11073455400225614,0.1474188885246365,0.1885539491408763,0.2057005770921832,0,213,213
hcp83,8,qsf,selected_projection,3,2,0.1454381896639934,0.021371660168706962,0.1454381896639934,0.1744377712569325,0.19056156702413746,0.2076233968651988,0,213,213
hcp83,8,qsf,selected_projection,3,3,0.11963481391852054,0.014572871509865628,0.11963481391852054,0.15242664212504198,0.18303606877182796,0.1995092458503753,0,213,213
hcp83,8,qsf,selected_projection,4,1,0.1093915550265862,0.01227128050224748,0.1093915550265862,0.14207760889844084,0.17410204214466768,0.2048074838458652,0,213,213
hcp83,8,qsf,selected_projection,4,2,0.14482500635500095,0.021114442652715334,0.14482500635500095,0.1682077150428603,0.1808762779089117,0.1860626151585199,0,213,213
hcp83,8,qsf,selected_projection,4,3,0.11887766029634933,0.014309613222869591,0.11887766029634933,0.13853825987531007,0.16785085911301975,0.1823692038206011,0,213,213
hcp83,8,qsf,selected_projection,5,1,0.10946806580856211,0.012253006844711147,0.10946806580856211,0.13688648315751067,0.15240118387030266,0.1862441629144683,0,213,213
hcp83,8,qsf,selected_projection,5,2,0.14463791914725546,0.021098411422298728,0.14463791914725546,0.16525162196868765,0.1959550677319566,0.2060286310364875,0,213,213
hcp83,8,qsf,selected_projection,5,3,0.11828547592948242,0.014150218827653141,0.11828547592948242,0.1410485579612475,0.1568586818947747,0.196877056948453,0,213,213
hcp83,8,qsf,selected_robust,1,1,0.10915112187021267,0.012159171639132157,0.10915112187021267,0.13314324319943308,0.16286598989465045,0.1785662322104186,0,213,213
hcp83,8,qsf,selected_robust,1,2,0.1412328635967385,0.020069955087194013,0.1412328635967385,0.15991602327575702,0.16645071512197687,0.1968247854527993,0,213,213
hcp83,8,qsf,selected_robust,1,3,0.11719388012884617,0.013876632183676992,0.11719388012884617,0.13556187063782393,0.15725540205843222,0.1987091008458872,0,213,213
hcp83,8,qsf,selected_robust,2,1,0.1084676464543224,0.012086783405473093,0.1084676464543224,0.13744822362458992,0.17716482502783681,0.1976377051234157,0,211,211
hcp83,8,qsf,selected_robust,2,2,0.14230928645961724,0.020419995212949342,0.14230928645961724,0.16515971121209105,0.19040542084612577,0.1962398869746286,0,211,211
hcp83,8,qsf,selected_robust,2,3,0.11725480662346507,0.013968072023622536,0.11725480662346507,0.14325283535280464,0.17711889886136817,0.1898192333832178,0,211,211
hcp83,8,qsf,selected_robust,3,1,0.10897612125028489,0.012220519487451493,0.10897612125028489,0.1388203191583478,0.1764154517590316,0.1965817333336138,0,213,213
hcp83,8,qsf,selected_robust,3,2,0.14424760488373956,0.020991789120763212,0.14424760488373956,0.16799922280694127,0.1927336674423311,0.2070859936022621,0,213,213
hcp83,8,qsf,selected_robust,3,3,0.11796465156499955,0.014134727738273753,0.11796465156499955,0.14146453723483343,0.17824554989758787,0.1956152516472969,0,213,213
hcp83,8,qsf,selected_robust,4,1,0.10722003106409426,0.011770334103479536,0.10722003106409426,0.1344346384451959,0.15951327652865904,0.197786334203167,0,213,213
hcp83,8,qsf,selected_robust,4,2,0.14359924961727885,0.020751761633295344,0.14359924961727885,0.16553819044711127,0.17891080399395942,0.1861905343101164,0,213,213
hcp83,8,qsf,selected_robust,4,3,0.11732026544587146,0.013920677149155167,0.11732026544587146,0.13638303055438378,0.16598681391303882,0.173326272418148,0,213,213
hcp83,8,qsf,selected_robust,5,1,0.10771958634449376,0.01186126593162707,0.10771958634449376,0.13756515103434802,0.15040645230978625,0.1758596510602231,0,213,213
hcp83,8,qsf,selected_robust,5,2,0.14310246126727724,0.020654121028204016,0.14310246126727724,0.16358629564739857,0.19624530374325797,0.2039715303890139,0,213,213
hcp83,8,qsf,selected_robust,5,3,0.11652064234451852,0.013719448478058924,0.11652064234451852,0.135973054925182,0.1563906142129854,0.1930552470145226,0,213,213
hcp83,8,qsf,selected_sources_ordinary,1,1,0.11070876148945266,0.012556393153346834,0.11070876148945266,0.1391669735695945,0.1773882750864152,0.1901354566144024,0,213,213
hcp83,8,qsf,selected_sources_ordinary,1,2,0.1433047255617646,0.020680160311856186,0.1433047255617646,0.16278767126842114,0.1779926255476539,0.1992891839680346,0,213,213
hcp83,8,qsf,selected_sources_ordinary,1,3,0.11900367457102,0.01433403125147836,0.11900367457102,0.1399886119712184,0.16120235488583481,0.2044464409835458,0,213,213
hcp83,8,qsf,selected_sources_ordinary,2,1,0.10926490458997025,0.012336506795019108,0.10926490458997025,0.1444250607639169,0.19054715516534168,0.2030500488012021,0,211,211
hcp83,8,qsf,selected_sources_ordinary,2,2,0.14391567743563272,0.02090910353125406,0.14391567743563272,0.16905766960520696,0.19486265829772778,0.2116324624287351,0,211,211
hcp83,8,qsf,selected_sources_ordinary,2,3,0.11911431491608486,0.014452846679304002,0.11911431491608486,0.14944652076972847,0.18256494095803227,0.2035860543156796,0,211,211
hcp83,8,qsf,selected_sources_ordinary,3,1,0.11073455400225614,0.01267078932301555,0.11073455400225614,0.1474188885246365,0.1885539491408763,0.2057005770921832,0,213,213
hcp83,8,qsf,selected_sources_ordinary,3,2,0.1454454911688109,0.021373836964444375,0.1454454911688109,0.1744377712569325,0.19056156702413746,0.2076233968651988,0,213,213
hcp83,8,qsf,selected_sources_ordinary,3,3,0.11980121472182347,0.014618973874045777,0.11980121472182347,0.15254766881646206,0.18540142314190142,0.1999952322859002,0,213,213
hcp83,8,qsf,selected_sources_ordinary,4,1,0.1093915550265862,0.01227128050224748,0.1093915550265862,0.14207760889844084,0.17410204214466768,0.2048074838458652,0,213,213
hcp83,8,qsf,selected_sources_ordinary,4,2,0.14483832493073653,0.021119292991583667,0.14483832493073653,0.1682077150428603,0.1808762779089117,0.1860626151585199,0,213,213
hcp83,8,qsf,selected_sources_ordinary,4,3,0.11902292781813371,0.014349957191194494,0.11902292781813371,0.1389266555583161,0.1699722562644997,0.1830549463885544,0,213,213
hcp83,8,qsf,selected_sources_ordinary,5,1,0.10946806580856211,0.012253006844711147,0.10946806580856211,0.13688648315751067,0.15240118387030266,0.1862441629144683,0,213,213
hcp83,8,qsf,selected_sources_ordinary,5,2,0.14463796527878695,0.02109842426159995,0.14463796527878695,0.16525162196868765,0.1959550677319566,0.2060286310364875,0,213,213
hcp83,8,qsf,selected_sources_ordinary,5,3,0.11838776333131504,0.014176065134616765,0.11838776333131504,0.1410485579612475,0.1569366425050723,0.1973111455936783,0,213,213
hcp83,8,qsf,spatial_robust,1,1,0.11903358134618697,0.01445113540496933,0.11903358134618697,0.1499639135193474,0.16474491387810275,0.1892259432743623,0,213,213
hcp83,8,qsf,spatial_robust,1,2,0.14808426018454962,0.022075369610349792,0.14808426018454962,0.17075299471066588,0.1780269511126904,0.1823364301899427,0,213,213
hcp83,8,qsf,spatial_robust,1,3,0.12121630025094497,0.014881126165107804,0.12121630025094497,0.1450771547947944,0.16489208322216806,0.2020394199502175,0,213,213
hcp83,8,qsf,spatial_robust,2,1,0.1119037531040015,0.01274426493535047,0.1119037531040015,0.1399203168133813,0.15689658862706451,0.1736416437017873,0,211,211
hcp83,8,qsf,spatial_robust,2,2,0.1470254005202549,0.021770056866783877,0.1470254005202549,0.1688600963459823,0.18028389868501682,0.1949519858666136,0,211,211
hcp83,8,qsf,spatial_robust,2,3,0.12185677152374576,0.015082546537173088,0.12185677152374576,0.15038733776886956,0.16749494833818535,0.1939894349867252,0,211,211
hcp83,8,qsf,spatial_robust,3,1,0.1119680174617595,0.01286692648151715,0.1119680174617595,0.14200724951783106,0.1712277995631652,0.2034047519237317,0,213,213
hcp83,8,qsf,spatial_robust,3,2,0.14845163191327176,0.02220775360294268,0.14845163191327176,0.173435825439595,0.1841428009961568,0.1921414790074352,0,213,213
hcp83,8,qsf,spatial_robust,3,3,0.12256379301397112,0.015269914487364651,0.12256379301397112,0.15184959318910163,0.17593341932957018,0.1949001228978066,0,213,213
hcp83,8,qsf,spatial_robust,4,1,0.1115127042936245,0.012671270672555527,0.1115127042936245,0.1383260019473467,0.15359705516013342,0.1926367028653125,0,213,213
hcp83,8,qsf,spatial_robust,4,2,0.14730652692558016,0.02186537534995069,0.14730652692558016,0.16914909317346905,0.18495223935436564,0.2015645380928496,0,213,213
hcp83,8,qsf,spatial_robust,4,3,0.12141358603789427,0.01490746511013722,0.12141358603789427,0.14359624970357993,0.16134240082376297,0.1657788411819496,0,213,213
hcp83,8,qsf,spatial_robust,5,1,0.11257131405700346,0.012942891806344937,0.11257131405700346,0.14066225635651458,0.1581230323517271,0.2012124985391616,0,213,213
hcp83,8,qsf,spatial_robust,5,2,0.14879309075946137,0.02233737615228183,0.14879309075946137,0.17011458414610242,0.19589803943688283,0.2171464260471681,0,213,213
hcp83,8,qsf,spatial_robust,5,3,0.12143480152104427,0.014931289025168723,0.12143480152104427,0.1444625658996595,0.16342927300678212,0.1940917196898532,0,213,213
hcp83,8,qsf,template_random_bounded_residual,1,1,0.040693111331199655,0.0019214508293407318,0.040693111331199655,0.07162925135860457,0.08609025053034765,0.1426858753015523,0,213,213
hcp83,8,qsf,template_random_bounded_residual,1,2,0.037786087080264624,0.0016556158032221997,0.037786087080264624,0.06450467360303291,0.08438353171369785,0.1323075708655579,0,213,213
hcp83,8,qsf,template_random_bounded_residual,1,3,0.03613688092169676,0.0014952864124076252,0.03613688092169676,0.06147900553739392,0.07480984515813452,0.1181410382034213,0,213,213
hcp83,8,qsf,template_random_bounded_residual,2,1,0.03373617995898907,0.001283015617082353,0.03373617995898907,0.0550474332020745,0.07236339154947227,0.1218739072945466,0,211,211
hcp83,8,qsf,template_random_bounded_residual,2,2,0.041177799596499615,0.0019313674806565526,0.041177799596499615,0.07065016170889775,0.09629513497820172,0.1402541030110745,0,211,211
hcp83,8,qsf,template_random_bounded_residual,2,3,0.03225446138440943,0.0011517592487920165,0.03225446138440943,0.05159531948438215,0.06579062129692359,0.1071838773439364,0,211,211
hcp83,8,qsf,template_random_bounded_residual,3,1,0.03119976304935528,0.0011456551834749479,0.03119976304935528,0.05390207581708121,0.0738068103102998,0.1482144672942482,0,213,213
hcp83,8,qsf,template_random_bounded_residual,3,2,0.0389158626853114,0.0017817833609150636,0.0389158626853114,0.0759247223465704,0.09864928251650609,0.1285294807951288,0,213,213
hcp83,8,qsf,template_random_bounded_residual,3,3,0.035394355577317044,0.001436795432892129,0.035394355577317044,0.06469488237847507,0.08278988134680319,0.1057860560703354,0,213,213
hcp83,8,qsf,template_random_bounded_residual,4,1,0.03841194957822822,0.001709871574926461,0.03841194957822822,0.06515926566084812,0.08834973898708032,0.1263156576615316,0,213,213
hcp83,8,qsf,template_random_bounded_residual,4,2,0.039865772345671444,0.0018456622396895803,0.039865772345671444,0.06657684366856567,0.09398130759641417,0.1309816096309306,0,213,213
hcp83,8,qsf,template_random_bounded_residual,4,3,0.03484702813189598,0.0013417936038511795,0.03484702813189598,0.056263105037614974,0.07369828427784705,0.0969619049378865,0,213,213
hcp83,8,qsf,template_random_bounded_residual,5,1,0.03815862284902059,0.001709498967943719,0.03815862284902059,0.06458412315805276,0.09029885857939572,0.1645343028328683,0,213,213
hcp83,8,qsf,template_random_bounded_residual,5,2,0.038738210607368664,0.0017346607805150903,0.038738210607368664,0.06827985135513877,0.09085821126542905,0.1134769924137586,0,213,213
hcp83,8,qsf,template_random_bounded_residual,5,3,0.03675215074986936,0.0015335292010297797,0.03675215074986936,0.06345278047288432,0.08297197978356721,0.1054552336020634,0,213,213
hcp83,8,qsf,template_random_projection,1,1,0.042553502491637814,0.00208621346802367,0.042553502491637814,0.07298914546161553,0.08814416208207863,0.1442857127932665,0,213,213
hcp83,8,qsf,template_random_projection,1,2,0.040040827476805374,0.0018578261593982378,0.040040827476805374,0.06765200115504626,0.08408479980911907,0.1439310383895607,0,213,213
hcp83,8,qsf,template_random_projection,1,3,0.03811822407306863,0.001660550338904372,0.03811822407306863,0.06320798054719827,0.08250713405655857,0.1228245604816752,0,213,213
hcp83,8,qsf,template_random_projection,2,1,0.03570754196150203,0.0014674202372603345,0.03570754196150203,0.0571857235888099,0.09296593671577322,0.1335456649888671,0,211,211
hcp83,8,qsf,template_random_projection,2,2,0.043313003817050104,0.002132199703102176,0.043313003817050104,0.07236223429768526,0.10188507772843093,0.1337297155988511,0,211,211
hcp83,8,qsf,template_random_projection,2,3,0.034131807352964935,0.0013045400093621737,0.034131807352964935,0.05456781505577115,0.07563262041660046,0.1098620230712272,0,211,211
hcp83,8,qsf,template_random_projection,3,1,0.032517820374058454,0.001237604012371614,0.032517820374058454,0.057064777218487635,0.07207301011429687,0.1477048096334952,0,213,213
hcp83,8,qsf,template_random_projection,3,2,0.04100076958064616,0.0019658255814866917,0.04100076958064616,0.07957312367104398,0.09952341537053314,0.1329342522277883,0,213,213
hcp83,8,qsf,template_random_projection,3,3,0.03716001182461752,0.0015979479626078935,0.03716001182461752,0.06604356715155692,0.09237134273839302,0.1238715017755998,0,213,213
hcp83,8,qsf,template_random_projection,4,1,0.040109657869297446,0.0018384234015728523,0.040109657869297446,0.06766333573837267,0.08820640110193514,0.1251430056215782,0,213,213
hcp83,8,qsf,template_random_projection,4,2,0.04161413632596216,0.0019944411740296475,0.04161413632596216,0.0687016166735008,0.09413254880222446,0.1351353067803463,0,213,213
hcp83,8,qsf,template_random_projection,4,3,0.03638165129282549,0.0014558666833893313,0.03638165129282549,0.05755779403177743,0.07542381763073586,0.0959575034233068,0,213,213
hcp83,8,qsf,template_random_projection,5,1,0.039811781182446375,0.0018422005956937515,0.039811781182446375,0.0682669946902377,0.0898245704204704,0.1636239083607567,0,213,213
hcp83,8,qsf,template_random_projection,5,2,0.04023275166694077,0.00185594853943951,0.04023275166694077,0.07033197098217896,0.09111246438142624,0.1159436466046166,0,213,213
hcp83,8,qsf,template_random_projection,5,3,0.03818364951781591,0.0016421483295627707,0.03818364951781591,0.06493671684447962,0.08288824311490486,0.1027753660476002,0,213,213
hcp83,8,qsf,template_random_robust,1,1,0.040693111331199655,0.0019214508293407318,0.040693111331199655,0.07162925135860457,0.08609025053034765,0.1426858753015523,0,213,213
hcp83,8,qsf,template_random_robust,1,2,0.037786087080264624,0.0016556158032221997,0.037786087080264624,0.06450467360303291,0.08438353171369785,0.1323075708655579,0,213,213
hcp83,8,qsf,template_random_robust,1,3,0.03613688092169676,0.0014952864124076252,0.03613688092169676,0.06147900553739392,0.07480984515813452,0.1181410382034213,0,213,213
hcp83,8,qsf,template_random_robust,2,1,0.03373617995898907,0.001283015617082353,0.03373617995898907,0.0550474332020745,0.07236339154947227,0.1218739072945466,0,211,211
hcp83,8,qsf,template_random_robust,2,2,0.041177799596499615,0.0019313674806565526,0.041177799596499615,0.07065016170889775,0.09629513497820172,0.1402541030110745,0,211,211
hcp83,8,qsf,template_random_robust,2,3,0.03225446138440943,0.0011517592487920165,0.03225446138440943,0.05159531948438215,0.06579062129692359,0.1071838773439364,0,211,211
hcp83,8,qsf,template_random_robust,3,1,0.03119976304935528,0.0011456551834749479,0.03119976304935528,0.05390207581708121,0.0738068103102998,0.1482144672942482,0,213,213
hcp83,8,qsf,template_random_robust,3,2,0.0389158626853114,0.0017817833609150636,0.0389158626853114,0.0759247223465704,0.09864928251650609,0.1285294807951288,0,213,213
hcp83,8,qsf,template_random_robust,3,3,0.035394355577317044,0.001436795432892129,0.035394355577317044,0.06469488237847507,0.08278988134680319,0.1057860560703354,0,213,213
hcp83,8,qsf,template_random_robust,4,1,0.03841194957822822,0.001709871574926461,0.03841194957822822,0.06515926566084812,0.08834973898708032,0.1263156576615316,0,213,213
hcp83,8,qsf,template_random_robust,4,2,0.039865772345671444,0.0018456622396895803,0.039865772345671444,0.06657684366856567,0.09398130759641417,0.1309816096309306,0,213,213
hcp83,8,qsf,template_random_robust,4,3,0.03484702813189598,0.0013417936038511795,0.03484702813189598,0.056263105037614974,0.07369828427784705,0.0969619049378865,0,213,213
hcp83,8,qsf,template_random_robust,5,1,0.03815862284902059,0.001709498967943719,0.03815862284902059,0.06458412315805276,0.09029885857939572,0.1645343028328683,0,213,213
hcp83,8,qsf,template_random_robust,5,2,0.038738210607368664,0.0017346607805150903,0.038738210607368664,0.06827985135513877,0.09085821126542905,0.1134769924137586,0,213,213
hcp83,8,qsf,template_random_robust,5,3,0.03675215074986936,0.0015335292010297797,0.03675215074986936,0.06345278047288432,0.08297197978356721,0.1054552336020634,0,213,213
hcp83,8,qsf,template_selected_bounded_residual,1,1,0.03474457893591037,0.0013484460303957572,0.03474457893591037,0.05797095736129583,0.07384906522805192,0.0983396512064107,0,213,213
hcp83,8,qsf,template_selected_bounded_residual,1,2,0.038189647879021675,0.0016609141490878405,0.038189647879021675,0.0636165090889623,0.08136432068185676,0.1212987551851365,0,213,213
hcp83,8,qsf,template_selected_bounded_residual,1,3,0.033540714165930456,0.0012420872608899774,0.033540714165930456,0.05368408831153774,0.06442794042787138,0.0983869689599425,0,213,213
hcp83,8,qsf,template_selected_bounded_residual,2,1,0.034102839372082853,0.001311539032281823,0.034102839372082853,0.05644728038003465,0.06901515027400516,0.1163630550800214,0,211,211
hcp83,8,qsf,template_selected_bounded_residual,2,2,0.03651399817484229,0.001509172148701702,0.03651399817484229,0.0587923855893846,0.07845926450631839,0.129626522652922,0,211,211
hcp83,8,qsf,template_selected_bounded_residual,2,3,0.032576227523571345,0.0011790987076411592,0.032576227523571345,0.05150135948323765,0.06883318669590781,0.1119195214524502,0,211,211
hcp83,8,qsf,template_selected_bounded_residual,3,1,0.034582294420139895,0.0013770425906233215,0.034582294420139895,0.06327408007210406,0.08021558405188715,0.0997431075099115,0,213,213
hcp83,8,qsf,template_selected_bounded_residual,3,2,0.037525966433649915,0.0015988055941220977,0.037525966433649915,0.06331312557332125,0.08723055810292994,0.1160571987813914,0,213,213
hcp83,8,qsf,template_selected_bounded_residual,3,3,0.03371052988185161,0.0012795598786411793,0.03371052988185161,0.05883976546217181,0.07343786853630549,0.0995140073389077,0,213,213
hcp83,8,qsf,template_selected_bounded_residual,4,1,0.033526969890328266,0.0012519162566158345,0.033526969890328266,0.052816455251547254,0.07948683548319513,0.0901561301527875,0,213,213
hcp83,8,qsf,template_selected_bounded_residual,4,2,0.036496804391365364,0.001495193907065046,0.036496804391365364,0.05756361416314598,0.08489307809261767,0.1063589780045306,0,213,213
hcp83,8,qsf,template_selected_bounded_residual,4,3,0.03246393438116711,0.0011595741330921122,0.03246393438116711,0.04991545397527399,0.07250651685750033,0.0914253918369017,0,213,213
hcp83,8,qsf,template_selected_bounded_residual,5,1,0.03466634745076019,0.0013598738518510699,0.03466634745076019,0.058430443456426534,0.08008813518781982,0.0889806252232073,0,213,213
hcp83,8,qsf,template_selected_bounded_residual,5,2,0.03746985938907534,0.0015710140267572662,0.03746985938907534,0.062252564330272944,0.08324654237726072,0.0990011261619325,0,213,213
hcp83,8,qsf,template_selected_bounded_residual,5,3,0.033566649556579335,0.0012500024618600728,0.033566649556579335,0.05512510064568389,0.07289190092252033,0.085998519126649,0,213,213
hcp83,8,qsf,template_selected_projection,1,1,0.036101010234363747,0.0014698274216106608,0.036101010234363747,0.06102546656654111,0.07633812820714098,0.1100584209514096,0,213,213
hcp83,8,qsf,template_selected_projection,1,2,0.03922549753161233,0.001742082815248996,0.03922549753161233,0.0658318370438491,0.08096004349658291,0.1207212948114913,0,213,213
hcp83,8,qsf,template_selected_projection,1,3,0.034791940766954695,0.001349314397505056,0.034791940766954695,0.0556055040721683,0.07189719776231059,0.1081514776281298,0,213,213
hcp83,8,qsf,template_selected_projection,2,1,0.03610587094891432,0.0014954680576602871,0.03610587094891432,0.05958230268539945,0.09442466226552741,0.1246199589010132,0,211,211
hcp83,8,qsf,template_selected_projection,2,2,0.0381099240778292,0.001638216489968619,0.0381099240778292,0.06135625587463685,0.08753670047559245,0.1296988240818891,0,211,211
hcp83,8,qsf,template_selected_projection,2,3,0.03488085104315151,0.0013675276120683755,0.03488085104315151,0.05544969886152455,0.07486740480758756,0.1155376945749799,0,211,211
hcp83,8,qsf,template_selected_projection,3,1,0.03607945873416211,0.0014977114595642453,0.03607945873416211,0.06612138149839014,0.08131893874811069,0.1091710717214679,0,213,213
hcp83,8,qsf,template_selected_projection,3,2,0.03886837892063009,0.0017033879507791347,0.03886837892063009,0.06792653296547359,0.08734567356384228,0.1168713841841793,0,213,213
hcp83,8,qsf,template_selected_projection,3,3,0.035034635751489296,0.0013913816847381422,0.035034635751489296,0.06117435274934985,0.07734141936597876,0.1092053739585383,0,213,213
hcp83,8,qsf,template_selected_projection,4,1,0.034887334201138834,0.0013524922114162275,0.034887334201138834,0.05436504288831004,0.0804014538141503,0.0927112050263529,0,213,213
hcp83,8,qsf,template_selected_projection,4,2,0.03785456248805643,0.0015928124477424198,0.03785456248805643,0.058976866377455237,0.08697133090773333,0.1030671401968492,0,213,213
hcp83,8,qsf,template_selected_projection,4,3,0.033661886290674764,0.0012471441347046924,0.033661886290674764,0.051482012308782354,0.07378553581153663,0.0943870584426751,0,213,213
hcp83,8,qsf,template_selected_projection,5,1,0.035925450909057174,0.0014567179506282096,0.035925450909057174,0.06054143007524746,0.07984528144794698,0.0905572015420669,0,213,213
hcp83,8,qsf,template_selected_projection,5,2,0.03857926687928004,0.0016587540232646126,0.03857926687928004,0.06409456311067811,0.0822064290260205,0.0968905059151572,0,213,213
hcp83,8,qsf,template_selected_projection,5,3,0.034651409912648826,0.001330429837750724,0.034651409912648826,0.056235952557720265,0.07392549689413687,0.0903423591082703,0,213,213
hcp83,8,qsf,template_selected_robust,1,1,0.03474457893591037,0.0013484460303957572,0.03474457893591037,0.05797095736129583,0.07384906522805192,0.0983396512064107,0,213,213
hcp83,8,qsf,template_selected_robust,1,2,0.038189647879021675,0.0016609141490878405,0.038189647879021675,0.0636165090889623,0.08136432068185676,0.1212987551851365,0,213,213
hcp83,8,qsf,template_selected_robust,1,3,0.033540714165930456,0.0012420872608899774,0.033540714165930456,0.05368408831153774,0.06442794042787138,0.0983869689599425,0,213,213
hcp83,8,qsf,template_selected_robust,2,1,0.034102839372082853,0.001311539032281823,0.034102839372082853,0.05644728038003465,0.06901515027400516,0.1163630550800214,0,211,211
hcp83,8,qsf,template_selected_robust,2,2,0.03651399817484229,0.001509172148701702,0.03651399817484229,0.0587923855893846,0.07845926450631839,0.129626522652922,0,211,211
hcp83,8,qsf,template_selected_robust,2,3,0.032576227523571345,0.0011790987076411592,0.032576227523571345,0.05150135948323765,0.06883318669590781,0.1119195214524502,0,211,211
hcp83,8,qsf,template_selected_robust,3,1,0.034582294420139895,0.0013770425906233215,0.034582294420139895,0.06327408007210406,0.08021558405188715,0.0997431075099115,0,213,213
hcp83,8,qsf,template_selected_robust,3,2,0.037525966433649915,0.0015988055941220977,0.037525966433649915,0.06331312557332125,0.08723055810292994,0.1160571987813914,0,213,213
hcp83,8,qsf,template_selected_robust,3,3,0.03371052988185161,0.0012795598786411793,0.03371052988185161,0.05883976546217181,0.07343786853630549,0.0995140073389077,0,213,213
hcp83,8,qsf,template_selected_robust,4,1,0.033526969890328266,0.0012519162566158345,0.033526969890328266,0.052816455251547254,0.07948683548319513,0.0901561301527875,0,213,213
hcp83,8,qsf,template_selected_robust,4,2,0.036496804391365364,0.001495193907065046,0.036496804391365364,0.05756361416314598,0.08489307809261767,0.1063589780045306,0,213,213
hcp83,8,qsf,template_selected_robust,4,3,0.03246393438116711,0.0011595741330921122,0.03246393438116711,0.04991545397527399,0.07250651685750033,0.0914253918369017,0,213,213
hcp83,8,qsf,template_selected_robust,5,1,0.03466634745076019,0.0013598738518510699,0.03466634745076019,0.058430443456426534,0.08008813518781982,0.0889806252232073,0,213,213
hcp83,8,qsf,template_selected_robust,5,2,0.03746985938907534,0.0015710140267572662,0.03746985938907534,0.062252564330272944,0.08324654237726072,0.0990011261619325,0,213,213
hcp83,8,qsf,template_selected_robust,5,3,0.033566649556579335,0.0012500024618600728,0.033566649556579335,0.05512510064568389,0.07289190092252033,0.085998519126649,0,213,213
hcp83,16,heat_norm18,atlas_random_aligned,1,1,0.023080516585816255,0.0005483565522505995,0.023080516585816255,0.029875832871394257,0.033239688068560404,0.0356287222902616,0,213,213
hcp83,16,heat_norm18,atlas_random_aligned,1,2,0.02375006041417758,0.0005804912365706652,0.02375006041417758,0.031735499655630446,0.036273361716803884,0.0374597880148011,0,213,213
hcp83,16,heat_norm18,atlas_random_aligned,1,3,0.022387682624095004,0.0005140022661417855,0.022387682624095004,0.029694827975875998,0.03188036082954116,0.0323573429007713,0,213,213
hcp83,16,heat_norm18,atlas_random_aligned,2,1,0.022874933585425274,0.0005392122638650298,0.022874933585425274,0.03078143778170175,0.03384214694126377,0.0383145861704921,0,211,211
hcp83,16,heat_norm18,atlas_random_aligned,2,2,0.02672009946213929,0.0007403436316984564,0.02672009946213929,0.03557312340539775,0.041143827449996666,0.0458183460280907,0,211,211
hcp83,16,heat_norm18,atlas_random_aligned,2,3,0.023446237696594496,0.0005639553365760939,0.023446237696594496,0.0304081905003145,0.03451895627999312,0.0358449842831287,0,211,211
hcp83,16,heat_norm18,atlas_random_aligned,3,1,0.02334810107366109,0.0005768082543759563,0.02334810107366109,0.029458255332123234,0.03677165597453844,0.0815543001034795,0,213,213
hcp83,16,heat_norm18,atlas_random_aligned,3,2,0.024792672217445653,0.0006388274805919132,0.024792672217445653,0.03162335852186736,0.04043570963637921,0.0643823903091274,0,213,213
hcp83,16,heat_norm18,atlas_random_aligned,3,3,0.02362968394560935,0.0005842723056487704,0.02362968394560935,0.03156517785410884,0.0374665327358956,0.0668021096811936,0,213,213
hcp83,16,heat_norm18,atlas_random_aligned,4,1,0.023569073162479217,0.0005733062935875121,0.023569073162479217,0.03119038075333006,0.03609781442464106,0.0393530423667737,0,213,213
hcp83,16,heat_norm18,atlas_random_aligned,4,2,0.026504272633598863,0.0007341209263159379,0.026504272633598863,0.036959900657148784,0.044094107743816675,0.0483021347954301,0,213,213
hcp83,16,heat_norm18,atlas_random_aligned,4,3,0.02361489342785133,0.0005717974039601601,0.02361489342785133,0.030038784275193155,0.035161163390668895,0.0368341625665561,0,213,213
hcp83,16,heat_norm18,atlas_random_aligned,5,1,0.02283320626060478,0.0005517255672107601,0.02283320626060478,0.030214919583610955,0.034046182245172196,0.0807102716467804,0,213,213
hcp83,16,heat_norm18,atlas_random_aligned,5,2,0.023382593228822718,0.0005680680767068713,0.023382593228822718,0.0308355468134504,0.03421512747926909,0.0634051055211069,0,213,213
hcp83,16,heat_norm18,atlas_random_aligned,5,3,0.02371567854063766,0.0005880486966975887,0.02371567854063766,0.031094760407085895,0.036542779021848035,0.0695849125122625,0,213,213
hcp83,16,heat_norm18,atlas_random_mean,1,1,0.05757027747563375,0.004191696055470228,0.05757027747563375,0.09652195446537119,0.2039796739593863,0.2434485207866918,0,213,213
hcp83,16,heat_norm18,atlas_random_mean,1,2,0.059885704644818336,0.004475503027018642,0.059885704644818336,0.1026619399788968,0.20415829276501996,0.2458358321241312,0,213,213
hcp83,16,heat_norm18,atlas_random_mean,1,3,0.05667827619448714,0.004066282894965218,0.05667827619448714,0.09522688053298982,0.20550951499398004,0.2420466754100094,0,213,213
hcp83,16,heat_norm18,atlas_random_mean,2,1,0.05868810298111249,0.004600413244381603,0.05868810298111249,0.099853386388527,0.2026819334156894,0.2807449993646399,0,211,211
hcp83,16,heat_norm18,atlas_random_mean,2,2,0.061275249459560165,0.004899687409401773,0.061275249459560165,0.1057147946141575,0.20234510738112416,0.2770468131164135,0,211,211
hcp83,16,heat_norm18,atlas_random_mean,2,3,0.0582480095359914,0.0045296070741846555,0.0582480095359914,0.10335033061440504,0.20163144972914562,0.2813853313317889,0,211,211
hcp83,16,heat_norm18,atlas_random_mean,3,1,0.059010596550184896,0.004536610898766746,0.059010596550184896,0.1115024007411604,0.21218767990104723,0.2244853598043883,0,213,213
hcp83,16,heat_norm18,atlas_random_mean,3,2,0.0617723917469683,0.004880567722263458,0.0617723917469683,0.11577843569937576,0.2114105712874028,0.2263485422875545,0,213,213
hcp83,16,heat_norm18,atlas_random_mean,3,3,0.058611688171568345,0.0044883254361942,0.058611688171568345,0.1110990177212102,0.20958663609165973,0.2335626905593603,0,213,213
hcp83,16,heat_norm18,atlas_random_mean,4,1,0.057201082354256014,0.003970552892472824,0.057201082354256014,0.1011963263796828,0.16288947381484825,0.2009549984165289,0,213,213
hcp83,16,heat_norm18,atlas_random_mean,4,2,0.059598026976736496,0.004268916595148656,0.059598026976736496,0.10335322725419972,0.16793117748550482,0.2010416245763991,0,213,213
hcp83,16,heat_norm18,atlas_random_mean,4,3,0.056805159685061044,0.003915035024494794,0.056805159685061044,0.1017157566150352,0.16265389039423472,0.2006926205128737,0,213,213
hcp83,16,heat_norm18,atlas_random_mean,5,1,0.05772904464822362,0.003993205062474865,0.05772904464822362,0.09926358993730834,0.15970846712768627,0.2253149323304183,0,213,213
hcp83,16,heat_norm18,atlas_random_mean,5,2,0.060577578945781634,0.004354304306967907,0.060577578945781634,0.10472532061896783,0.1650456592013251,0.2273526050285006,0,213,213
hcp83,16,heat_norm18,atlas_random_mean,5,3,0.05763505653315198,0.003996293111874256,0.05763505653315198,0.09791141127331583,0.1600620625863941,0.2346386564586707,0,213,213
hcp83,16,heat_norm18,atlas_selected_aligned,1,1,0.022657109769485945,0.000528092249214008,0.022657109769485945,0.029258867206160145,0.032532146626591686,0.0353227833078973,0,213,213
hcp83,16,heat_norm18,atlas_selected_aligned,1,2,0.023381573289352454,0.000561530754102462,0.023381573289352454,0.030090848840356624,0.0338637203183368,0.0358234695736227,0,213,213
hcp83,16,heat_norm18,atlas_selected_aligned,1,3,0.022387682624095004,0.0005140022661417855,0.022387682624095004,0.029694827975875998,0.03188036082954116,0.0323573429007713,0,213,213
hcp83,16,heat_norm18,atlas_selected_aligned,2,1,0.022853322612870017,0.0005374376518061887,0.022853322612870017,0.02984262110014535,0.03312859072135702,0.0377351470046152,0,211,211
hcp83,16,heat_norm18,atlas_selected_aligned,2,2,0.023851708694845247,0.0005827886392497886,0.023851708694845247,0.0304704301067037,0.0338335287062328,0.0353702697598225,0,211,211
hcp83,16,heat_norm18,atlas_selected_aligned,2,3,0.023772449231531094,0.0005801040279310929,0.023772449231531094,0.0306354246711265,0.03450236024226722,0.0364847621052452,0,211,211
hcp83,16,heat_norm18,atlas_selected_aligned,3,1,0.023039046476102606,0.0005610731396256713,0.023039046476102606,0.02954314209838322,0.03565512565810884,0.0790771062744095,0,213,213
hcp83,16,heat_norm18,atlas_selected_aligned,3,2,0.023911756524890575,0.0005895843958882842,0.023911756524890575,0.030282152048770935,0.03397990423379481,0.0568330815341401,0,213,213
hcp83,16,heat_norm18,atlas_selected_aligned,3,3,0.023708233631938892,0.0005905017363532328,0.023708233631938892,0.031119884085541418,0.039385068679687135,0.0758568008595972,0,213,213
hcp83,16,heat_norm18,atlas_selected_aligned,4,1,0.02312078991489996,0.0005518057998561996,0.02312078991489996,0.03194489447800396,0.03489872330974752,0.0392189535756544,0,213,213
hcp83,16,heat_norm18,atlas_selected_aligned,4,2,0.023658864330510936,0.0005735731686709666,0.023658864330510936,0.029800744437140238,0.03410825711738801,0.0384911432443655,0,213,213
hcp83,16,heat_norm18,atlas_selected_aligned,4,3,0.02404555677760923,0.0005945202081549863,0.02404555677760923,0.031767982446167756,0.03661252889927974,0.037861121713475,0,213,213
hcp83,16,heat_norm18,atlas_selected_aligned,5,1,0.022803909980588982,0.0005492832513776869,0.022803909980588982,0.03026872510887721,0.034496019964579024,0.0790676261308136,0,213,213
hcp83,16,heat_norm18,atlas_selected_aligned,5,2,0.023543179490678662,0.0005728750911148235,0.023543179490678662,0.03020825230068784,0.03490171080466901,0.0575224693122473,0,213,213
hcp83,16,heat_norm18,atlas_selected_aligned,5,3,0.02277489156506067,0.0005420475684673098,0.02277489156506067,0.028669582586898893,0.0356867289967066,0.072012097190057,0,213,213
hcp83,16,heat_norm18,atlas_selected_mean,1,1,0.05757027747563375,0.004191696055470228,0.05757027747563375,0.09652195446537119,0.2039796739593863,0.2434485207866918,0,213,213
hcp83,16,heat_norm18,atlas_selected_mean,1,2,0.059885704644818336,0.004475503027018642,0.059885704644818336,0.1026619399788968,0.20415829276501996,0.2458358321241312,0,213,213
hcp83,16,heat_norm18,atlas_selected_mean,1,3,0.05667827619448714,0.004066282894965218,0.05667827619448714,0.09522688053298982,0.20550951499398004,0.2420466754100094,0,213,213
hcp83,16,heat_norm18,atlas_selected_mean,2,1,0.05868810298111249,0.004600413244381603,0.05868810298111249,0.099853386388527,0.2026819334156894,0.2807449993646399,0,211,211
hcp83,16,heat_norm18,atlas_selected_mean,2,2,0.061275249459560165,0.004899687409401773,0.061275249459560165,0.1057147946141575,0.20234510738112416,0.2770468131164135,0,211,211
hcp83,16,heat_norm18,atlas_selected_mean,2,3,0.0582480095359914,0.0045296070741846555,0.0582480095359914,0.10335033061440504,0.20163144972914562,0.2813853313317889,0,211,211
hcp83,16,heat_norm18,atlas_selected_mean,3,1,0.059010596550184896,0.004536610898766746,0.059010596550184896,0.1115024007411604,0.21218767990104723,0.2244853598043883,0,213,213
hcp83,16,heat_norm18,atlas_selected_mean,3,2,0.0617723917469683,0.004880567722263458,0.0617723917469683,0.11577843569937576,0.2114105712874028,0.2263485422875545,0,213,213
hcp83,16,heat_norm18,atlas_selected_mean,3,3,0.058611688171568345,0.0044883254361942,0.058611688171568345,0.1110990177212102,0.20958663609165973,0.2335626905593603,0,213,213
hcp83,16,heat_norm18,atlas_selected_mean,4,1,0.057201082354256014,0.003970552892472824,0.057201082354256014,0.1011963263796828,0.16288947381484825,0.2009549984165289,0,213,213
hcp83,16,heat_norm18,atlas_selected_mean,4,2,0.059598026976736496,0.004268916595148656,0.059598026976736496,0.10335322725419972,0.16793117748550482,0.2010416245763991,0,213,213
hcp83,16,heat_norm18,atlas_selected_mean,4,3,0.056805159685061044,0.003915035024494794,0.056805159685061044,0.1017157566150352,0.16265389039423472,0.2006926205128737,0,213,213
hcp83,16,heat_norm18,atlas_selected_mean,5,1,0.05772904464822362,0.003993205062474865,0.05772904464822362,0.09926358993730834,0.15970846712768627,0.2253149323304183,0,213,213
hcp83,16,heat_norm18,atlas_selected_mean,5,2,0.060577578945781634,0.004354304306967907,0.060577578945781634,0.10472532061896783,0.1650456592013251,0.2273526050285006,0,213,213
hcp83,16,heat_norm18,atlas_selected_mean,5,3,0.05763505653315198,0.003996293111874256,0.05763505653315198,0.09791141127331583,0.1600620625863941,0.2346386564586707,0,213,213
hcp83,16,heat_norm18,floor_random_robust,1,1,0.12410812470148536,0.01560068414671784,0.12410812470148536,0.15051639717463253,0.16568656391398515,0.1762848612665938,0,213,213
hcp83,16,heat_norm18,floor_random_robust,1,2,0.1564301067900881,0.024609958789599054,0.1564301067900881,0.17774973479051628,0.19339639907248649,0.2015143802752892,0,213,213
hcp83,16,heat_norm18,floor_random_robust,1,3,0.11971261029738904,0.01447711212950737,0.11971261029738904,0.14304325327152642,0.15489369349185864,0.1752981798095763,0,213,213
hcp83,16,heat_norm18,floor_random_robust,2,1,0.12033342010212383,0.014697595390651706,0.12033342010212383,0.15151836721382894,0.16428327433410486,0.1773006125351729,0,211,211
hcp83,16,heat_norm18,floor_random_robust,2,2,0.16648857140468068,0.02795207120667478,0.16648857140468068,0.187854671102195,0.2300457606398523,0.2599309225819963,0,211,211
hcp83,16,heat_norm18,floor_random_robust,2,3,0.12324717311497488,0.015354388740198089,0.12324717311497488,0.1501680651175028,0.16489312054869482,0.174215216862389,0,211,211
hcp83,16,heat_norm18,floor_random_robust,3,1,0.11624560517506129,0.013835967596649469,0.11624560517506129,0.14758367882497014,0.1666531728174169,0.1980440905835095,0,213,213
hcp83,16,heat_norm18,floor_random_robust,3,2,0.1574586774509117,0.025009061497152988,0.1574586774509117,0.18277300963940632,0.200317975512914,0.2436641301192769,0,213,213
hcp83,16,heat_norm18,floor_random_robust,3,3,0.12601055368106356,0.016077488664724596,0.12601055368106356,0.15046684869823176,0.17312984344199286,0.2026946128716185,0,213,213
hcp83,16,heat_norm18,floor_random_robust,4,1,0.12984957320252422,0.01709647578672185,0.12984957320252422,0.16169846071524208,0.17731110258658325,0.1827915991818632,0,213,213
hcp83,16,heat_norm18,floor_random_robust,4,2,0.16310822165508895,0.0267872094906899,0.16310822165508895,0.1839076044477229,0.20135165975015376,0.2448713492935826,0,213,213
hcp83,16,heat_norm18,floor_random_robust,4,3,0.12429087247212249,0.015617240062734294,0.12429087247212249,0.14673443923130927,0.1627427331932166,0.1647411506854938,0,213,213
hcp83,16,heat_norm18,floor_random_robust,5,1,0.11996818805891014,0.014725671623708197,0.11996818805891014,0.15093511937442236,0.17888888737959652,0.2123939768630334,0,213,213
hcp83,16,heat_norm18,floor_random_robust,5,2,0.15843973164545458,0.025269390952443002,0.15843973164545458,0.18144953546840795,0.19471108977438906,0.2114361851578328,0,213,213
hcp83,16,heat_norm18,floor_random_robust,5,3,0.12322454558256954,0.015349941174879596,0.12322454558256954,0.14586166281046897,0.1609343249215883,0.1956337535782534,0,213,213
hcp83,16,heat_norm18,ordinary_selected,1,1,0.11129706749533781,0.012643743586767217,0.11129706749533781,0.1385428842894151,0.16263712275304626,0.1783323370392632,0,213,213
hcp83,16,heat_norm18,ordinary_selected,1,2,0.1486830028481296,0.022227517584966803,0.1486830028481296,0.16894810227167145,0.1798261935028904,0.1884780263682924,0,213,213
hcp83,16,heat_norm18,ordinary_selected,1,3,0.12383371670025892,0.015512961203713498,0.12383371670025892,0.14860827458567638,0.16692374524452216,0.1782853091618124,0,213,213
hcp83,16,heat_norm18,ordinary_selected,2,1,0.10911331546017695,0.012151217773725827,0.10911331546017695,0.1342488282803821,0.155997169563873,0.1741930769264169,0,211,211
hcp83,16,heat_norm18,ordinary_selected,2,2,0.1462972122540831,0.021540113536325754,0.1462972122540831,0.1676578640627121,0.17849868389431062,0.194731779776253,0,211,211
hcp83,16,heat_norm18,ordinary_selected,2,3,0.12119056346356645,0.014829357371304697,0.12119056346356645,0.14417977125600076,0.1547870001688971,0.1623919296686409,0,211,211
hcp83,16,heat_norm18,ordinary_selected,3,1,0.11165784022263213,0.012838157640469066,0.11165784022263213,0.14774560086838148,0.18077883131354386,0.1967514999194503,0,213,213
hcp83,16,heat_norm18,ordinary_selected,3,2,0.1483935691439258,0.0221640269043616,0.1483935691439258,0.1709002889945014,0.18419359674131355,0.1894336803009466,0,213,213
hcp83,16,heat_norm18,ordinary_selected,3,3,0.12098458063846342,0.014825130784594942,0.12098458063846342,0.14542388498989137,0.17073776899818568,0.183719349716272,0,213,213
hcp83,16,heat_norm18,ordinary_selected,4,1,0.10952408665173007,0.012260944227542458,0.10952408665173007,0.13595374470017957,0.15056171144532102,0.1870979721323456,0,213,213
hcp83,16,heat_norm18,ordinary_selected,4,2,0.14677819835941475,0.021661969856788005,0.14677819835941475,0.1669970614955347,0.18031645562663998,0.1901496113992802,0,213,213
hcp83,16,heat_norm18,ordinary_selected,4,3,0.12157828791615573,0.014905745480954176,0.12157828791615573,0.1415833368361817,0.1500101745298785,0.1644222674552024,0,213,213
hcp83,16,heat_norm18,ordinary_selected,5,1,0.11123819191274792,0.012648521074373536,0.11123819191274792,0.14184416496858876,0.15023235101534937,0.1811630888319928,0,213,213
hcp83,16,heat_norm18,ordinary_selected,5,2,0.1468858037567615,0.021753547336153704,0.1468858037567615,0.16692542735485816,0.188019258590008,0.2267931939539396,0,213,213
hcp83,16,heat_norm18,ordinary_selected,5,3,0.11973098284887233,0.01450529395264777,0.11973098284887233,0.14183607882889607,0.15439105528783723,0.1885872653352955,0,213,213
hcp83,16,heat_norm18,random_bounded_residual,1,1,0.12487991615923676,0.01578122145357471,0.12487991615923676,0.149569992391426,0.16814528967900239,0.1776560797098902,0,213,213
hcp83,16,heat_norm18,random_bounded_residual,1,2,0.15803973393412285,0.02514244865443855,0.15803973393412285,0.18167019637817003,0.19885104038698742,0.2327710815289098,0,213,213
hcp83,16,heat_norm18,random_bounded_residual,1,3,0.12226699799486594,0.01510987072252754,0.12226699799486594,0.14429664081441146,0.16523370334136792,0.1784253638911121,0,213,213
hcp83,16,heat_norm18,random_bounded_residual,2,1,0.12105806072554859,0.014913788485573667,0.12105806072554859,0.15265281508663445,0.16519740889194923,0.1913274802238118,0,211,211
hcp83,16,heat_norm18,random_bounded_residual,2,2,0.16713514512081645,0.028149251757186945,0.16713514512081645,0.18716688009692856,0.23518634934649393,0.251085905159042,0,211,211
hcp83,16,heat_norm18,random_bounded_residual,2,3,0.1264378946929096,0.016150370879600796,0.1264378946929096,0.14822748970668284,0.16132086165109696,0.1798262699394796,0,211,211
hcp83,16,heat_norm18,random_bounded_residual,3,1,0.11961057865379861,0.014611566340474343,0.11961057865379861,0.15200723899307828,0.17324094635940307,0.1885637134111981,0,213,213
hcp83,16,heat_norm18,random_bounded_residual,3,2,0.15868418690043082,0.025384745364656302,0.15868418690043082,0.18327664125338733,0.20223952581821503,0.2305308283612898,0,213,213
hcp83,16,heat_norm18,random_bounded_residual,3,3,0.1290468077792539,0.016836411811815825,0.1290468077792539,0.15175877665997364,0.17397174227501647,0.2020558976656697,0,213,213
hcp83,16,heat_norm18,random_bounded_residual,4,1,0.13447905886598888,0.01829786376047277,0.13447905886598888,0.15808570998922766,0.17906261673175203,0.1928781788138547,0,213,213
hcp83,16,heat_norm18,random_bounded_residual,4,2,0.16309594131362387,0.02678724877114141,0.16309594131362387,0.18376717545557747,0.2007803374940933,0.2437916748365854,0,213,213
hcp83,16,heat_norm18,random_bounded_residual,4,3,0.12632810581579626,0.01613378857308894,0.12632810581579626,0.14924408653372234,0.16541865643555562,0.1697992726318413,0,213,213
hcp83,16,heat_norm18,random_bounded_residual,5,1,0.12367462080641667,0.0156041120195099,0.12367462080641667,0.15091048744272278,0.16917138142860502,0.1972879024234046,0,213,213
hcp83,16,heat_norm18,random_bounded_residual,5,2,0.16065994700283628,0.02597514670056502,0.16065994700283628,0.18547634287638812,0.19950847381574652,0.2169475284562257,0,213,213
hcp83,16,heat_norm18,random_bounded_residual,5,3,0.12738786920479142,0.016519580936794145,0.12738786920479142,0.15072923912901137,0.19378248316292665,0.254365496269596,0,213,213
hcp83,16,heat_norm18,random_ordinary,1,1,0.12634682170368902,0.016164561640107517,0.12634682170368902,0.15248186524892704,0.17489028627233683,0.1800082280646847,0,213,213
hcp83,16,heat_norm18,random_ordinary,1,2,0.16149441230732522,0.02634048860239826,0.16149441230732522,0.18771250745507503,0.20053573603871233,0.3083677971092073,0,213,213
hcp83,16,heat_norm18,random_ordinary,1,3,0.12383371670025892,0.015512961203713498,0.12383371670025892,0.14860827458567638,0.16692374524452216,0.1782853091618124,0,213,213
hcp83,16,heat_norm18,random_ordinary,2,1,0.12394763421926529,0.015701843465529733,0.12394763421926529,0.15995423553981936,0.18195053009386375,0.200321873673286,0,211,211
hcp83,16,heat_norm18,random_ordinary,2,2,0.16955824356880286,0.02899136119447605,0.16955824356880286,0.19231313037119047,0.23264655016669844,0.2662898513577481,0,211,211
hcp83,16,heat_norm18,random_ordinary,2,3,0.12831746145047918,0.016659665495450213,0.12831746145047918,0.1559497669457448,0.17500374707784352,0.1791197228191042,0,211,211
hcp83,16,heat_norm18,random_ordinary,3,1,0.1213149774599179,0.015040372590652915,0.1213149774599179,0.15451707339654572,0.1725666158831897,0.1918211076599628,0,213,213
hcp83,16,heat_norm18,random_ordinary,3,2,0.16101026370599192,0.026145603064954327,0.16101026370599192,0.18834526276050606,0.20569571850143045,0.2226714008974645,0,213,213
hcp83,16,heat_norm18,random_ordinary,3,3,0.13266045080069008,0.017812320348351975,0.13266045080069008,0.1590173053773647,0.17858988404570933,0.197255468964263,0,213,213
hcp83,16,heat_norm18,random_ordinary,4,1,0.13879720432423975,0.019494294843408214,0.13879720432423975,0.16294229421931966,0.1852180852956039,0.1975264489416492,0,213,213
hcp83,16,heat_norm18,random_ordinary,4,2,0.1656009141248911,0.02768897458898568,0.1656009141248911,0.1871570500555241,0.21931067322702608,0.3004919061530907,0,213,213
hcp83,16,heat_norm18,random_ordinary,4,3,0.1283135301243859,0.016656768495605316,0.1283135301243859,0.15302156320369156,0.1677232331517694,0.1799625340325683,0,213,213
hcp83,16,heat_norm18,random_ordinary,5,1,0.1270766021461591,0.01648093928821424,0.1270766021461591,0.1568130907504741,0.1708884839351269,0.2024409221501946,0,213,213
hcp83,16,heat_norm18,random_ordinary,5,2,0.16430766736308042,0.027322059017071472,0.16430766736308042,0.18924414994373792,0.20669043721996588,0.3164627129919355,0,213,213
hcp83,16,heat_norm18,random_ordinary,5,3,0.12906847336997457,0.01707658022369417,0.12906847336997457,0.15159844938163386,0.19913433105479544,0.3336176919152867,0,213,213
hcp83,16,heat_norm18,random_projection,1,1,0.12634535296945773,0.016164192518153306,0.12634535296945773,0.15248186524892704,0.17489028627233683,0.1800082280646847,0,213,213
hcp83,16,heat_norm18,random_projection,1,2,0.1605250398078529,0.02592543526582466,0.1605250398078529,0.18589078917817636,0.1949318968104806,0.1984328211852232,0,213,213
hcp83,16,heat_norm18,random_projection,1,3,0.12383371670025892,0.015512961203713498,0.12383371670025892,0.14860827458567638,0.16692374524452216,0.1782853091618124,0,213,213
hcp83,16,heat_norm18,random_projection,2,1,0.12329991075392467,0.015478438880963596,0.12329991075392467,0.15292144103067468,0.16962967575588395,0.1941737629914378,0,211,211
hcp83,16,heat_norm18,random_projection,2,2,0.16949692739821468,0.028967085305492492,0.16949692739821468,0.19231313037119047,0.23208502151377697,0.2659826502677137,0,211,211
hcp83,16,heat_norm18,random_projection,2,3,0.12779280660348458,0.016502253890787442,0.12779280660348458,0.1540097647266968,0.16391318187815307,0.1791197228191042,0,211,211
hcp83,16,heat_norm18,random_projection,3,1,0.1213149774599179,0.015040372590652915,0.1213149774599179,0.15451707339654572,0.1725666158831897,0.1918211076599628,0,213,213
hcp83,16,heat_norm18,random_projection,3,2,0.1609845714146486,0.02613609609420323,0.1609845714146486,0.18834526276050606,0.20569571850143045,0.2226714008974645,0,213,213
hcp83,16,heat_norm18,random_projection,3,3,0.13056434580928392,0.01724281963385191,0.13056434580928392,0.15283872776820528,0.17409749198406857,0.1978333546590721,0,213,213
hcp83,16,heat_norm18,random_projection,4,1,0.1361431147759912,0.018751674929376686,0.1361431147759912,0.15974199749254506,0.1819561128313966,0.1927863391234805,0,213,213
hcp83,16,heat_norm18,random_projection,4,2,0.1652435791826495,0.027509543406747015,0.1652435791826495,0.1871570500555241,0.20388280048841534,0.2522939744760939,0,213,213
hcp83,16,heat_norm18,random_projection,4,3,0.1278936496588252,0.016539992908978274,0.1278936496588252,0.15259985765968617,0.16730356876187552,0.1725211853028217,0,213,213
hcp83,16,heat_norm18,random_projection,5,1,0.12585820054800237,0.016164617199475644,0.12585820054800237,0.15402120437508543,0.16981744040439528,0.2023316881083299,0,213,213
hcp83,16,heat_norm18,random_projection,5,2,0.1623936644721317,0.02654129960671218,0.1623936644721317,0.18678392996020649,0.2032404358871178,0.2204860076309306,0,213,213
hcp83,16,heat_norm18,random_projection,5,3,0.12761754959322538,0.016439115417577255,0.12761754959322538,0.14863393630288738,0.1613369317346051,0.1935759313449166,0,213,213
hcp83,16,heat_norm18,random_robust,1,1,0.12487991615923676,0.01578122145357471,0.12487991615923676,0.149569992391426,0.16814528967900239,0.1776560797098902,0,213,213
hcp83,16,heat_norm18,random_robust,1,2,0.15803973393412285,0.02514244865443855,0.15803973393412285,0.18167019637817003,0.19885104038698742,0.2327710815289098,0,213,213
hcp83,16,heat_norm18,random_robust,1,3,0.12226699799486594,0.01510987072252754,0.12226699799486594,0.14429664081441146,0.16523370334136792,0.1784253638911121,0,213,213
hcp83,16,heat_norm18,random_robust,2,1,0.12105806072554859,0.014913788485573667,0.12105806072554859,0.15265281508663445,0.16519740889194923,0.1913274802238118,0,211,211
hcp83,16,heat_norm18,random_robust,2,2,0.16713514512081645,0.028149251757186945,0.16713514512081645,0.18716688009692856,0.23518634934649393,0.251085905159042,0,211,211
hcp83,16,heat_norm18,random_robust,2,3,0.1264378946929096,0.016150370879600796,0.1264378946929096,0.14822748970668284,0.16132086165109696,0.1798262699394796,0,211,211
hcp83,16,heat_norm18,random_robust,3,1,0.11961057865379861,0.014611566340474343,0.11961057865379861,0.15200723899307828,0.17324094635940307,0.1885637134111981,0,213,213
hcp83,16,heat_norm18,random_robust,3,2,0.15868418690043082,0.025384745364656302,0.15868418690043082,0.18327664125338733,0.20223952581821503,0.2305308283612898,0,213,213
hcp83,16,heat_norm18,random_robust,3,3,0.1290468077792539,0.016836411811815825,0.1290468077792539,0.15175877665997364,0.17397174227501647,0.2020558976656697,0,213,213
hcp83,16,heat_norm18,random_robust,4,1,0.13447905886598888,0.01829786376047277,0.13447905886598888,0.15808570998922766,0.17906261673175203,0.1928781788138547,0,213,213
hcp83,16,heat_norm18,random_robust,4,2,0.16309594131362387,0.02678724877114141,0.16309594131362387,0.18376717545557747,0.2007803374940933,0.2437916748365854,0,213,213
hcp83,16,heat_norm18,random_robust,4,3,0.12632810581579626,0.01613378857308894,0.12632810581579626,0.14924408653372234,0.16541865643555562,0.1697992726318413,0,213,213
hcp83,16,heat_norm18,random_robust,5,1,0.12367462080641667,0.0156041120195099,0.12367462080641667,0.15091048744272278,0.16917138142860502,0.1972879024234046,0,213,213
hcp83,16,heat_norm18,random_robust,5,2,0.16065994700283628,0.02597514670056502,0.16065994700283628,0.18547634287638812,0.19950847381574652,0.2169475284562257,0,213,213
hcp83,16,heat_norm18,random_robust,5,3,0.12738786920479142,0.016519580936794145,0.12738786920479142,0.15072923912901137,0.19378248316292665,0.254365496269596,0,213,213
hcp83,16,heat_norm18,selected_bounded_residual,1,1,0.10880581686101777,0.012048123614071576,0.10880581686101777,0.13331677670661063,0.15393089719398168,0.1649146791708185,0,213,213
hcp83,16,heat_norm18,selected_bounded_residual,1,2,0.14534051518077887,0.021222264584826563,0.14534051518077887,0.16326739508378293,0.17169553000819376,0.18482080044478,0,213,213
hcp83,16,heat_norm18,selected_bounded_residual,1,3,0.12226699799486594,0.01510987072252754,0.12226699799486594,0.14429664081441146,0.16523370334136792,0.1784253638911121,0,213,213
hcp83,16,heat_norm18,selected_bounded_residual,2,1,0.10648063062817972,0.011539590885004143,0.10648063062817972,0.13165221563920665,0.1446987109403257,0.1670657828852025,0,211,211
hcp83,16,heat_norm18,selected_bounded_residual,2,2,0.14423824383775982,0.020917842728357745,0.14423824383775982,0.16318962527980405,0.17353651336319537,0.1867007840845705,0,211,211
hcp83,16,heat_norm18,selected_bounded_residual,2,3,0.1196012897016407,0.014433796680717719,0.1196012897016407,0.14077617191583214,0.1547045598711819,0.1610962894057497,0,211,211
hcp83,16,heat_norm18,selected_bounded_residual,3,1,0.10793472496880653,0.011894132867233663,0.10793472496880653,0.1356946207174652,0.14936093339350948,0.1660455253567953,0,213,213
hcp83,16,heat_norm18,selected_bounded_residual,3,2,0.14494916323029006,0.02113248549845401,0.14494916323029006,0.1645894645049411,0.1817178925997467,0.1864837499635465,0,213,213
hcp83,16,heat_norm18,selected_bounded_residual,3,3,0.11929632051960844,0.014400592875940307,0.11929632051960844,0.1404585558545648,0.16605747425547698,0.1873003017568756,0,213,213
hcp83,16,heat_norm18,selected_bounded_residual,4,1,0.10596951937245905,0.011428784989095752,0.10596951937245905,0.1322514874675668,0.14378489435593697,0.1484922319794708,0,213,213
hcp83,16,heat_norm18,selected_bounded_residual,4,2,0.14501251515709226,0.02113548158933571,0.14501251515709226,0.16312102339269813,0.17133743247853192,0.196535222838401,0,213,213
hcp83,16,heat_norm18,selected_bounded_residual,4,3,0.1187807820008669,0.014221876930743267,0.1187807820008669,0.1385242873347573,0.14782857626463264,0.1541428407952859,0,213,213
hcp83,16,heat_norm18,selected_bounded_residual,5,1,0.10729647577511531,0.011735345540060648,0.10729647577511531,0.13270135082559587,0.1444589337382206,0.163038798850141,0,213,213
hcp83,16,heat_norm18,selected_bounded_residual,5,2,0.14404571760044813,0.02088652966067427,0.14404571760044813,0.1643817413008062,0.18015773999534346,0.2009983606581208,0,213,213
hcp83,16,heat_norm18,selected_bounded_residual,5,3,0.11817256139294663,0.014124435723722467,0.11817256139294663,0.13860228894089446,0.15103183186900956,0.1861285101322727,0,213,213
hcp83,16,heat_norm18,selected_projection,1,1,0.11072760961863432,0.012490357508475575,0.11072760961863432,0.13707979676441256,0.16182520631044148,0.174543306736529,0,213,213
hcp83,16,heat_norm18,selected_projection,1,2,0.1470676247098073,0.021744833099702595,0.1470676247098073,0.16712644083865336,0.17757157516309696,0.1834705056368077,0,213,213
hcp83,16,heat_norm18,selected_projection,1,3,0.12383371670025892,0.015512961203713498,0.12383371670025892,0.14860827458567638,0.16692374524452216,0.1782853091618124,0,213,213
hcp83,16,heat_norm18,selected_projection,2,1,0.10831737420850353,0.01194966193932468,0.10831737420850353,0.13310372304599644,0.15016292473149143,0.1718483114090739,0,211,211
hcp83,16,heat_norm18,selected_projection,2,2,0.14591522913595856,0.021423423686368577,0.14591522913595856,0.167512429138087,0.1763872365875782,0.1918872747054022,0,211,211
hcp83,16,heat_norm18,selected_projection,2,3,0.12114828751782122,0.014818158296580038,0.12114828751782122,0.14302613710134576,0.1547870001688971,0.1624909446416371,0,211,211
hcp83,16,heat_norm18,selected_projection,3,1,0.10975388283308293,0.012309183414859386,0.10975388283308293,0.14011291665458012,0.14984545887867426,0.1777739178340646,0,213,213
hcp83,16,heat_norm18,selected_projection,3,2,0.14689515682631366,0.02171567170419878,0.14689515682631366,0.1680138348411165,0.17855146274329553,0.1892921113327137,0,213,213
hcp83,16,heat_norm18,selected_projection,3,3,0.12092331578021762,0.014806991667943385,0.12092331578021762,0.14538658028428483,0.17073776899818568,0.1834002574815232,0,213,213
hcp83,16,heat_norm18,selected_projection,4,1,0.10785602964724414,0.01184253268054906,0.10785602964724414,0.13332232002088276,0.14511860077675703,0.1518574620516949,0,213,213
hcp83,16,heat_norm18,selected_projection,4,2,0.14765222583908078,0.021910151887420428,0.14765222583908078,0.16800607193482517,0.17385917787249702,0.1883500433356056,0,213,213
hcp83,16,heat_norm18,selected_projection,4,3,0.12153345438843666,0.014894798672773426,0.12153345438843666,0.1415833368361817,0.14997346860466762,0.1644222674552024,0,213,213
hcp83,16,heat_norm18,selected_projection,5,1,0.10933819580416679,0.012194509093925542,0.10933819580416679,0.13736646358955776,0.14725751982156465,0.1754951527563032,0,213,213
hcp83,16,heat_norm18,selected_projection,5,2,0.14574627585891037,0.021388757577838736,0.14574627585891037,0.16599108688356667,0.17592054254725537,0.2065941908244723,0,213,213
hcp83,16,heat_norm18,selected_projection,5,3,0.11968775577838298,0.014494912436550388,0.11968775577838298,0.14183607882889607,0.15439105528783723,0.1885872653352955,0,213,213
hcp83,16,heat_norm18,selected_robust,1,1,0.10880581686101777,0.012048123614071576,0.10880581686101777,0.13331677670661063,0.15393089719398168,0.1649146791708185,0,213,213
hcp83,16,heat_norm18,selected_robust,1,2,0.14534051518077887,0.021222264584826563,0.14534051518077887,0.16326739508378293,0.17169553000819376,0.18482080044478,0,213,213
hcp83,16,heat_norm18,selected_robust,1,3,0.12226699799486594,0.01510987072252754,0.12226699799486594,0.14429664081441146,0.16523370334136792,0.1784253638911121,0,213,213
hcp83,16,heat_norm18,selected_robust,2,1,0.10648063062817972,0.011539590885004143,0.10648063062817972,0.13165221563920665,0.1446987109403257,0.1670657828852025,0,211,211
hcp83,16,heat_norm18,selected_robust,2,2,0.14423824383775982,0.020917842728357745,0.14423824383775982,0.16318962527980405,0.17353651336319537,0.1867007840845705,0,211,211
hcp83,16,heat_norm18,selected_robust,2,3,0.1196012897016407,0.014433796680717719,0.1196012897016407,0.14077617191583214,0.1547045598711819,0.1610962894057497,0,211,211
hcp83,16,heat_norm18,selected_robust,3,1,0.10793472496880653,0.011894132867233663,0.10793472496880653,0.1356946207174652,0.14936093339350948,0.1660455253567953,0,213,213
hcp83,16,heat_norm18,selected_robust,3,2,0.14494916323029006,0.02113248549845401,0.14494916323029006,0.1645894645049411,0.1817178925997467,0.1864837499635465,0,213,213
hcp83,16,heat_norm18,selected_robust,3,3,0.11929632051960844,0.014400592875940307,0.11929632051960844,0.1404585558545648,0.16605747425547698,0.1873003017568756,0,213,213
hcp83,16,heat_norm18,selected_robust,4,1,0.10596951937245905,0.011428784989095752,0.10596951937245905,0.1322514874675668,0.14378489435593697,0.1484922319794708,0,213,213
hcp83,16,heat_norm18,selected_robust,4,2,0.14501251515709226,0.02113548158933571,0.14501251515709226,0.16312102339269813,0.17133743247853192,0.196535222838401,0,213,213
hcp83,16,heat_norm18,selected_robust,4,3,0.1187807820008669,0.014221876930743267,0.1187807820008669,0.1385242873347573,0.14782857626463264,0.1541428407952859,0,213,213
hcp83,16,heat_norm18,selected_robust,5,1,0.10729647577511531,0.011735345540060648,0.10729647577511531,0.13270135082559587,0.1444589337382206,0.163038798850141,0,213,213
hcp83,16,heat_norm18,selected_robust,5,2,0.14404571760044813,0.02088652966067427,0.14404571760044813,0.1643817413008062,0.18015773999534346,0.2009983606581208,0,213,213
hcp83,16,heat_norm18,selected_robust,5,3,0.11817256139294663,0.014124435723722467,0.11817256139294663,0.13860228894089446,0.15103183186900956,0.1861285101322727,0,213,213
hcp83,16,heat_norm18,selected_sources_ordinary,1,1,0.11129706749533781,0.012643743586767217,0.11129706749533781,0.1385428842894151,0.16263712275304626,0.1783323370392632,0,213,213
hcp83,16,heat_norm18,selected_sources_ordinary,1,2,0.1486830028481296,0.022227517584966803,0.1486830028481296,0.16894810227167145,0.1798261935028904,0.1884780263682924,0,213,213
hcp83,16,heat_norm18,selected_sources_ordinary,1,3,0.12383371670025892,0.015512961203713498,0.12383371670025892,0.14860827458567638,0.16692374524452216,0.1782853091618124,0,213,213
hcp83,16,heat_norm18,selected_sources_ordinary,2,1,0.10911331546017695,0.012151217773725827,0.10911331546017695,0.1342488282803821,0.155997169563873,0.1741930769264169,0,211,211
hcp83,16,heat_norm18,selected_sources_ordinary,2,2,0.1462972122540831,0.021540113536325754,0.1462972122540831,0.1676578640627121,0.17849868389431062,0.194731779776253,0,211,211
hcp83,16,heat_norm18,selected_sources_ordinary,2,3,0.12119056346356645,0.014829357371304697,0.12119056346356645,0.14417977125600076,0.1547870001688971,0.1623919296686409,0,211,211
hcp83,16,heat_norm18,selected_sources_ordinary,3,1,0.11165784022263213,0.012838157640469066,0.11165784022263213,0.14774560086838148,0.18077883131354386,0.1967514999194503,0,213,213
hcp83,16,heat_norm18,selected_sources_ordinary,3,2,0.1483935691439258,0.0221640269043616,0.1483935691439258,0.1709002889945014,0.18419359674131355,0.1894336803009466,0,213,213
hcp83,16,heat_norm18,selected_sources_ordinary,3,3,0.12098458063846342,0.014825130784594942,0.12098458063846342,0.14542388498989137,0.17073776899818568,0.183719349716272,0,213,213
hcp83,16,heat_norm18,selected_sources_ordinary,4,1,0.10952408665173007,0.012260944227542458,0.10952408665173007,0.13595374470017957,0.15056171144532102,0.1870979721323456,0,213,213
hcp83,16,heat_norm18,selected_sources_ordinary,4,2,0.148080003565164,0.02204117970736156,0.148080003565164,0.16877408723961218,0.1739617945654628,0.1894410032463065,0,213,213
hcp83,16,heat_norm18,selected_sources_ordinary,4,3,0.12157828791615573,0.014905745480954176,0.12157828791615573,0.1415833368361817,0.1500101745298785,0.1644222674552024,0,213,213
hcp83,16,heat_norm18,selected_sources_ordinary,5,1,0.11123819191274792,0.012648521074373536,0.11123819191274792,0.14184416496858876,0.15023235101534937,0.1811630888319928,0,213,213
hcp83,16,heat_norm18,selected_sources_ordinary,5,2,0.1468858037567615,0.021753547336153704,0.1468858037567615,0.16692542735485816,0.188019258590008,0.2267931939539396,0,213,213
hcp83,16,heat_norm18,selected_sources_ordinary,5,3,0.11973098284887233,0.01450529395264777,0.11973098284887233,0.14183607882889607,0.15439105528783723,0.1885872653352955,0,213,213
hcp83,16,heat_norm18,spatial_robust,1,1,0.12768478067347147,0.016440508163559832,0.12768478067347147,0.15092549634886102,0.16176708727751102,0.1626256661929728,0,213,213
hcp83,16,heat_norm18,spatial_robust,1,2,0.14362465051047357,0.02073767624658585,0.14362465051047357,0.16335965878346315,0.16476108278229637,0.1911543855364416,0,213,213
hcp83,16,heat_norm18,spatial_robust,1,3,0.12254111924760604,0.015154737498815702,0.12254111924760604,0.14298761669873636,0.15744751121309208,0.1703822951370864,0,213,213
hcp83,16,heat_norm18,spatial_robust,2,1,0.11229312793014608,0.012774723355565966,0.11229312793014608,0.1359939578483611,0.14906619827756262,0.161251537969137,0,211,211
hcp83,16,heat_norm18,spatial_robust,2,2,0.143223023118394,0.0206232793738162,0.143223023118394,0.16051869938199245,0.17833681272054797,0.1854796088847209,0,211,211
hcp83,16,heat_norm18,spatial_robust,2,3,0.12179713422657486,0.014978335853481078,0.12179713422657486,0.1455864436707578,0.15518735911281725,0.1642461785808604,0,211,211
hcp83,16,heat_norm18,spatial_robust,3,1,0.11240922599994167,0.012910493015440214,0.11240922599994167,0.14074074851232174,0.15787025916260744,0.2330912271251322,0,213,213
hcp83,16,heat_norm18,spatial_robust,3,2,0.14425958261171698,0.02094758406578654,0.14425958261171698,0.16497575317691288,0.1825581196764616,0.1904704987831467,0,213,213
hcp83,16,heat_norm18,spatial_robust,3,3,0.12378425967656954,0.015505907517411769,0.12378425967656954,0.1452445974497835,0.16570524101101644,0.1939837634481844,0,213,213
hcp83,16,heat_norm18,spatial_robust,4,1,0.11195547437613204,0.012714859374892109,0.11195547437613204,0.13885094588407382,0.15037307114064025,0.1607630079809531,0,213,213
hcp83,16,heat_norm18,spatial_robust,4,2,0.14411284889861994,0.020899941687762887,0.14411284889861994,0.1632475714051953,0.1772292574323051,0.20337939491093,0,213,213
hcp83,16,heat_norm18,spatial_robust,4,3,0.12307199150247636,0.015282924144829523,0.12307199150247636,0.14417935891582923,0.1579621593279904,0.1729316587876277,0,213,213
hcp83,16,heat_norm18,spatial_robust,5,1,0.11286337532274646,0.01292792455073464,0.11286337532274646,0.13870584567203176,0.14734361660321346,0.1619460216306207,0,213,213
hcp83,16,heat_norm18,spatial_robust,5,2,0.1440988733467092,0.020904892051907476,0.1440988733467092,0.1636215375899589,0.18299974398607963,0.2022984105534194,0,213,213
hcp83,16,heat_norm18,spatial_robust,5,3,0.12266535363768696,0.015202678736019524,0.12266535363768696,0.1418342615517585,0.1621688219946243,0.1798639682758012,0,213,213
hcp83,16,heat_norm18,template_random_bounded_residual,1,1,0.03743178390638771,0.0016472600849885,0.03743178390638771,0.06730561568538064,0.0823522183169337,0.1313195781442246,0,213,213
hcp83,16,heat_norm18,template_random_bounded_residual,1,2,0.03800079890776268,0.0016842250596021896,0.03800079890776268,0.0659558684095947,0.08431089387648767,0.131392110259618,0,213,213
hcp83,16,heat_norm18,template_random_bounded_residual,1,3,0.03153883383410548,0.0011226175042077108,0.03153883383410548,0.05257406431795617,0.06686804903883388,0.0984719211025122,0,213,213
hcp83,16,heat_norm18,template_random_bounded_residual,2,1,0.03287596548551354,0.0012237329302345226,0.03287596548551354,0.05469480837329345,0.07170129467669896,0.1207285039235611,0,211,211
hcp83,16,heat_norm18,template_random_bounded_residual,2,2,0.040231198798153844,0.0018829680715612962,0.040231198798153844,0.07161807324175484,0.09673243716831602,0.141367331365639,0,211,211
hcp83,16,heat_norm18,template_random_bounded_residual,2,3,0.032718355494675604,0.0012128999399590296,0.032718355494675604,0.05480383306508155,0.07161693387449501,0.1167911369072429,0,211,211
hcp83,16,heat_norm18,template_random_bounded_residual,3,1,0.034125735777378784,0.0013682321099057993,0.034125735777378784,0.06234406090716731,0.08896421062198571,0.1168946806504961,0,213,213
hcp83,16,heat_norm18,template_random_bounded_residual,3,2,0.03757957332901403,0.0016671848333480058,0.03757957332901403,0.07213611644120936,0.0936807300641737,0.126688500940973,0,213,213
hcp83,16,heat_norm18,template_random_bounded_residual,3,3,0.0335787044850978,0.0012953875192387686,0.0335787044850978,0.061650230731602196,0.08028172756844623,0.1054550040457891,0,213,213
hcp83,16,heat_norm18,template_random_bounded_residual,4,1,0.032209645655751996,0.0011654844268487873,0.032209645655751996,0.05088154202895793,0.07452380625675598,0.0947271992004293,0,213,213
hcp83,16,heat_norm18,template_random_bounded_residual,4,2,0.039545571645403024,0.0018428023514688854,0.039545571645403024,0.06667764508064698,0.09502800415978516,0.1357238632588564,0,213,213
hcp83,16,heat_norm18,template_random_bounded_residual,4,3,0.03210599239043367,0.0011451834646341653,0.03210599239043367,0.050961627395402435,0.07024352085440648,0.0912456989983351,0,213,213
hcp83,16,heat_norm18,template_random_bounded_residual,5,1,0.03261116329211446,0.0012022023297963485,0.03261116329211446,0.0558299642329135,0.074373538998356,0.0859188891010189,0,213,213
hcp83,16,heat_norm18,template_random_bounded_residual,5,2,0.0383200293781893,0.001710237227928934,0.0383200293781893,0.06888627880531696,0.09058706243674622,0.1181660362500271,0,213,213
hcp83,16,heat_norm18,template_random_bounded_residual,5,3,0.03399081679175978,0.0013099287991220803,0.03399081679175978,0.05918439347474144,0.07437426054189424,0.0972140666627384,0,213,213
hcp83,16,heat_norm18,template_random_projection,1,1,0.039019251851855154,0.001778387216809181,0.039019251851855154,0.06853431744896374,0.08410143813068949,0.1327943124009563,0,213,213
hcp83,16,heat_norm18,template_random_projection,1,2,0.04089036085754755,0.001919669768410281,0.04089036085754755,0.06848451748020498,0.08699698932978925,0.1430912329878984,0,213,213
hcp83,16,heat_norm18,template_random_projection,1,3,0.03283361303188174,0.001220317478713036,0.03283361303188174,0.05440486285998767,0.07100615838464315,0.1089995197440083,0,213,213
hcp83,16,heat_norm18,template_random_projection,2,1,0.03521227894949185,0.0014294906959664794,0.03521227894949185,0.05667379586151915,0.08870147572480863,0.1294746822259106,0,211,211
hcp83,16,heat_norm18,template_random_projection,2,2,0.0422267096422694,0.0020713685537672505,0.0422267096422694,0.07229847390497515,0.10700130931705464,0.1334084216011459,0,211,211
hcp83,16,heat_norm18,template_random_projection,2,3,0.03514832937616568,0.001431454240874806,0.03514832937616568,0.05782793322694895,0.08314193642364863,0.1246610475136473,0,211,211
hcp83,16,heat_norm18,template_random_projection,3,1,0.035878165321857725,0.0015197838984801729,0.035878165321857725,0.06581084924023252,0.09798059410264427,0.1338641495213071,0,213,213
hcp83,16,heat_norm18,template_random_projection,3,2,0.03981300713206448,0.0018640483515430946,0.03981300713206448,0.07492451411607422,0.09999297231554871,0.1384722346959184,0,213,213
hcp83,16,heat_norm18,template_random_projection,3,3,0.03521009073280418,0.0014326001606556414,0.03521009073280418,0.06278660565483589,0.0839592910016049,0.1215492902485446,0,213,213
hcp83,16,heat_norm18,template_random_projection,4,1,0.03402653389841378,0.0012922891338377747,0.03402653389841378,0.05276947315199557,0.07496408089341161,0.0970509227364656,0,213,213
hcp83,16,heat_norm18,template_random_projection,4,2,0.041341392359894924,0.001990391722745133,0.041341392359894924,0.06857646129210004,0.09515249745035882,0.1372797725068252,0,213,213
hcp83,16,heat_norm18,template_random_projection,4,3,0.0337998686126254,0.0012572336020348351,0.0337998686126254,0.0540317909617585,0.07034021592177218,0.0949610444971454,0,213,213
hcp83,16,heat_norm18,template_random_projection,5,1,0.034121464850453385,0.0013062697382184563,0.034121464850453385,0.05682223848336619,0.07374670543762475,0.0879272451029251,0,213,213
hcp83,16,heat_norm18,template_random_projection,5,2,0.0399784319504716,0.0018391713252205004,0.0399784319504716,0.07034412081965122,0.09087751651652565,0.1190948448043974,0,213,213
hcp83,16,heat_norm18,template_random_projection,5,3,0.03560262891461899,0.0014250139060504288,0.03560262891461899,0.05993826296264804,0.07546337999707955,0.0981140940655216,0,213,213
hcp83,16,heat_norm18,template_random_robust,1,1,0.03743178390638771,0.0016472600849885,0.03743178390638771,0.06730561568538064,0.0823522183169337,0.1313195781442246,0,213,213
hcp83,16,heat_norm18,template_random_robust,1,2,0.03800079890776268,0.0016842250596021896,0.03800079890776268,0.0659558684095947,0.08431089387648767,0.131392110259618,0,213,213
hcp83,16,heat_norm18,template_random_robust,1,3,0.03153883383410548,0.0011226175042077108,0.03153883383410548,0.05257406431795617,0.06686804903883388,0.0984719211025122,0,213,213
hcp83,16,heat_norm18,template_random_robust,2,1,0.03287596548551354,0.0012237329302345226,0.03287596548551354,0.05469480837329345,0.07170129467669896,0.1207285039235611,0,211,211
hcp83,16,heat_norm18,template_random_robust,2,2,0.040231198798153844,0.0018829680715612962,0.040231198798153844,0.07161807324175484,0.09673243716831602,0.141367331365639,0,211,211
hcp83,16,heat_norm18,template_random_robust,2,3,0.032718355494675604,0.0012128999399590296,0.032718355494675604,0.05480383306508155,0.07161693387449501,0.1167911369072429,0,211,211
hcp83,16,heat_norm18,template_random_robust,3,1,0.034125735777378784,0.0013682321099057993,0.034125735777378784,0.06234406090716731,0.08896421062198571,0.1168946806504961,0,213,213
hcp83,16,heat_norm18,template_random_robust,3,2,0.03757957332901403,0.0016671848333480058,0.03757957332901403,0.07213611644120936,0.0936807300641737,0.126688500940973,0,213,213
hcp83,16,heat_norm18,template_random_robust,3,3,0.0335787044850978,0.0012953875192387686,0.0335787044850978,0.061650230731602196,0.08028172756844623,0.1054550040457891,0,213,213
hcp83,16,heat_norm18,template_random_robust,4,1,0.032209645655751996,0.0011654844268487873,0.032209645655751996,0.05088154202895793,0.07452380625675598,0.0947271992004293,0,213,213
hcp83,16,heat_norm18,template_random_robust,4,2,0.039545571645403024,0.0018428023514688854,0.039545571645403024,0.06667764508064698,0.09502800415978516,0.1357238632588564,0,213,213
hcp83,16,heat_norm18,template_random_robust,4,3,0.03210599239043367,0.0011451834646341653,0.03210599239043367,0.050961627395402435,0.07024352085440648,0.0912456989983351,0,213,213
hcp83,16,heat_norm18,template_random_robust,5,1,0.03261116329211446,0.0012022023297963485,0.03261116329211446,0.0558299642329135,0.074373538998356,0.0859188891010189,0,213,213
hcp83,16,heat_norm18,template_random_robust,5,2,0.0383200293781893,0.001710237227928934,0.0383200293781893,0.06888627880531696,0.09058706243674622,0.1181660362500271,0,213,213
hcp83,16,heat_norm18,template_random_robust,5,3,0.03399081679175978,0.0013099287991220803,0.03399081679175978,0.05918439347474144,0.07437426054189424,0.0972140666627384,0,213,213
hcp83,16,heat_norm18,template_selected_bounded_residual,1,1,0.03047265460355412,0.0010188635356969112,0.03047265460355412,0.0479883875787514,0.05976962729614496,0.0922664671612556,0,213,213
hcp83,16,heat_norm18,template_selected_bounded_residual,1,2,0.03552226397997655,0.0014471913683586643,0.03552226397997655,0.058818982091509785,0.0779681093615471,0.1162188651483556,0,213,213
hcp83,16,heat_norm18,template_selected_bounded_residual,1,3,0.03153883383410548,0.0011226175042077108,0.03153883383410548,0.05257406431795617,0.06686804903883388,0.0984719211025122,0,213,213
hcp83,16,heat_norm18,template_selected_bounded_residual,2,1,0.02998090654370413,0.0009989717319200076,0.02998090654370413,0.0474524905612327,0.06059859251539695,0.10633393387287,0,211,211
hcp83,16,heat_norm18,template_selected_bounded_residual,2,2,0.03489805012256694,0.001399450115858187,0.03489805012256694,0.0583111774510465,0.08182606421486555,0.127405099385351,0,211,211
hcp83,16,heat_norm18,template_selected_bounded_residual,2,3,0.030444086826386867,0.0010155084750267747,0.030444086826386867,0.045921464188415,0.05887265769761486,0.0972209721201282,0,211,211
hcp83,16,heat_norm18,template_selected_bounded_residual,3,1,0.030544164976074862,0.0010513170264890475,0.030544164976074862,0.051569039475289,0.07194478892669202,0.0898881111858193,0,213,213
hcp83,16,heat_norm18,template_selected_bounded_residual,3,2,0.03429399957949542,0.0013630933793577688,0.03429399957949542,0.0627827190434409,0.0814252438802922,0.1117511342337409,0,213,213
hcp83,16,heat_norm18,template_selected_bounded_residual,3,3,0.03039312980135744,0.0010329527503987253,0.03039312980135744,0.051494710463256425,0.06618022747578174,0.0892250251070939,0,213,213
hcp83,16,heat_norm18,template_selected_bounded_residual,4,1,0.029456497245878746,0.0009477817023916268,0.029456497245878746,0.0438482939900653,0.06267512257563618,0.080313505164084,0,213,213
hcp83,16,heat_norm18,template_selected_bounded_residual,4,2,0.03239148536352291,0.0011797741795602774,0.03239148536352291,0.050425823984523346,0.07080518337892282,0.1016683356987854,0,213,213
hcp83,16,heat_norm18,template_selected_bounded_residual,4,3,0.03045966500885547,0.0010156795578771993,0.03045966500885547,0.04713978867334038,0.06466975961136971,0.0829171435262767,0,213,213
hcp83,16,heat_norm18,template_selected_bounded_residual,5,1,0.02995823520881544,0.0009940075757742014,0.02995823520881544,0.04841331544727376,0.06481613970583698,0.0769523040943467,0,213,213
hcp83,16,heat_norm18,template_selected_bounded_residual,5,2,0.034471975965924585,0.0013419420850625465,0.034471975965924585,0.05635486928692756,0.07635538404889056,0.0973956168467778,0,213,213
hcp83,16,heat_norm18,template_selected_bounded_residual,5,3,0.030568768929430508,0.0010476024349325085,0.030568768929430508,0.05109278539393061,0.06688619147116474,0.0841133410173299,0,213,213
hcp83,16,heat_norm18,template_selected_projection,1,1,0.031812508109676334,0.0011201337654108178,0.031812508109676334,0.049383800578630656,0.06881603535321697,0.1073032875818766,0,213,213
hcp83,16,heat_norm18,template_selected_projection,1,2,0.03705037488640052,0.001575190778075555,0.03705037488640052,0.058771153555891735,0.08189282277829021,0.127839722961739,0,213,213
hcp83,16,heat_norm18,template_selected_projection,1,3,0.03283361303188174,0.001220317478713036,0.03283361303188174,0.05440486285998767,0.07100615838464315,0.1089995197440083,0,213,213
hcp83,16,heat_norm18,template_selected_projection,2,1,0.03198862817871499,0.0011733546594751459,0.03198862817871499,0.048832128725330895,0.07926799098881675,0.1168774099937388,0,211,211
hcp83,16,heat_norm18,template_selected_projection,2,2,0.03698519117819496,0.0015761502801527466,0.03698519117819496,0.061195596506052455,0.0826052091373013,0.1324172569073662,0,211,211
hcp83,16,heat_norm18,template_selected_projection,2,3,0.03232186707422337,0.0011685289485965525,0.03232186707422337,0.0525355733607752,0.06729591843269976,0.1067528060904489,0,211,211
hcp83,16,heat_norm18,template_selected_projection,3,1,0.03202810620369858,0.0011654963400274947,0.03202810620369858,0.054267523304688065,0.0747395900805063,0.1068541277093653,0,213,213
hcp83,16,heat_norm18,template_selected_projection,3,2,0.03589035292581384,0.001488197174996755,0.03589035292581384,0.06369597881244721,0.08446748383572156,0.1256219380939741,0,213,213
hcp83,16,heat_norm18,template_selected_projection,3,3,0.03173988551712752,0.0011378364864627736,0.03173988551712752,0.054414345980176665,0.07009097179999911,0.1039654670066052,0,213,213
hcp83,16,heat_norm18,template_selected_projection,4,1,0.030961759610424442,0.0010408100743696733,0.030961759610424442,0.04676495251005982,0.06060019789735036,0.0792367551914967,0,213,213
hcp83,16,heat_norm18,template_selected_projection,4,2,0.03397869515197194,0.0012817478574736045,0.03397869515197194,0.052391469571771626,0.07090932248491905,0.1015718197030889,0,213,213
hcp83,16,heat_norm18,template_selected_projection,4,3,0.031770458586332706,0.0011023650106343744,0.031770458586332706,0.05048591929670568,0.06329034487874545,0.0891009587209504,0,213,213
hcp83,16,heat_norm18,template_selected_projection,5,1,0.03127542252102288,0.0010787150590934752,0.03127542252102288,0.049808431084667724,0.06229179486257308,0.0827021139565075,0,213,213
hcp83,16,heat_norm18,template_selected_projection,5,2,0.035750301119478065,0.0014354264741052386,0.035750301119478065,0.060120723056213014,0.07751965816388251,0.1013181009726963,0,213,213
hcp83,16,heat_norm18,template_selected_projection,5,3,0.03171902256932593,0.0011225691097864576,0.03171902256932593,0.05257544049921041,0.06784498151310826,0.0902245711100727,0,213,213
hcp83,16,heat_norm18,template_selected_robust,1,1,0.03047265460355412,0.0010188635356969112,0.03047265460355412,0.0479883875787514,0.05976962729614496,0.0922664671612556,0,213,213
hcp83,16,heat_norm18,template_selected_robust,1,2,0.03552226397997655,0.0014471913683586643,0.03552226397997655,0.058818982091509785,0.0779681093615471,0.1162188651483556,0,213,213
hcp83,16,heat_norm18,template_selected_robust,1,3,0.03153883383410548,0.0011226175042077108,0.03153883383410548,0.05257406431795617,0.06686804903883388,0.0984719211025122,0,213,213
hcp83,16,heat_norm18,template_selected_robust,2,1,0.02998090654370413,0.0009989717319200076,0.02998090654370413,0.0474524905612327,0.06059859251539695,0.10633393387287,0,211,211
hcp83,16,heat_norm18,template_selected_robust,2,2,0.03489805012256694,0.001399450115858187,0.03489805012256694,0.0583111774510465,0.08182606421486555,0.127405099385351,0,211,211
hcp83,16,heat_norm18,template_selected_robust,2,3,0.030444086826386867,0.0010155084750267747,0.030444086826386867,0.045921464188415,0.05887265769761486,0.0972209721201282,0,211,211
hcp83,16,heat_norm18,template_selected_robust,3,1,0.030544164976074862,0.0010513170264890475,0.030544164976074862,0.051569039475289,0.07194478892669202,0.0898881111858193,0,213,213
hcp83,16,heat_norm18,template_selected_robust,3,2,0.03429399957949542,0.0013630933793577688,0.03429399957949542,0.0627827190434409,0.0814252438802922,0.1117511342337409,0,213,213
hcp83,16,heat_norm18,template_selected_robust,3,3,0.03039312980135744,0.0010329527503987253,0.03039312980135744,0.051494710463256425,0.06618022747578174,0.0892250251070939,0,213,213
hcp83,16,heat_norm18,template_selected_robust,4,1,0.029456497245878746,0.0009477817023916268,0.029456497245878746,0.0438482939900653,0.06267512257563618,0.080313505164084,0,213,213
hcp83,16,heat_norm18,template_selected_robust,4,2,0.03239148536352291,0.0011797741795602774,0.03239148536352291,0.050425823984523346,0.07080518337892282,0.1016683356987854,0,213,213
hcp83,16,heat_norm18,template_selected_robust,4,3,0.03045966500885547,0.0010156795578771993,0.03045966500885547,0.04713978867334038,0.06466975961136971,0.0829171435262767,0,213,213
hcp83,16,heat_norm18,template_selected_robust,5,1,0.02995823520881544,0.0009940075757742014,0.02995823520881544,0.04841331544727376,0.06481613970583698,0.0769523040943467,0,213,213
hcp83,16,heat_norm18,template_selected_robust,5,2,0.034471975965924585,0.0013419420850625465,0.034471975965924585,0.05635486928692756,0.07635538404889056,0.0973956168467778,0,213,213
hcp83,16,heat_norm18,template_selected_robust,5,3,0.030568768929430508,0.0010476024349325085,0.030568768929430508,0.05109278539393061,0.06688619147116474,0.0841133410173299,0,213,213
hcp83,16,heat_raw18,atlas_random_aligned,1,1,0.023080516585816255,0.0005483565522505995,0.023080516585816255,0.029875832871394257,0.033239688068560404,0.0356287222902616,0,213,213
hcp83,16,heat_raw18,atlas_random_aligned,1,2,0.02375006041417758,0.0005804912365706652,0.02375006041417758,0.031735499655630446,0.036273361716803884,0.0374597880148011,0,213,213
hcp83,16,heat_raw18,atlas_random_aligned,1,3,0.022387682624095004,0.0005140022661417855,0.022387682624095004,0.029694827975875998,0.03188036082954116,0.0323573429007713,0,213,213
hcp83,16,heat_raw18,atlas_random_aligned,2,1,0.022874933585425274,0.0005392122638650298,0.022874933585425274,0.03078143778170175,0.03384214694126377,0.0383145861704921,0,211,211
hcp83,16,heat_raw18,atlas_random_aligned,2,2,0.02672009946213929,0.0007403436316984564,0.02672009946213929,0.03557312340539775,0.041143827449996666,0.0458183460280907,0,211,211
hcp83,16,heat_raw18,atlas_random_aligned,2,3,0.023446237696594496,0.0005639553365760939,0.023446237696594496,0.0304081905003145,0.03451895627999312,0.0358449842831287,0,211,211
hcp83,16,heat_raw18,atlas_random_aligned,3,1,0.02334810107366109,0.0005768082543759563,0.02334810107366109,0.029458255332123234,0.03677165597453844,0.0815543001034795,0,213,213
hcp83,16,heat_raw18,atlas_random_aligned,3,2,0.024792672217445653,0.0006388274805919132,0.024792672217445653,0.03162335852186736,0.04043570963637921,0.0643823903091274,0,213,213
hcp83,16,heat_raw18,atlas_random_aligned,3,3,0.02362968394560935,0.0005842723056487704,0.02362968394560935,0.03156517785410884,0.0374665327358956,0.0668021096811936,0,213,213
hcp83,16,heat_raw18,atlas_random_aligned,4,1,0.023569073162479217,0.0005733062935875121,0.023569073162479217,0.03119038075333006,0.03609781442464106,0.0393530423667737,0,213,213
hcp83,16,heat_raw18,atlas_random_aligned,4,2,0.026504272633598863,0.0007341209263159379,0.026504272633598863,0.036959900657148784,0.044094107743816675,0.0483021347954301,0,213,213
hcp83,16,heat_raw18,atlas_random_aligned,4,3,0.02361489342785133,0.0005717974039601601,0.02361489342785133,0.030038784275193155,0.035161163390668895,0.0368341625665561,0,213,213
hcp83,16,heat_raw18,atlas_random_aligned,5,1,0.02283320626060478,0.0005517255672107601,0.02283320626060478,0.030214919583610955,0.034046182245172196,0.0807102716467804,0,213,213
hcp83,16,heat_raw18,atlas_random_aligned,5,2,0.023382593228822718,0.0005680680767068713,0.023382593228822718,0.0308355468134504,0.03421512747926909,0.0634051055211069,0,213,213
hcp83,16,heat_raw18,atlas_random_aligned,5,3,0.02371567854063766,0.0005880486966975887,0.02371567854063766,0.031094760407085895,0.036542779021848035,0.0695849125122625,0,213,213
hcp83,16,heat_raw18,atlas_random_mean,1,1,0.05757027747563375,0.004191696055470228,0.05757027747563375,0.09652195446537119,0.2039796739593863,0.2434485207866918,0,213,213
hcp83,16,heat_raw18,atlas_random_mean,1,2,0.059885704644818336,0.004475503027018642,0.059885704644818336,0.1026619399788968,0.20415829276501996,0.2458358321241312,0,213,213
hcp83,16,heat_raw18,atlas_random_mean,1,3,0.05667827619448714,0.004066282894965218,0.05667827619448714,0.09522688053298982,0.20550951499398004,0.2420466754100094,0,213,213
hcp83,16,heat_raw18,atlas_random_mean,2,1,0.05868810298111249,0.004600413244381603,0.05868810298111249,0.099853386388527,0.2026819334156894,0.2807449993646399,0,211,211
hcp83,16,heat_raw18,atlas_random_mean,2,2,0.061275249459560165,0.004899687409401773,0.061275249459560165,0.1057147946141575,0.20234510738112416,0.2770468131164135,0,211,211
hcp83,16,heat_raw18,atlas_random_mean,2,3,0.0582480095359914,0.0045296070741846555,0.0582480095359914,0.10335033061440504,0.20163144972914562,0.2813853313317889,0,211,211
hcp83,16,heat_raw18,atlas_random_mean,3,1,0.059010596550184896,0.004536610898766746,0.059010596550184896,0.1115024007411604,0.21218767990104723,0.2244853598043883,0,213,213
hcp83,16,heat_raw18,atlas_random_mean,3,2,0.0617723917469683,0.004880567722263458,0.0617723917469683,0.11577843569937576,0.2114105712874028,0.2263485422875545,0,213,213
hcp83,16,heat_raw18,atlas_random_mean,3,3,0.058611688171568345,0.0044883254361942,0.058611688171568345,0.1110990177212102,0.20958663609165973,0.2335626905593603,0,213,213
hcp83,16,heat_raw18,atlas_random_mean,4,1,0.057201082354256014,0.003970552892472824,0.057201082354256014,0.1011963263796828,0.16288947381484825,0.2009549984165289,0,213,213
hcp83,16,heat_raw18,atlas_random_mean,4,2,0.059598026976736496,0.004268916595148656,0.059598026976736496,0.10335322725419972,0.16793117748550482,0.2010416245763991,0,213,213
hcp83,16,heat_raw18,atlas_random_mean,4,3,0.056805159685061044,0.003915035024494794,0.056805159685061044,0.1017157566150352,0.16265389039423472,0.2006926205128737,0,213,213
hcp83,16,heat_raw18,atlas_random_mean,5,1,0.05772904464822362,0.003993205062474865,0.05772904464822362,0.09926358993730834,0.15970846712768627,0.2253149323304183,0,213,213
hcp83,16,heat_raw18,atlas_random_mean,5,2,0.060577578945781634,0.004354304306967907,0.060577578945781634,0.10472532061896783,0.1650456592013251,0.2273526050285006,0,213,213
hcp83,16,heat_raw18,atlas_random_mean,5,3,0.05763505653315198,0.003996293111874256,0.05763505653315198,0.09791141127331583,0.1600620625863941,0.2346386564586707,0,213,213
hcp83,16,heat_raw18,atlas_selected_aligned,1,1,0.022657109769485945,0.000528092249214008,0.022657109769485945,0.029258867206160145,0.032532146626591686,0.0353227833078973,0,213,213
hcp83,16,heat_raw18,atlas_selected_aligned,1,2,0.023728098045269028,0.0005783742686886216,0.023728098045269028,0.031107950401231158,0.03464191164287441,0.0356987418084812,0,213,213
hcp83,16,heat_raw18,atlas_selected_aligned,1,3,0.022711116582783734,0.0005283162968402371,0.022711116582783734,0.029699657997045617,0.031039323524097634,0.0331180744614414,0,213,213
hcp83,16,heat_raw18,atlas_selected_aligned,2,1,0.022853322612870017,0.0005374376518061887,0.022853322612870017,0.02984262110014535,0.03312859072135702,0.0377351470046152,0,211,211
hcp83,16,heat_raw18,atlas_selected_aligned,2,2,0.023851708694845247,0.0005827886392497886,0.023851708694845247,0.0304704301067037,0.0338335287062328,0.0353702697598225,0,211,211
hcp83,16,heat_raw18,atlas_selected_aligned,2,3,0.023087868342253202,0.0005451252554418138,0.023087868342253202,0.02950587407155135,0.032989547699840596,0.0339199907561892,0,211,211
hcp83,16,heat_raw18,atlas_selected_aligned,3,1,0.023039046476102606,0.0005610731396256713,0.023039046476102606,0.02954314209838322,0.03565512565810884,0.0790771062744095,0,213,213
hcp83,16,heat_raw18,atlas_selected_aligned,3,2,0.023911756524890575,0.0005895843958882842,0.023911756524890575,0.030282152048770935,0.03397990423379481,0.0568330815341401,0,213,213
hcp83,16,heat_raw18,atlas_selected_aligned,3,3,0.023708233631938892,0.0005905017363532328,0.023708233631938892,0.031119884085541418,0.039385068679687135,0.0758568008595972,0,213,213
hcp83,16,heat_raw18,atlas_selected_aligned,4,1,0.02312078991489996,0.0005518057998561996,0.02312078991489996,0.03194489447800396,0.03489872330974752,0.0392189535756544,0,213,213
hcp83,16,heat_raw18,atlas_selected_aligned,4,2,0.023922062441659234,0.000587620120023652,0.023922062441659234,0.030490579278957732,0.03604125830818631,0.0406797179682442,0,213,213
hcp83,16,heat_raw18,atlas_selected_aligned,4,3,0.02335476277736932,0.0005597452255641479,0.02335476277736932,0.030597497269271884,0.034117709522345274,0.0378683716334627,0,213,213
hcp83,16,heat_raw18,atlas_selected_aligned,5,1,0.022803909980588982,0.0005492832513776869,0.022803909980588982,0.03026872510887721,0.034496019964579024,0.0790676261308136,0,213,213
hcp83,16,heat_raw18,atlas_selected_aligned,5,2,0.023543179490678662,0.0005728750911148235,0.023543179490678662,0.03020825230068784,0.03490171080466901,0.0575224693122473,0,213,213
hcp83,16,heat_raw18,atlas_selected_aligned,5,3,0.02277489156506067,0.0005420475684673098,0.02277489156506067,0.028669582586898893,0.0356867289967066,0.072012097190057,0,213,213
hcp83,16,heat_raw18,atlas_selected_mean,1,1,0.05757027747563375,0.004191696055470228,0.05757027747563375,0.09652195446537119,0.2039796739593863,0.2434485207866918,0,213,213
hcp83,16,heat_raw18,atlas_selected_mean,1,2,0.059885704644818336,0.004475503027018642,0.059885704644818336,0.1026619399788968,0.20415829276501996,0.2458358321241312,0,213,213
hcp83,16,heat_raw18,atlas_selected_mean,1,3,0.05667827619448714,0.004066282894965218,0.05667827619448714,0.09522688053298982,0.20550951499398004,0.2420466754100094,0,213,213
hcp83,16,heat_raw18,atlas_selected_mean,2,1,0.05868810298111249,0.004600413244381603,0.05868810298111249,0.099853386388527,0.2026819334156894,0.2807449993646399,0,211,211
hcp83,16,heat_raw18,atlas_selected_mean,2,2,0.061275249459560165,0.004899687409401773,0.061275249459560165,0.1057147946141575,0.20234510738112416,0.2770468131164135,0,211,211
hcp83,16,heat_raw18,atlas_selected_mean,2,3,0.0582480095359914,0.0045296070741846555,0.0582480095359914,0.10335033061440504,0.20163144972914562,0.2813853313317889,0,211,211
hcp83,16,heat_raw18,atlas_selected_mean,3,1,0.059010596550184896,0.004536610898766746,0.059010596550184896,0.1115024007411604,0.21218767990104723,0.2244853598043883,0,213,213
hcp83,16,heat_raw18,atlas_selected_mean,3,2,0.0617723917469683,0.004880567722263458,0.0617723917469683,0.11577843569937576,0.2114105712874028,0.2263485422875545,0,213,213
hcp83,16,heat_raw18,atlas_selected_mean,3,3,0.058611688171568345,0.0044883254361942,0.058611688171568345,0.1110990177212102,0.20958663609165973,0.2335626905593603,0,213,213
hcp83,16,heat_raw18,atlas_selected_mean,4,1,0.057201082354256014,0.003970552892472824,0.057201082354256014,0.1011963263796828,0.16288947381484825,0.2009549984165289,0,213,213
hcp83,16,heat_raw18,atlas_selected_mean,4,2,0.059598026976736496,0.004268916595148656,0.059598026976736496,0.10335322725419972,0.16793117748550482,0.2010416245763991,0,213,213
hcp83,16,heat_raw18,atlas_selected_mean,4,3,0.056805159685061044,0.003915035024494794,0.056805159685061044,0.1017157566150352,0.16265389039423472,0.2006926205128737,0,213,213
hcp83,16,heat_raw18,atlas_selected_mean,5,1,0.05772904464822362,0.003993205062474865,0.05772904464822362,0.09926358993730834,0.15970846712768627,0.2253149323304183,0,213,213
hcp83,16,heat_raw18,atlas_selected_mean,5,2,0.060577578945781634,0.004354304306967907,0.060577578945781634,0.10472532061896783,0.1650456592013251,0.2273526050285006,0,213,213
hcp83,16,heat_raw18,atlas_selected_mean,5,3,0.05763505653315198,0.003996293111874256,0.05763505653315198,0.09791141127331583,0.1600620625863941,0.2346386564586707,0,213,213
hcp83,16,heat_raw18,floor_random_robust,1,1,0.12105761971492027,0.014811819065969355,0.12105761971492027,0.14301888308458902,0.15511316875503497,0.1650624150214951,0,213,213
hcp83,16,heat_raw18,floor_random_robust,1,2,0.15211860565590618,0.023248075976997424,0.15211860565590618,0.17081101458019085,0.1849215960469371,0.1901173708415026,0,213,213
hcp83,16,heat_raw18,floor_random_robust,1,3,0.12611080696603205,0.015999411712870587,0.12611080696603205,0.14379848265724496,0.1511934847902012,0.1606059053874718,0,213,213
hcp83,16,heat_raw18,floor_random_robust,2,1,0.12632630459283564,0.016147121471013704,0.12632630459283564,0.15258857536645415,0.16234106308235172,0.1772630121034932,0,211,211
hcp83,16,heat_raw18,floor_random_robust,2,2,0.1591739629014421,0.025468924886679255,0.1591739629014421,0.17760792451509572,0.1926856170280501,0.2299775202765743,0,211,211
hcp83,16,heat_raw18,floor_random_robust,2,3,0.12596962003587595,0.01599030269628634,0.12596962003587595,0.1477161398956855,0.15783375315535414,0.1673967665152506,0,211,211
hcp83,16,heat_raw18,floor_random_robust,3,1,0.11530338521884025,0.013533049758590564,0.11530338521884025,0.14526731884819963,0.1628801217715951,0.1839668786712187,0,213,213
hcp83,16,heat_raw18,floor_random_robust,3,2,0.15277963889430732,0.023494798100720162,0.15277963889430732,0.1745707315145248,0.18957232058113874,0.2293878624291654,0,213,213
hcp83,16,heat_raw18,floor_random_robust,3,3,0.13055921917800978,0.01723279364040386,0.13055921917800978,0.1533578851647244,0.17954128590957533,0.1956989104569457,0,213,213
hcp83,16,heat_raw18,floor_random_robust,4,1,0.13056873082253165,0.017243456925053875,0.13056873082253165,0.15499738029705912,0.17288464020481883,0.1793408900635086,0,213,213
hcp83,16,heat_raw18,floor_random_robust,4,2,0.15708352534295986,0.024792392708077312,0.15708352534295986,0.1779375161102244,0.18430458057101468,0.1939640226583959,0,213,213
hcp83,16,heat_raw18,floor_random_robust,4,3,0.13274087657076494,0.017726860375981583,0.13274087657076494,0.15159019525132447,0.16203052536486942,0.1708332628160442,0,213,213
hcp83,16,heat_raw18,floor_random_robust,5,1,0.1206579738492447,0.014824334529810749,0.1206579738492447,0.14613024260142193,0.16716743629154981,0.1971018190084441,0,213,213
hcp83,16,heat_raw18,floor_random_robust,5,2,0.15828632244670018,0.02519580548616263,0.15828632244670018,0.17958007557077485,0.18941469306845998,0.1932375261762348,0,213,213
hcp83,16,heat_raw18,floor_random_robust,5,3,0.12660086614149205,0.016160552309071298,0.12660086614149205,0.14503213221773012,0.1592131725647942,0.1815623404908192,0,213,213
hcp83,16,heat_raw18,ordinary_selected,1,1,0.1160899227748692,0.013762224089058438,0.1160899227748692,0.14621240847391406,0.16317536058592272,0.1894651261892596,0,213,213
hcp83,16,heat_raw18,ordinary_selected,1,2,0.14589791730185245,0.021414277471242305,0.14589791730185245,0.16809565161505624,0.18387939693029226,0.1898189940783799,0,213,213
hcp83,16,heat_raw18,ordinary_selected,1,3,0.12123651124779923,0.014857812741704826,0.12123651124779923,0.14697180966895748,0.15882307433092951,0.1734670736345774,0,213,213
hcp83,16,heat_raw18,ordinary_selected,2,1,0.11402688586313435,0.013259901687394125,0.11402688586313435,0.140677534360071,0.15869233208260775,0.1957187979691756,0,211,211
hcp83,16,heat_raw18,ordinary_selected,2,2,0.14353678750466903,0.020749002201588717,0.14353678750466903,0.167660932044838,0.18523992794851266,0.1896700485908103,0,211,211
hcp83,16,heat_raw18,ordinary_selected,2,3,0.12120109362383649,0.014836380575816002,0.12120109362383649,0.1459094505846698,0.15538965104834063,0.1635530103759565,0,211,211
hcp83,16,heat_raw18,ordinary_selected,3,1,0.1158759285941063,0.013784410953243145,0.1158759285941063,0.14856460521234685,0.18184514789203732,0.2031956424962342,0,213,213
hcp83,16,heat_raw18,ordinary_selected,3,2,0.14611027435810625,0.02159627469146752,0.14611027435810625,0.1706194976982438,0.18938474454625465,0.287221167070828,0,213,213
hcp83,16,heat_raw18,ordinary_selected,3,3,0.12389105922112288,0.01556664894565674,0.12389105922112288,0.14909236046745447,0.1684997813471744,0.191435374187358,0,213,213
hcp83,16,heat_raw18,ordinary_selected,4,1,0.11472151247437543,0.013428568804763778,0.11472151247437543,0.1442668720904253,0.1517957897849847,0.1610140902010736,0,213,213
hcp83,16,heat_raw18,ordinary_selected,4,2,0.1453957942010289,0.021262273881149762,0.1453957942010289,0.16514214113758421,0.1712478469404824,0.1747719127315458,0,213,213
hcp83,16,heat_raw18,ordinary_selected,4,3,0.12155955720913084,0.014918502831529172,0.12155955720913084,0.14124445595170998,0.14863029051263676,0.1731837876202037,0,213,213
hcp83,16,heat_raw18,ordinary_selected,5,1,0.11497719866236909,0.013492695268030874,0.11497719866236909,0.1449047982473015,0.1578155276931396,0.1834701672824356,0,213,213
hcp83,16,heat_raw18,ordinary_selected,5,2,0.14529308869704963,0.021323913172154794,0.14529308869704963,0.16785836925078756,0.17929642206761393,0.2593032132958009,0,213,213
hcp83,16,heat_raw18,ordinary_selected,5,3,0.12052108583597083,0.014686093538486171,0.12052108583597083,0.14236711347085965,0.15279239701034011,0.1859453478351724,0,213,213
hcp83,16,heat_raw18,random_bounded_residual,1,1,0.12186751523524478,0.015049070356881626,0.12186751523524478,0.14806154740997582,0.16262483669604902,0.1637683312707428,0,213,213
hcp83,16,heat_raw18,random_bounded_residual,1,2,0.15233423825224318,0.023334106973573795,0.15233423825224318,0.17303151433225777,0.1910005373299606,0.2075931874917037,0,213,213
hcp83,16,heat_raw18,random_bounded_residual,1,3,0.12142757738472057,0.014870491769717439,0.12142757738472057,0.14353677873607365,0.15499947616537935,0.1592254365539421,0,213,213
hcp83,16,heat_raw18,random_bounded_residual,2,1,0.12691561394026327,0.01631845080419882,0.12691561394026327,0.15272054197226348,0.1781953038373744,0.184546836166929,0,211,211
hcp83,16,heat_raw18,random_bounded_residual,2,2,0.1602392009384668,0.02583233626424648,0.1602392009384668,0.17921075284474358,0.20840033296083463,0.2376884287225366,0,211,211
hcp83,16,heat_raw18,random_bounded_residual,2,3,0.12296410141984827,0.01525284137361303,0.12296410141984827,0.1448234168689403,0.16074988853297256,0.1668000292618243,0,211,211
hcp83,16,heat_raw18,random_bounded_residual,3,1,0.11814355720955537,0.014251911070022688,0.11814355720955537,0.15406022039529352,0.16764564716257077,0.1906102280867495,0,213,213
hcp83,16,heat_raw18,random_bounded_residual,3,2,0.1520977512546663,0.023282762872996486,0.1520977512546663,0.17112860468403884,0.19454153240543068,0.2040832162628532,0,213,213
hcp83,16,heat_raw18,random_bounded_residual,3,3,0.1287640731952293,0.0167694909095642,0.1287640731952293,0.1545086054189248,0.17419636168802327,0.2003752493917672,0,213,213
hcp83,16,heat_raw18,random_bounded_residual,4,1,0.12832994359058172,0.016686262121080264,0.12832994359058172,0.15346174720933084,0.1721587589751452,0.1801594907212374,0,213,213
hcp83,16,heat_raw18,random_bounded_residual,4,2,0.15710966429605133,0.02481366606345866,0.15710966429605133,0.17808615922742163,0.1900721077402658,0.1921251049571018,0,213,213
hcp83,16,heat_raw18,random_bounded_residual,4,3,0.12742032183593385,0.016363109250773014,0.12742032183593385,0.14849557260650165,0.15927758591918645,0.1696882145456419,0,213,213
hcp83,16,heat_raw18,random_bounded_residual,5,1,0.12073416046412323,0.014834789254403315,0.12073416046412323,0.14444219603285222,0.1568280140374594,0.1914890336718165,0,213,213
hcp83,16,heat_raw18,random_bounded_residual,5,2,0.15766734957938694,0.025007765882537513,0.15766734957938694,0.17869208791168645,0.1920778246625451,0.194215929236164,0,213,213
hcp83,16,heat_raw18,random_bounded_residual,5,3,0.12371274889445724,0.015467758412344356,0.12371274889445724,0.14476561612190003,0.16573260699372144,0.1860448625252244,0,213,213
hcp83,16,heat_raw18,random_ordinary,1,1,0.12723248673979648,0.016411990553068103,0.12723248673979648,0.15607449746981888,0.1663586383677038,0.1834213114466232,0,213,213
hcp83,16,heat_raw18,random_ordinary,1,2,0.15468308605649345,0.024083703949213265,0.15468308605649345,0.17793057973813245,0.18944257771805414,0.2143600884185665,0,213,213
hcp83,16,heat_raw18,random_ordinary,1,3,0.12342317760640825,0.015382125457878497,0.12342317760640825,0.14751958729220405,0.16296327393483392,0.1668753767075685,0,213,213
hcp83,16,heat_raw18,random_ordinary,2,1,0.13216994999187273,0.01775747088530778,0.13216994999187273,0.16288217686415024,0.19593431007886358,0.2029857854156056,0,211,211
hcp83,16,heat_raw18,random_ordinary,2,2,0.16347445233858943,0.026920203545960263,0.16347445233858943,0.1860181926097882,0.2101519212457178,0.2586001170612598,0,211,211
hcp83,16,heat_raw18,random_ordinary,2,3,0.12567566280995446,0.01594949379096668,0.12567566280995446,0.15090059702318026,0.1619216917320483,0.1712295826503598,0,211,211
hcp83,16,heat_raw18,random_ordinary,3,1,0.12296102475643382,0.015459634265628722,0.12296102475643382,0.165533414710989,0.17965837696182413,0.2065810818477933,0,213,213
hcp83,16,heat_raw18,random_ordinary,3,2,0.1551112087138104,0.024242870444610355,0.1551112087138104,0.17900216549968342,0.20229025239702672,0.2062055566944429,0,213,213
hcp83,16,heat_raw18,random_ordinary,3,3,0.13129712349249134,0.017463648666156403,0.13129712349249134,0.16121619375862384,0.18117147613531112,0.1970633633298798,0,213,213
hcp83,16,heat_raw18,random_ordinary,4,1,0.13388325949266724,0.018152750639447122,0.13388325949266724,0.16023842227831353,0.17640103822854458,0.1858530305742102,0,213,213
hcp83,16,heat_raw18,random_ordinary,4,2,0.1611842160373565,0.02613114496362511,0.1611842160373565,0.18294616881518166,0.19760541697632797,0.1994272300803586,0,213,213
hcp83,16,heat_raw18,random_ordinary,4,3,0.1301532307423894,0.01708299984903917,0.1301532307423894,0.15166065172099974,0.16763327151820467,0.1718943407768829,0,213,213
hcp83,16,heat_raw18,random_ordinary,5,1,0.12539263641506318,0.01604528690293966,0.12539263641506318,0.15517302911047728,0.15934645067176423,0.2275514578989184,0,213,213
hcp83,16,heat_raw18,random_ordinary,5,2,0.1609846246730154,0.026159076949498365,0.1609846246730154,0.18615766370228448,0.20238060343173517,0.2718794939010002,0,213,213
hcp83,16,heat_raw18,random_ordinary,5,3,0.12569568962891495,0.015972338711187636,0.12569568962891495,0.14755576396791384,0.16780378245341374,0.187716459598444,0,213,213
hcp83,16,heat_raw18,random_projection,1,1,0.12723248673979648,0.016411990553068103,0.12723248673979648,0.15607449746981888,0.1663586383677038,0.1834213114466232,0,213,213
hcp83,16,heat_raw18,random_projection,1,2,0.15459473179047384,0.024052052626540418,0.15459473179047384,0.17744989030844252,0.18944257771805414,0.2116441685125137,0,213,213
hcp83,16,heat_raw18,random_projection,1,3,0.12345471089820302,0.015383712431489418,0.12345471089820302,0.14771308986327203,0.15887023911112058,0.1668753767075685,0,213,213
hcp83,16,heat_raw18,random_projection,2,1,0.13070368180688174,0.0173145187297115,0.13070368180688174,0.15928958115754133,0.1813821677670424,0.1936427152916928,0,211,211
hcp83,16,heat_raw18,random_projection,2,2,0.16347165000582844,0.026919046460005463,0.16347165000582844,0.1860181926097882,0.2101519212457178,0.2586001170612598,0,211,211
hcp83,16,heat_raw18,random_projection,2,3,0.1253895816989643,0.015867961963385562,0.1253895816989643,0.14824584375892746,0.1619216917320483,0.1639901116831145,0,211,211
hcp83,16,heat_raw18,random_projection,3,1,0.12110297721042157,0.015000065124969736,0.12110297721042157,0.16378605192603155,0.17727458677762017,0.193805513726027,0,213,213
hcp83,16,heat_raw18,random_projection,3,2,0.155085658339718,0.024232600850212505,0.155085658339718,0.17900216549968342,0.19789566992098606,0.2062055566944429,0,213,213
hcp83,16,heat_raw18,random_projection,3,3,0.1312503447478228,0.017404768183637384,0.1312503447478228,0.15379462271908848,0.1802779580368131,0.1970027703811131,0,213,213
hcp83,16,heat_raw18,random_projection,4,1,0.1327231055042571,0.01783017804008064,0.1327231055042571,0.1576842999200139,0.17078436069597103,0.1849597808742162,0,213,213
hcp83,16,heat_raw18,random_projection,4,2,0.1611842160373565,0.02613114496362511,0.1611842160373565,0.18294616881518166,0.19760541697632797,0.1994272300803586,0,213,213
hcp83,16,heat_raw18,random_projection,4,3,0.12963591627743834,0.016945188151583242,0.12963591627743834,0.14920854331385325,0.1674507012139145,0.1718943407768829,0,213,213
hcp83,16,heat_raw18,random_projection,5,1,0.12449496882549935,0.01579054837397252,0.12449496882549935,0.15021541689619886,0.15780943391541757,0.2129013616285794,0,213,213
hcp83,16,heat_raw18,random_projection,5,2,0.15987465643141976,0.02571366604988043,0.15987465643141976,0.18253542420078656,0.19411837012810976,0.1985385408805674,0,213,213
hcp83,16,heat_raw18,random_projection,5,3,0.12557016855019926,0.015919905234989096,0.12557016855019926,0.1453424493089965,0.16485232591308413,0.18858615481636,0,213,213
hcp83,16,heat_raw18,random_robust,1,1,0.12186751523524478,0.015049070356881626,0.12186751523524478,0.14806154740997582,0.16262483669604902,0.1637683312707428,0,213,213
hcp83,16,heat_raw18,random_robust,1,2,0.15233423825224318,0.023334106973573795,0.15233423825224318,0.17303151433225777,0.1910005373299606,0.2075931874917037,0,213,213
hcp83,16,heat_raw18,random_robust,1,3,0.12142757738472057,0.014870491769717439,0.12142757738472057,0.14353677873607365,0.15499947616537935,0.1592254365539421,0,213,213
hcp83,16,heat_raw18,random_robust,2,1,0.12691561394026327,0.01631845080419882,0.12691561394026327,0.15272054197226348,0.1781953038373744,0.184546836166929,0,211,211
hcp83,16,heat_raw18,random_robust,2,2,0.1602392009384668,0.02583233626424648,0.1602392009384668,0.17921075284474358,0.20840033296083463,0.2376884287225366,0,211,211
hcp83,16,heat_raw18,random_robust,2,3,0.12296410141984827,0.01525284137361303,0.12296410141984827,0.1448234168689403,0.16074988853297256,0.1668000292618243,0,211,211
hcp83,16,heat_raw18,random_robust,3,1,0.11814355720955537,0.014251911070022688,0.11814355720955537,0.15406022039529352,0.16764564716257077,0.1906102280867495,0,213,213
hcp83,16,heat_raw18,random_robust,3,2,0.1520977512546663,0.023282762872996486,0.1520977512546663,0.17112860468403884,0.19454153240543068,0.2040832162628532,0,213,213
hcp83,16,heat_raw18,random_robust,3,3,0.1287640731952293,0.0167694909095642,0.1287640731952293,0.1545086054189248,0.17419636168802327,0.2003752493917672,0,213,213
hcp83,16,heat_raw18,random_robust,4,1,0.12832994359058172,0.016686262121080264,0.12832994359058172,0.15346174720933084,0.1721587589751452,0.1801594907212374,0,213,213
hcp83,16,heat_raw18,random_robust,4,2,0.15710966429605133,0.02481366606345866,0.15710966429605133,0.17808615922742163,0.1900721077402658,0.1921251049571018,0,213,213
hcp83,16,heat_raw18,random_robust,4,3,0.12742032183593385,0.016363109250773014,0.12742032183593385,0.14849557260650165,0.15927758591918645,0.1696882145456419,0,213,213
hcp83,16,heat_raw18,random_robust,5,1,0.12073416046412323,0.014834789254403315,0.12073416046412323,0.14444219603285222,0.1568280140374594,0.1914890336718165,0,213,213
hcp83,16,heat_raw18,random_robust,5,2,0.15766734957938694,0.025007765882537513,0.15766734957938694,0.17869208791168645,0.1920778246625451,0.194215929236164,0,213,213
hcp83,16,heat_raw18,random_robust,5,3,0.12371274889445724,0.015467758412344356,0.12371274889445724,0.14476561612190003,0.16573260699372144,0.1860448625252244,0,213,213
hcp83,16,heat_raw18,selected_bounded_residual,1,1,0.11210428342500395,0.012776188868482053,0.11210428342500395,0.13688161878445898,0.15667993556937282,0.1583165825599266,0,213,213
hcp83,16,heat_raw18,selected_bounded_residual,1,2,0.143889298894257,0.02079597525626311,0.143889298894257,0.16132510347611775,0.17191299369324997,0.1808756232835258,0,213,213
hcp83,16,heat_raw18,selected_bounded_residual,1,3,0.11894168940021596,0.014278040397238807,0.11894168940021596,0.14216055745863937,0.1526163915466818,0.1641202257168006,0,213,213
hcp83,16,heat_raw18,selected_bounded_residual,2,1,0.11022515908335692,0.012329394507298176,0.11022515908335692,0.13353317199541126,0.14643496601053527,0.1572328248339918,0,211,211
hcp83,16,heat_raw18,selected_bounded_residual,2,2,0.14088814167321254,0.019965796944324075,0.14088814167321254,0.15837954844135976,0.1749369634094113,0.1823979992886351,0,211,211
hcp83,16,heat_raw18,selected_bounded_residual,2,3,0.11881502452585573,0.014242092008247257,0.11881502452585573,0.14039513369377093,0.14825421200817007,0.1629445907349213,0,211,211
hcp83,16,heat_raw18,selected_bounded_residual,3,1,0.1121248040710867,0.012860260930027907,0.1121248040710867,0.1412316462977774,0.1680178162795939,0.1845335996182514,0,213,213
hcp83,16,heat_raw18,selected_bounded_residual,3,2,0.14302185139443563,0.020597939548380708,0.14302185139443563,0.162300647209639,0.18508377289815736,0.2048490811289694,0,213,213
hcp83,16,heat_raw18,selected_bounded_residual,3,3,0.12154600747224456,0.014962928642611112,0.12154600747224456,0.14263102609448625,0.16337662983655232,0.1972860209436453,0,213,213
hcp83,16,heat_raw18,selected_bounded_residual,4,1,0.11084040707851213,0.012523101859217848,0.11084040707851213,0.1374339060275712,0.1507874053669024,0.1517669142066647,0,213,213
hcp83,16,heat_raw18,selected_bounded_residual,4,2,0.14297402909011583,0.020552643693819612,0.14297402909011583,0.15912701253128736,0.17015145246334915,0.1789247083589884,0,213,213
hcp83,16,heat_raw18,selected_bounded_residual,4,3,0.11922295539598901,0.014333063328272206,0.11922295539598901,0.13842229106051088,0.14576588466169876,0.1537815226116107,0,213,213
hcp83,16,heat_raw18,selected_bounded_residual,5,1,0.11091158782097951,0.012542687110474786,0.11091158782097951,0.13866052929376005,0.14986924809401891,0.1674063444804213,0,213,213
hcp83,16,heat_raw18,selected_bounded_residual,5,2,0.14250634571300244,0.020457885916450317,0.14250634571300244,0.16585567782665395,0.17607713162133828,0.2035878063025548,0,213,213
hcp83,16,heat_raw18,selected_bounded_residual,5,3,0.1185178239926836,0.014189101481096516,0.1185178239926836,0.13811838956417447,0.15215970335953025,0.1843426850107429,0,213,213
hcp83,16,heat_raw18,selected_projection,1,1,0.11556035173467986,0.013596774375264943,0.11556035173467986,0.14382556290720358,0.15901892115281854,0.1637929119189761,0,213,213
hcp83,16,heat_raw18,selected_projection,1,2,0.1459290695386788,0.02140440863441393,0.1459290695386788,0.16482944935450528,0.17992551995513745,0.1839576421235464,0,213,213
hcp83,16,heat_raw18,selected_projection,1,3,0.12117209545350201,0.014839512116811074,0.12117209545350201,0.14697180966895748,0.15683228743460884,0.1721927400352323,0,213,213
hcp83,16,heat_raw18,selected_projection,2,1,0.11402688586313435,0.013259901687394125,0.11402688586313435,0.140677534360071,0.15869233208260775,0.1957187979691756,0,211,211
hcp83,16,heat_raw18,selected_projection,2,2,0.14276264005081565,0.020517301412362122,0.14276264005081565,0.1659675050552665,0.18046973107431222,0.1869196924100326,0,211,211
hcp83,16,heat_raw18,selected_projection,2,3,0.12109118616839362,0.014807592323834353,0.12109118616839362,0.1458291683428223,0.1542188933967603,0.1635530103759565,0,211,211
hcp83,16,heat_raw18,selected_projection,3,1,0.11583758866817143,0.013769143040809057,0.11583758866817143,0.14856460521234685,0.18184514789203732,0.1978892233035725,0,213,213
hcp83,16,heat_raw18,selected_projection,3,2,0.14527324672241934,0.02127253575927742,0.14527324672241934,0.17023451683560512,0.18938474454625465,0.207711940646181,0,213,213
hcp83,16,heat_raw18,selected_projection,3,3,0.1237099403014453,0.015512988914521623,0.1237099403014453,0.14909236046745447,0.1675389465440697,0.191435374187358,0,213,213
hcp83,16,heat_raw18,selected_projection,4,1,0.11472151247437543,0.013428568804763778,0.11472151247437543,0.1442668720904253,0.1517957897849847,0.1610140902010736,0,213,213
hcp83,16,heat_raw18,selected_projection,4,2,0.14499040348848385,0.021134948701384923,0.14499040348848385,0.16233549211198453,0.17188225906529586,0.1763736494529554,0,213,213
hcp83,16,heat_raw18,selected_projection,4,3,0.12146877693065028,0.014890593529087087,0.12146877693065028,0.1409225015405167,0.14863029051263676,0.1634357262277765,0,213,213
hcp83,16,heat_raw18,selected_projection,5,1,0.11483454410969564,0.013436043502543474,0.11483454410969564,0.14331701389832494,0.157621561831105,0.1828805237329109,0,213,213
hcp83,16,heat_raw18,selected_projection,5,2,0.144571462853711,0.02106422762654943,0.144571462853711,0.16738164110678486,0.17887773762733403,0.2065877851107095,0,213,213
hcp83,16,heat_raw18,selected_projection,5,3,0.12045154226805917,0.014668345678712669,0.12045154226805917,0.14233160267824924,0.15262679489415132,0.1859453478351724,0,213,213
hcp83,16,heat_raw18,selected_robust,1,1,0.11210428342500395,0.012776188868482053,0.11210428342500395,0.13688161878445898,0.15667993556937282,0.1583165825599266,0,213,213
hcp83,16,heat_raw18,selected_robust,1,2,0.143889298894257,0.02079597525626311,0.143889298894257,0.16132510347611775,0.17191299369324997,0.1808756232835258,0,213,213
hcp83,16,heat_raw18,selected_robust,1,3,0.11894168940021596,0.014278040397238807,0.11894168940021596,0.14216055745863937,0.1526163915466818,0.1641202257168006,0,213,213
hcp83,16,heat_raw18,selected_robust,2,1,0.11022515908335692,0.012329394507298176,0.11022515908335692,0.13353317199541126,0.14643496601053527,0.1572328248339918,0,211,211
hcp83,16,heat_raw18,selected_robust,2,2,0.14088814167321254,0.019965796944324075,0.14088814167321254,0.15837954844135976,0.1749369634094113,0.1823979992886351,0,211,211
hcp83,16,heat_raw18,selected_robust,2,3,0.11881502452585573,0.014242092008247257,0.11881502452585573,0.14039513369377093,0.14825421200817007,0.1629445907349213,0,211,211
hcp83,16,heat_raw18,selected_robust,3,1,0.1121248040710867,0.012860260930027907,0.1121248040710867,0.1412316462977774,0.1680178162795939,0.1845335996182514,0,213,213
hcp83,16,heat_raw18,selected_robust,3,2,0.14302185139443563,0.020597939548380708,0.14302185139443563,0.162300647209639,0.18508377289815736,0.2048490811289694,0,213,213
hcp83,16,heat_raw18,selected_robust,3,3,0.12154600747224456,0.014962928642611112,0.12154600747224456,0.14263102609448625,0.16337662983655232,0.1972860209436453,0,213,213
hcp83,16,heat_raw18,selected_robust,4,1,0.11084040707851213,0.012523101859217848,0.11084040707851213,0.1374339060275712,0.1507874053669024,0.1517669142066647,0,213,213
hcp83,16,heat_raw18,selected_robust,4,2,0.14297402909011583,0.020552643693819612,0.14297402909011583,0.15912701253128736,0.17015145246334915,0.1789247083589884,0,213,213
hcp83,16,heat_raw18,selected_robust,4,3,0.11922295539598901,0.014333063328272206,0.11922295539598901,0.13842229106051088,0.14576588466169876,0.1537815226116107,0,213,213
hcp83,16,heat_raw18,selected_robust,5,1,0.11091158782097951,0.012542687110474786,0.11091158782097951,0.13866052929376005,0.14986924809401891,0.1674063444804213,0,213,213
hcp83,16,heat_raw18,selected_robust,5,2,0.14250634571300244,0.020457885916450317,0.14250634571300244,0.16585567782665395,0.17607713162133828,0.2035878063025548,0,213,213
hcp83,16,heat_raw18,selected_robust,5,3,0.1185178239926836,0.014189101481096516,0.1185178239926836,0.13811838956417447,0.15215970335953025,0.1843426850107429,0,213,213
hcp83,16,heat_raw18,selected_sources_ordinary,1,1,0.1160899227748692,0.013762224089058438,0.1160899227748692,0.14621240847391406,0.16317536058592272,0.1894651261892596,0,213,213
hcp83,16,heat_raw18,selected_sources_ordinary,1,2,0.14589791730185245,0.021414277471242305,0.14589791730185245,0.16809565161505624,0.18387939693029226,0.1898189940783799,0,213,213
hcp83,16,heat_raw18,selected_sources_ordinary,1,3,0.12123651124779923,0.014857812741704826,0.12123651124779923,0.14697180966895748,0.15882307433092951,0.1734670736345774,0,213,213
hcp83,16,heat_raw18,selected_sources_ordinary,2,1,0.11402688586313435,0.013259901687394125,0.11402688586313435,0.140677534360071,0.15869233208260775,0.1957187979691756,0,211,211
hcp83,16,heat_raw18,selected_sources_ordinary,2,2,0.14353678750466903,0.020749002201588717,0.14353678750466903,0.167660932044838,0.18523992794851266,0.1896700485908103,0,211,211
hcp83,16,heat_raw18,selected_sources_ordinary,2,3,0.12120109362383649,0.014836380575816002,0.12120109362383649,0.1459094505846698,0.15538965104834063,0.1635530103759565,0,211,211
hcp83,16,heat_raw18,selected_sources_ordinary,3,1,0.1158759285941063,0.013784410953243145,0.1158759285941063,0.14856460521234685,0.18184514789203732,0.2031956424962342,0,213,213
hcp83,16,heat_raw18,selected_sources_ordinary,3,2,0.14611027435810625,0.02159627469146752,0.14611027435810625,0.1706194976982438,0.18938474454625465,0.287221167070828,0,213,213
hcp83,16,heat_raw18,selected_sources_ordinary,3,3,0.12389105922112288,0.01556664894565674,0.12389105922112288,0.14909236046745447,0.1684997813471744,0.191435374187358,0,213,213
hcp83,16,heat_raw18,selected_sources_ordinary,4,1,0.11472151247437543,0.013428568804763778,0.11472151247437543,0.1442668720904253,0.1517957897849847,0.1610140902010736,0,213,213
hcp83,16,heat_raw18,selected_sources_ordinary,4,2,0.1453957942010289,0.021262273881149762,0.1453957942010289,0.16514214113758421,0.1712478469404824,0.1747719127315458,0,213,213
hcp83,16,heat_raw18,selected_sources_ordinary,4,3,0.12155955720913084,0.014918502831529172,0.12155955720913084,0.14124445595170998,0.14863029051263676,0.1731837876202037,0,213,213
hcp83,16,heat_raw18,selected_sources_ordinary,5,1,0.11497719866236909,0.013492695268030874,0.11497719866236909,0.1449047982473015,0.1578155276931396,0.1834701672824356,0,213,213
hcp83,16,heat_raw18,selected_sources_ordinary,5,2,0.14529308869704963,0.021323913172154794,0.14529308869704963,0.16785836925078756,0.17929642206761393,0.2593032132958009,0,213,213
hcp83,16,heat_raw18,selected_sources_ordinary,5,3,0.12052108583597083,0.014686093538486171,0.12052108583597083,0.14236711347085965,0.15279239701034011,0.1859453478351724,0,213,213
hcp83,16,heat_raw18,spatial_robust,1,1,0.12707428263223158,0.016319701919471043,0.12707428263223158,0.14983251952693746,0.16723500649177936,0.1758495247389289,0,213,213
hcp83,16,heat_raw18,spatial_robust,1,2,0.14146728768575734,0.020119924155608242,0.14146728768575734,0.16078553988533537,0.1776382919179773,0.185378553729756,0,213,213
hcp83,16,heat_raw18,spatial_robust,1,3,0.12188621585916881,0.014968531809011545,0.12188621585916881,0.14118668780755703,0.1528259003062545,0.1597503588247706,0,213,213
hcp83,16,heat_raw18,spatial_robust,2,1,0.11483361583432747,0.013375281835636113,0.11483361583432747,0.1365165770996868,0.15924791831318166,0.1690229208652364,0,211,211
hcp83,16,heat_raw18,spatial_robust,2,2,0.14145782093874684,0.020132204197582153,0.14145782093874684,0.1604219404115789,0.1768340683092562,0.1929952189005918,0,211,211
hcp83,16,heat_raw18,spatial_robust,2,3,0.1216043821082357,0.014929138956702451,0.1216043821082357,0.14652944607900548,0.15433216943311223,0.1586835532965258,0,211,211
hcp83,16,heat_raw18,spatial_robust,3,1,0.1158858814597673,0.013685691993531935,0.1158858814597673,0.14385794059892695,0.16593909473971527,0.1864283686849206,0,213,213
hcp83,16,heat_raw18,spatial_robust,3,2,0.14248851329067985,0.020478064677734862,0.14248851329067985,0.1633032944387228,0.19013407240240482,0.2098186942657187,0,213,213
hcp83,16,heat_raw18,spatial_robust,3,3,0.12268766680892042,0.015228707322598269,0.12268766680892042,0.1460513523986861,0.1594911554196829,0.1980358037845754,0,213,213
hcp83,16,heat_raw18,spatial_robust,4,1,0.11438392304245756,0.013263732785353942,0.11438392304245756,0.13710687676111616,0.14861469285643256,0.1645560427840569,0,213,213
hcp83,16,heat_raw18,spatial_robust,4,2,0.14220664590974444,0.02034304133454682,0.14220664590974444,0.16159620640239825,0.16904230216594618,0.1827594415726146,0,213,213
hcp83,16,heat_raw18,spatial_robust,4,3,0.12193189408792843,0.014987554284163734,0.12193189408792843,0.14042683925083305,0.1548358067735156,0.1583383182679681,0,213,213
hcp83,16,heat_raw18,spatial_robust,5,1,0.11532359830265537,0.013481769054141517,0.11532359830265537,0.13983491600313525,0.1517100372271627,0.1551640965542844,0,213,213
hcp83,16,heat_raw18,spatial_robust,5,2,0.14252268995775322,0.02048033973028387,0.14252268995775322,0.16349700035833237,0.18952500513140327,0.2094463277458274,0,213,213
hcp83,16,heat_raw18,spatial_robust,5,3,0.12183723057205723,0.014982018793211397,0.12183723057205723,0.1422478787047402,0.15727553037694822,0.1816117531737408,0,213,213
hcp83,16,heat_raw18,template_random_bounded_residual,1,1,0.03646100054097216,0.0015560903566670479,0.03646100054097216,0.0651310081541314,0.07965258126313211,0.1266364905710427,0,213,213
hcp83,16,heat_raw18,template_random_bounded_residual,1,2,0.03739739843697883,0.0016180476667737287,0.03739739843697883,0.0640619010508632,0.08223186332021422,0.1269460002337111,0,213,213
hcp83,16,heat_raw18,template_random_bounded_residual,1,3,0.03136415068204243,0.001100038451409572,0.03136415068204243,0.051588872907505044,0.06522047758622901,0.0954617786886021,0,213,213
hcp83,16,heat_raw18,template_random_bounded_residual,2,1,0.03169594343180993,0.0011354042745637574,0.03169594343180993,0.05261103067809665,0.06822672771727459,0.1145583100822344,0,211,211
hcp83,16,heat_raw18,template_random_bounded_residual,2,2,0.040000386502597164,0.0018570854337412559,0.040000386502597164,0.07087226633787361,0.09570921241284808,0.1393696250714743,0,211,211
hcp83,16,heat_raw18,template_random_bounded_residual,2,3,0.03245963817266419,0.0011879049247092849,0.03245963817266419,0.0537581358969272,0.07001967263686555,0.1139262309043512,0,211,211
hcp83,16,heat_raw18,template_random_bounded_residual,3,1,0.03287798784850686,0.0012573856392611735,0.03287798784850686,0.05891522810800278,0.08618798348432466,0.1082029960261937,0,213,213
hcp83,16,heat_raw18,template_random_bounded_residual,3,2,0.03753456045665369,0.0016484768282530073,0.03753456045665369,0.07125299722216563,0.09140496212527509,0.1241030106521561,0,213,213
hcp83,16,heat_raw18,template_random_bounded_residual,3,3,0.03291415431218178,0.0012497599986194985,0.03291415431218178,0.060706352052021864,0.07957275833582209,0.1042466165366845,0,213,213
hcp83,16,heat_raw18,template_random_bounded_residual,4,1,0.03113080430557538,0.0010874960212496666,0.03113080430557538,0.04980234296664705,0.07115443701089227,0.0896713746214382,0,213,213
hcp83,16,heat_raw18,template_random_bounded_residual,4,2,0.03910728889882161,0.0018018683069203109,0.03910728889882161,0.06558126676695568,0.09381629975255992,0.1343726455450405,0,213,213
hcp83,16,heat_raw18,template_random_bounded_residual,4,3,0.03148630867027287,0.0010983807851761868,0.03148630867027287,0.05001540158462615,0.06778427540420051,0.0887647663358748,0,213,213
hcp83,16,heat_raw18,template_random_bounded_residual,5,1,0.03197073124353944,0.0011505550567735352,0.03197073124353944,0.05471558311835848,0.07127994804409307,0.082582564475934,0,213,213
hcp83,16,heat_raw18,template_random_bounded_residual,5,2,0.03825267723300497,0.0016889969661888523,0.03825267723300497,0.06867977943154958,0.0888660902709545,0.115620604193367,0,213,213
hcp83,16,heat_raw18,template_random_bounded_residual,5,3,0.03338538161188207,0.001261205780690684,0.03338538161188207,0.058019878128112545,0.07247937491666913,0.095098021260531,0,213,213
hcp83,16,heat_raw18,template_random_projection,1,1,0.038008582644243234,0.0016802385759591143,0.038008582644243234,0.06674626454939342,0.08090653823809167,0.1283248249988159,0,213,213
hcp83,16,heat_raw18,template_random_projection,1,2,0.03930856404262917,0.0017844423253755867,0.03930856404262917,0.06550603070419948,0.08495597910412413,0.1408435187356967,0,213,213
hcp83,16,heat_raw18,template_random_projection,1,3,0.03257959170013486,0.001188060010749927,0.03257959170013486,0.05354612402936109,0.06503584373253096,0.1043951008853325,0,213,213
hcp83,16,heat_raw18,template_random_projection,2,1,0.03400140741130477,0.0013345678290674842,0.03400140741130477,0.05437582454113795,0.08800281932136067,0.1241577396907417,0,211,211
hcp83,16,heat_raw18,template_random_projection,2,2,0.042063629869504945,0.0020493693146545772,0.042063629869504945,0.07183510408801161,0.10704832711816102,0.1314006343122416,0,211,211
hcp83,16,heat_raw18,template_random_projection,2,3,0.03482372565999565,0.0013985692564345612,0.03482372565999565,0.0566755863658745,0.0819516756727403,0.122030727632482,0,211,211
hcp83,16,heat_raw18,template_random_projection,3,1,0.03470311196576618,0.001415856636953699,0.03470311196576618,0.06396964516651736,0.09378561464214435,0.1291161488688852,0,213,213
hcp83,16,heat_raw18,template_random_projection,3,2,0.03977044063225656,0.001843963749682018,0.03977044063225656,0.0747481759999131,0.09763034604007678,0.1339990102547775,0,213,213
hcp83,16,heat_raw18,template_random_projection,3,3,0.03452362373011478,0.0013826873287083566,0.03452362373011478,0.06198994764427956,0.08307288082158791,0.1196383360158341,0,213,213
hcp83,16,heat_raw18,template_random_projection,4,1,0.033013645834606996,0.0012181013595398457,0.033013645834606996,0.05194688780549331,0.07171833505549162,0.0950795138249184,0,213,213
hcp83,16,heat_raw18,template_random_projection,4,2,0.04095150665065383,0.0019531152484185234,0.04095150665065383,0.06827217642540279,0.0941373113904628,0.1364236224713142,0,213,213
hcp83,16,heat_raw18,template_random_projection,4,3,0.03310188861365735,0.0012022449730428463,0.03310188861365735,0.052674790337990655,0.06755201457561225,0.0923288029265069,0,213,213
hcp83,16,heat_raw18,template_random_projection,5,1,0.0334691535540975,0.0012522322881325433,0.0334691535540975,0.055290882848296065,0.07073436743470499,0.0862949658622461,0,213,213
hcp83,16,heat_raw18,template_random_projection,5,2,0.03981905046028088,0.0018099139934949933,0.03981905046028088,0.06952030309031525,0.08965932342171087,0.1165969471379771,0,213,213
hcp83,16,heat_raw18,template_random_projection,5,3,0.034985670465146196,0.0013717355182138805,0.034985670465146196,0.05930921297825115,0.07378223430142397,0.0962860864254649,0,213,213
hcp83,16,heat_raw18,template_random_robust,1,1,0.03646100054097216,0.0015560903566670479,0.03646100054097216,0.0651310081541314,0.07965258126313211,0.1266364905710427,0,213,213
hcp83,16,heat_raw18,template_random_robust,1,2,0.03739739843697883,0.0016180476667737287,0.03739739843697883,0.0640619010508632,0.08223186332021422,0.1269460002337111,0,213,213
hcp83,16,heat_raw18,template_random_robust,1,3,0.03136415068204243,0.001100038451409572,0.03136415068204243,0.051588872907505044,0.06522047758622901,0.0954617786886021,0,213,213
hcp83,16,heat_raw18,template_random_robust,2,1,0.03169594343180993,0.0011354042745637574,0.03169594343180993,0.05261103067809665,0.06822672771727459,0.1145583100822344,0,211,211
hcp83,16,heat_raw18,template_random_robust,2,2,0.040000386502597164,0.0018570854337412559,0.040000386502597164,0.07087226633787361,0.09570921241284808,0.1393696250714743,0,211,211
hcp83,16,heat_raw18,template_random_robust,2,3,0.03245963817266419,0.0011879049247092849,0.03245963817266419,0.0537581358969272,0.07001967263686555,0.1139262309043512,0,211,211
hcp83,16,heat_raw18,template_random_robust,3,1,0.03287798784850686,0.0012573856392611735,0.03287798784850686,0.05891522810800278,0.08618798348432466,0.1082029960261937,0,213,213
hcp83,16,heat_raw18,template_random_robust,3,2,0.03753456045665369,0.0016484768282530073,0.03753456045665369,0.07125299722216563,0.09140496212527509,0.1241030106521561,0,213,213
hcp83,16,heat_raw18,template_random_robust,3,3,0.03291415431218178,0.0012497599986194985,0.03291415431218178,0.060706352052021864,0.07957275833582209,0.1042466165366845,0,213,213
hcp83,16,heat_raw18,template_random_robust,4,1,0.03113080430557538,0.0010874960212496666,0.03113080430557538,0.04980234296664705,0.07115443701089227,0.0896713746214382,0,213,213
hcp83,16,heat_raw18,template_random_robust,4,2,0.03910728889882161,0.0018018683069203109,0.03910728889882161,0.06558126676695568,0.09381629975255992,0.1343726455450405,0,213,213
hcp83,16,heat_raw18,template_random_robust,4,3,0.03148630867027287,0.0010983807851761868,0.03148630867027287,0.05001540158462615,0.06778427540420051,0.0887647663358748,0,213,213
hcp83,16,heat_raw18,template_random_robust,5,1,0.03197073124353944,0.0011505550567735352,0.03197073124353944,0.05471558311835848,0.07127994804409307,0.082582564475934,0,213,213
hcp83,16,heat_raw18,template_random_robust,5,2,0.03825267723300497,0.0016889969661888523,0.03825267723300497,0.06867977943154958,0.0888660902709545,0.115620604193367,0,213,213
hcp83,16,heat_raw18,template_random_robust,5,3,0.03338538161188207,0.001261205780690684,0.03338538161188207,0.058019878128112545,0.07247937491666913,0.095098021260531,0,213,213
hcp83,16,heat_raw18,template_selected_bounded_residual,1,1,0.029231006044620166,0.0009337330497258936,0.029231006044620166,0.04639235921026246,0.05634391567310971,0.0851936315158352,0,213,213
hcp83,16,heat_raw18,template_selected_bounded_residual,1,2,0.03405790749678439,0.0013065284710839932,0.03405790749678439,0.05691416804610064,0.07175176453148123,0.1050859752046635,0,213,213
hcp83,16,heat_raw18,template_selected_bounded_residual,1,3,0.03000355563206813,0.0009979653252416402,0.03000355563206813,0.048664456868091406,0.06097330085737173,0.0903612438108378,0,213,213
hcp83,16,heat_raw18,template_selected_bounded_residual,2,1,0.0291099089589993,0.0009380816586111863,0.0291099089589993,0.0450454585079692,0.058222518299489885,0.1004804632106056,0,211,211
hcp83,16,heat_raw18,template_selected_bounded_residual,2,2,0.033976298876234046,0.0013106023568840372,0.033976298876234046,0.054913127187130595,0.07776832189235032,0.1199976893930166,0,211,211
hcp83,16,heat_raw18,template_selected_bounded_residual,2,3,0.029760633634154994,0.0009846829638967141,0.029760633634154994,0.04654317381989615,0.06063562763098617,0.1013176298217066,0,211,211
hcp83,16,heat_raw18,template_selected_bounded_residual,3,1,0.02964870555875642,0.000985640123718301,0.02964870555875642,0.04986588270695491,0.06700319117462039,0.0843809121648808,0,213,213
hcp83,16,heat_raw18,template_selected_bounded_residual,3,2,0.033508788664432756,0.0012912259687190663,0.033508788664432756,0.06068503445240291,0.07812978501110306,0.1068592641392081,0,213,213
hcp83,16,heat_raw18,template_selected_bounded_residual,3,3,0.030277163012460744,0.0010193074111875733,0.030277163012460744,0.05076025453378261,0.06580820792065702,0.0861410935548728,0,213,213
hcp83,16,heat_raw18,template_selected_bounded_residual,4,1,0.02852084034924546,0.0008839607111378211,0.02852084034924546,0.042920446099335624,0.05961882336787497,0.0742870287461054,0,213,213
hcp83,16,heat_raw18,template_selected_bounded_residual,4,2,0.03297635346482876,0.0012258354737345928,0.03297635346482876,0.05256289088002496,0.07218933901138826,0.095491424081196,0,213,213
hcp83,16,heat_raw18,template_selected_bounded_residual,4,3,0.029531713544674057,0.0009604320586963502,0.029531713544674057,0.04550813540666935,0.0638720273306941,0.0833551797009842,0,213,213
hcp83,16,heat_raw18,template_selected_bounded_residual,5,1,0.02908389416973511,0.0009340874323563122,0.02908389416973511,0.04766803039263231,0.06104735758767117,0.0762208821287629,0,213,213
hcp83,16,heat_raw18,template_selected_bounded_residual,5,2,0.033765009621895554,0.0012775250575584988,0.033765009621895554,0.05473592914575784,0.07321907282128143,0.0944747211711553,0,213,213
hcp83,16,heat_raw18,template_selected_bounded_residual,5,3,0.03025422537276768,0.0010220631110822668,0.03025422537276768,0.050128778335754506,0.06625896979225478,0.0820693694436865,0,213,213
hcp83,16,heat_raw18,template_selected_projection,1,1,0.030575697152785398,0.0010321928322294253,0.030575697152785398,0.04719241521357216,0.06543535181252387,0.1009466788921757,0,213,213
hcp83,16,heat_raw18,template_selected_projection,1,2,0.03564219058941268,0.0014196938437479084,0.03564219058941268,0.05777918026796949,0.07002348848289018,0.1104187994538517,0,213,213
hcp83,16,heat_raw18,template_selected_projection,1,3,0.031453638158308296,0.001113218610026155,0.031453638158308296,0.05025459705166818,0.07124295119156807,0.1063174115114777,0,213,213
hcp83,16,heat_raw18,template_selected_projection,2,1,0.031049352043733238,0.001104592719684947,0.031049352043733238,0.047034345878683,0.07766371217125857,0.1138885100731994,0,211,211
hcp83,16,heat_raw18,template_selected_projection,2,2,0.035928057133998895,0.0014726173480945602,0.035928057133998895,0.0577374065687283,0.08040400727983954,0.1265828440791675,0,211,211
hcp83,16,heat_raw18,template_selected_projection,2,3,0.031698597379525295,0.001146937457456454,0.031698597379525295,0.0511420307324296,0.07447670829206493,0.1106810711088319,0,211,211
hcp83,16,heat_raw18,template_selected_projection,3,1,0.031096315607471354,0.0010952891255939573,0.031096315607471354,0.052710288782638115,0.07313529529415079,0.1022152485302933,0,213,213
hcp83,16,heat_raw18,template_selected_projection,3,2,0.03558537902819888,0.001450295323704772,0.03558537902819888,0.0614932812510866,0.08386962010180457,0.1222401152603723,0,213,213
hcp83,16,heat_raw18,template_selected_projection,3,3,0.03159904475220946,0.001123157678888998,0.03159904475220946,0.05389592718618302,0.06909647409829332,0.1009127514699871,0,213,213
hcp83,16,heat_raw18,template_selected_projection,4,1,0.029962152010830325,0.0009711570645801276,0.029962152010830325,0.044699364720069704,0.05764215685652229,0.0743336799268828,0,213,213
hcp83,16,heat_raw18,template_selected_projection,4,2,0.03492269547552548,0.0013537232494138741,0.03492269547552548,0.05496309056118243,0.06999354821236323,0.0954715018433633,0,213,213
hcp83,16,heat_raw18,template_selected_projection,4,3,0.03090162506225883,0.0010491589404820647,0.03090162506225883,0.04805930374277616,0.06359212976864993,0.0892285590127115,0,213,213
hcp83,16,heat_raw18,template_selected_projection,5,1,0.03036638717128331,0.0010136544569390531,0.03036638717128331,0.0486095917043023,0.05875887135975658,0.0803566365589134,0,213,213
hcp83,16,heat_raw18,template_selected_projection,5,2,0.035082883978940146,0.0013739449140191336,0.035082883978940146,0.05866469324882554,0.07525865419108799,0.1001227430160107,0,213,213
hcp83,16,heat_raw18,template_selected_projection,5,3,0.03143301992616398,0.0010991860214339324,0.03143301992616398,0.05143195878993031,0.0667515372022911,0.0886131345518497,0,213,213
hcp83,16,heat_raw18,template_selected_robust,1,1,0.029231006044620166,0.0009337330497258936,0.029231006044620166,0.04639235921026246,0.05634391567310971,0.0851936315158352,0,213,213
hcp83,16,heat_raw18,template_selected_robust,1,2,0.03405790749678439,0.0013065284710839932,0.03405790749678439,0.05691416804610064,0.07175176453148123,0.1050859752046635,0,213,213
hcp83,16,heat_raw18,template_selected_robust,1,3,0.03000355563206813,0.0009979653252416402,0.03000355563206813,0.048664456868091406,0.06097330085737173,0.0903612438108378,0,213,213
hcp83,16,heat_raw18,template_selected_robust,2,1,0.0291099089589993,0.0009380816586111863,0.0291099089589993,0.0450454585079692,0.058222518299489885,0.1004804632106056,0,211,211
hcp83,16,heat_raw18,template_selected_robust,2,2,0.033976298876234046,0.0013106023568840372,0.033976298876234046,0.054913127187130595,0.07776832189235032,0.1199976893930166,0,211,211
hcp83,16,heat_raw18,template_selected_robust,2,3,0.029760633634154994,0.0009846829638967141,0.029760633634154994,0.04654317381989615,0.06063562763098617,0.1013176298217066,0,211,211
hcp83,16,heat_raw18,template_selected_robust,3,1,0.02964870555875642,0.000985640123718301,0.02964870555875642,0.04986588270695491,0.06700319117462039,0.0843809121648808,0,213,213
hcp83,16,heat_raw18,template_selected_robust,3,2,0.033508788664432756,0.0012912259687190663,0.033508788664432756,0.06068503445240291,0.07812978501110306,0.1068592641392081,0,213,213
hcp83,16,heat_raw18,template_selected_robust,3,3,0.030277163012460744,0.0010193074111875733,0.030277163012460744,0.05076025453378261,0.06580820792065702,0.0861410935548728,0,213,213
hcp83,16,heat_raw18,template_selected_robust,4,1,0.02852084034924546,0.0008839607111378211,0.02852084034924546,0.042920446099335624,0.05961882336787497,0.0742870287461054,0,213,213
hcp83,16,heat_raw18,template_selected_robust,4,2,0.03297635346482876,0.0012258354737345928,0.03297635346482876,0.05256289088002496,0.07218933901138826,0.095491424081196,0,213,213
hcp83,16,heat_raw18,template_selected_robust,4,3,0.029531713544674057,0.0009604320586963502,0.029531713544674057,0.04550813540666935,0.0638720273306941,0.0833551797009842,0,213,213
hcp83,16,heat_raw18,template_selected_robust,5,1,0.02908389416973511,0.0009340874323563122,0.02908389416973511,0.04766803039263231,0.06104735758767117,0.0762208821287629,0,213,213
hcp83,16,heat_raw18,template_selected_robust,5,2,0.033765009621895554,0.0012775250575584988,0.033765009621895554,0.05473592914575784,0.07321907282128143,0.0944747211711553,0,213,213
hcp83,16,heat_raw18,template_selected_robust,5,3,0.03025422537276768,0.0010220631110822668,0.03025422537276768,0.050128778335754506,0.06625896979225478,0.0820693694436865,0,213,213
hcp83,16,qsf,atlas_random_aligned,1,1,0.023080516585816255,0.0005483565522505995,0.023080516585816255,0.029875832871394257,0.033239688068560404,0.0356287222902616,0,213,213
hcp83,16,qsf,atlas_random_aligned,1,2,0.02375006041417758,0.0005804912365706652,0.02375006041417758,0.031735499655630446,0.036273361716803884,0.0374597880148011,0,213,213
hcp83,16,qsf,atlas_random_aligned,1,3,0.022387682624095004,0.0005140022661417855,0.022387682624095004,0.029694827975875998,0.03188036082954116,0.0323573429007713,0,213,213
hcp83,16,qsf,atlas_random_aligned,2,1,0.022874933585425274,0.0005392122638650298,0.022874933585425274,0.03078143778170175,0.03384214694126377,0.0383145861704921,0,211,211
hcp83,16,qsf,atlas_random_aligned,2,2,0.02672009946213929,0.0007403436316984564,0.02672009946213929,0.03557312340539775,0.041143827449996666,0.0458183460280907,0,211,211
hcp83,16,qsf,atlas_random_aligned,2,3,0.023446237696594496,0.0005639553365760939,0.023446237696594496,0.0304081905003145,0.03451895627999312,0.0358449842831287,0,211,211
hcp83,16,qsf,atlas_random_aligned,3,1,0.02334810107366109,0.0005768082543759563,0.02334810107366109,0.029458255332123234,0.03677165597453844,0.0815543001034795,0,213,213
hcp83,16,qsf,atlas_random_aligned,3,2,0.024792672217445653,0.0006388274805919132,0.024792672217445653,0.03162335852186736,0.04043570963637921,0.0643823903091274,0,213,213
hcp83,16,qsf,atlas_random_aligned,3,3,0.02362968394560935,0.0005842723056487704,0.02362968394560935,0.03156517785410884,0.0374665327358956,0.0668021096811936,0,213,213
hcp83,16,qsf,atlas_random_aligned,4,1,0.023569073162479217,0.0005733062935875121,0.023569073162479217,0.03119038075333006,0.03609781442464106,0.0393530423667737,0,213,213
hcp83,16,qsf,atlas_random_aligned,4,2,0.026504272633598863,0.0007341209263159379,0.026504272633598863,0.036959900657148784,0.044094107743816675,0.0483021347954301,0,213,213
hcp83,16,qsf,atlas_random_aligned,4,3,0.02361489342785133,0.0005717974039601601,0.02361489342785133,0.030038784275193155,0.035161163390668895,0.0368341625665561,0,213,213
hcp83,16,qsf,atlas_random_aligned,5,1,0.02283320626060478,0.0005517255672107601,0.02283320626060478,0.030214919583610955,0.034046182245172196,0.0807102716467804,0,213,213
hcp83,16,qsf,atlas_random_aligned,5,2,0.023382593228822718,0.0005680680767068713,0.023382593228822718,0.0308355468134504,0.03421512747926909,0.0634051055211069,0,213,213
hcp83,16,qsf,atlas_random_aligned,5,3,0.02371567854063766,0.0005880486966975887,0.02371567854063766,0.031094760407085895,0.036542779021848035,0.0695849125122625,0,213,213
hcp83,16,qsf,atlas_random_mean,1,1,0.05757027747563375,0.004191696055470228,0.05757027747563375,0.09652195446537119,0.2039796739593863,0.2434485207866918,0,213,213
hcp83,16,qsf,atlas_random_mean,1,2,0.059885704644818336,0.004475503027018642,0.059885704644818336,0.1026619399788968,0.20415829276501996,0.2458358321241312,0,213,213
hcp83,16,qsf,atlas_random_mean,1,3,0.05667827619448714,0.004066282894965218,0.05667827619448714,0.09522688053298982,0.20550951499398004,0.2420466754100094,0,213,213
hcp83,16,qsf,atlas_random_mean,2,1,0.05868810298111249,0.004600413244381603,0.05868810298111249,0.099853386388527,0.2026819334156894,0.2807449993646399,0,211,211
hcp83,16,qsf,atlas_random_mean,2,2,0.061275249459560165,0.004899687409401773,0.061275249459560165,0.1057147946141575,0.20234510738112416,0.2770468131164135,0,211,211
hcp83,16,qsf,atlas_random_mean,2,3,0.0582480095359914,0.0045296070741846555,0.0582480095359914,0.10335033061440504,0.20163144972914562,0.2813853313317889,0,211,211
hcp83,16,qsf,atlas_random_mean,3,1,0.059010596550184896,0.004536610898766746,0.059010596550184896,0.1115024007411604,0.21218767990104723,0.2244853598043883,0,213,213
hcp83,16,qsf,atlas_random_mean,3,2,0.0617723917469683,0.004880567722263458,0.0617723917469683,0.11577843569937576,0.2114105712874028,0.2263485422875545,0,213,213
hcp83,16,qsf,atlas_random_mean,3,3,0.058611688171568345,0.0044883254361942,0.058611688171568345,0.1110990177212102,0.20958663609165973,0.2335626905593603,0,213,213
hcp83,16,qsf,atlas_random_mean,4,1,0.057201082354256014,0.003970552892472824,0.057201082354256014,0.1011963263796828,0.16288947381484825,0.2009549984165289,0,213,213
hcp83,16,qsf,atlas_random_mean,4,2,0.059598026976736496,0.004268916595148656,0.059598026976736496,0.10335322725419972,0.16793117748550482,0.2010416245763991,0,213,213
hcp83,16,qsf,atlas_random_mean,4,3,0.056805159685061044,0.003915035024494794,0.056805159685061044,0.1017157566150352,0.16265389039423472,0.2006926205128737,0,213,213
hcp83,16,qsf,atlas_random_mean,5,1,0.05772904464822362,0.003993205062474865,0.05772904464822362,0.09926358993730834,0.15970846712768627,0.2253149323304183,0,213,213
hcp83,16,qsf,atlas_random_mean,5,2,0.060577578945781634,0.004354304306967907,0.060577578945781634,0.10472532061896783,0.1650456592013251,0.2273526050285006,0,213,213
hcp83,16,qsf,atlas_random_mean,5,3,0.05763505653315198,0.003996293111874256,0.05763505653315198,0.09791141127331583,0.1600620625863941,0.2346386564586707,0,213,213
hcp83,16,qsf,atlas_selected_aligned,1,1,0.023121917338069443,0.0005504838181604921,0.023121917338069443,0.030354926826707603,0.03401188978354644,0.0359908048004558,0,213,213
hcp83,16,qsf,atlas_selected_aligned,1,2,0.023381573289352454,0.000561530754102462,0.023381573289352454,0.030090848840356624,0.0338637203183368,0.0358234695736227,0,213,213
hcp83,16,qsf,atlas_selected_aligned,1,3,0.02312578169114174,0.0005484493532669591,0.02312578169114174,0.029887842366808356,0.03330303540219715,0.0357433696639267,0,213,213
hcp83,16,qsf,atlas_selected_aligned,2,1,0.02307215450670618,0.000547596107045954,0.02307215450670618,0.030306567734425,0.0327546231456068,0.0385845029905574,0,211,211
hcp83,16,qsf,atlas_selected_aligned,2,2,0.023851708694845247,0.0005827886392497886,0.023851708694845247,0.0304704301067037,0.0338335287062328,0.0353702697598225,0,211,211
hcp83,16,qsf,atlas_selected_aligned,2,3,0.023087868342253202,0.0005451252554418138,0.023087868342253202,0.02950587407155135,0.032989547699840596,0.0339199907561892,0,211,211
hcp83,16,qsf,atlas_selected_aligned,3,1,0.023289132014074954,0.000571964696257316,0.023289132014074954,0.02936435694714888,0.03945381169962432,0.0749754360723929,0,213,213
hcp83,16,qsf,atlas_selected_aligned,3,2,0.023911756524890575,0.0005895843958882842,0.023911756524890575,0.030282152048770935,0.03397990423379481,0.0568330815341401,0,213,213
hcp83,16,qsf,atlas_selected_aligned,3,3,0.02329045397490859,0.0005691352014488835,0.02329045397490859,0.029550032309731078,0.03780658362119779,0.0737189188639837,0,213,213
hcp83,16,qsf,atlas_selected_aligned,4,1,0.02371427430601984,0.0005813438517590952,0.02371427430601984,0.032218947198039645,0.036648832756218365,0.0395941597388247,0,213,213
hcp83,16,qsf,atlas_selected_aligned,4,2,0.024617060627044315,0.0006234767985544864,0.024617060627044315,0.031906455086415375,0.03542739086372773,0.0425978532402228,0,213,213
hcp83,16,qsf,atlas_selected_aligned,4,3,0.02335476277736932,0.0005597452255641479,0.02335476277736932,0.030597497269271884,0.034117709522345274,0.0378683716334627,0,213,213
hcp83,16,qsf,atlas_selected_aligned,5,1,0.023059421612102022,0.0005601722133206094,0.023059421612102022,0.030027964091194643,0.03570215192766569,0.0752253313395684,0,213,213
hcp83,16,qsf,atlas_selected_aligned,5,2,0.023543179490678662,0.0005728750911148235,0.023543179490678662,0.03020825230068784,0.03490171080466901,0.0575224693122473,0,213,213
hcp83,16,qsf,atlas_selected_aligned,5,3,0.02277489156506067,0.0005420475684673098,0.02277489156506067,0.028669582586898893,0.0356867289967066,0.072012097190057,0,213,213
hcp83,16,qsf,atlas_selected_mean,1,1,0.05757027747563375,0.004191696055470228,0.05757027747563375,0.09652195446537119,0.2039796739593863,0.2434485207866918,0,213,213
hcp83,16,qsf,atlas_selected_mean,1,2,0.059885704644818336,0.004475503027018642,0.059885704644818336,0.1026619399788968,0.20415829276501996,0.2458358321241312,0,213,213
hcp83,16,qsf,atlas_selected_mean,1,3,0.05667827619448714,0.004066282894965218,0.05667827619448714,0.09522688053298982,0.20550951499398004,0.2420466754100094,0,213,213
hcp83,16,qsf,atlas_selected_mean,2,1,0.05868810298111249,0.004600413244381603,0.05868810298111249,0.099853386388527,0.2026819334156894,0.2807449993646399,0,211,211
hcp83,16,qsf,atlas_selected_mean,2,2,0.061275249459560165,0.004899687409401773,0.061275249459560165,0.1057147946141575,0.20234510738112416,0.2770468131164135,0,211,211
hcp83,16,qsf,atlas_selected_mean,2,3,0.0582480095359914,0.0045296070741846555,0.0582480095359914,0.10335033061440504,0.20163144972914562,0.2813853313317889,0,211,211
hcp83,16,qsf,atlas_selected_mean,3,1,0.059010596550184896,0.004536610898766746,0.059010596550184896,0.1115024007411604,0.21218767990104723,0.2244853598043883,0,213,213
hcp83,16,qsf,atlas_selected_mean,3,2,0.0617723917469683,0.004880567722263458,0.0617723917469683,0.11577843569937576,0.2114105712874028,0.2263485422875545,0,213,213
hcp83,16,qsf,atlas_selected_mean,3,3,0.058611688171568345,0.0044883254361942,0.058611688171568345,0.1110990177212102,0.20958663609165973,0.2335626905593603,0,213,213
hcp83,16,qsf,atlas_selected_mean,4,1,0.057201082354256014,0.003970552892472824,0.057201082354256014,0.1011963263796828,0.16288947381484825,0.2009549984165289,0,213,213
hcp83,16,qsf,atlas_selected_mean,4,2,0.059598026976736496,0.004268916595148656,0.059598026976736496,0.10335322725419972,0.16793117748550482,0.2010416245763991,0,213,213
hcp83,16,qsf,atlas_selected_mean,4,3,0.056805159685061044,0.003915035024494794,0.056805159685061044,0.1017157566150352,0.16265389039423472,0.2006926205128737,0,213,213
hcp83,16,qsf,atlas_selected_mean,5,1,0.05772904464822362,0.003993205062474865,0.05772904464822362,0.09926358993730834,0.15970846712768627,0.2253149323304183,0,213,213
hcp83,16,qsf,atlas_selected_mean,5,2,0.060577578945781634,0.004354304306967907,0.060577578945781634,0.10472532061896783,0.1650456592013251,0.2273526050285006,0,213,213
hcp83,16,qsf,atlas_selected_mean,5,3,0.05763505653315198,0.003996293111874256,0.05763505653315198,0.09791141127331583,0.1600620625863941,0.2346386564586707,0,213,213
hcp83,16,qsf,floor_random_robust,1,1,0.10454403790948184,0.011150739042125515,0.10454403790948184,0.13035000044484674,0.1510315594965135,0.1573571040720316,0,213,213
hcp83,16,qsf,floor_random_robust,1,2,0.1447551019209111,0.021056836458304678,0.1447551019209111,0.160673642796693,0.17626540034420088,0.1813966120320844,0,213,213
hcp83,16,qsf,floor_random_robust,1,3,0.11494695423636223,0.01335490077029732,0.11494695423636223,0.13798402099395674,0.15438777862992667,0.1572190963716914,0,213,213
hcp83,16,qsf,floor_random_robust,2,1,0.10992844712426103,0.01240778065892696,0.10992844712426103,0.14760543838569565,0.16573891572140848,0.1756176051778321,0,211,211
hcp83,16,qsf,floor_random_robust,2,2,0.15368331991149933,0.02380821890960688,0.15368331991149933,0.1727012949963888,0.20747397622751265,0.2474923907095974,0,211,211
hcp83,16,qsf,floor_random_robust,2,3,0.11577267363834567,0.013555626514728645,0.11577267363834567,0.1418479482646866,0.1467824515325471,0.1624650766067849,0,211,211
hcp83,16,qsf,floor_random_robust,3,1,0.09917157028861409,0.01028115414654275,0.09917157028861409,0.13225330921998277,0.15285450357435096,0.2932586319000875,0,213,213
hcp83,16,qsf,floor_random_robust,3,2,0.14489228611960187,0.02115991768514198,0.14489228611960187,0.1683311675986684,0.1826054841346919,0.2284157491954033,0,213,213
hcp83,16,qsf,floor_random_robust,3,3,0.11587804550266728,0.013706643018501077,0.11587804550266728,0.14031927101746178,0.18841100460552235,0.2267499902113899,0,213,213
hcp83,16,qsf,floor_random_robust,4,1,0.11625761643445424,0.01378205798446066,0.11625761643445424,0.14389400470050262,0.17021259704365363,0.1754816095868864,0,213,213
hcp83,16,qsf,floor_random_robust,4,2,0.14989935793375686,0.022618899229987516,0.14989935793375686,0.16954890589261298,0.19210143006124777,0.2173748181536831,0,213,213
hcp83,16,qsf,floor_random_robust,4,3,0.11967460829190056,0.014467543443367935,0.11967460829190056,0.1422172034779213,0.1581338021180942,0.1627481895574607,0,213,213
hcp83,16,qsf,floor_random_robust,5,1,0.10715348472489507,0.012096451525227817,0.10715348472489507,0.13799233003964467,0.18073340155169507,0.3129285371695482,0,213,213
hcp83,16,qsf,floor_random_robust,5,2,0.1486015141720818,0.022232470158210605,0.1486015141720818,0.1718719767457456,0.18481582022016896,0.1896380927115805,0,213,213
hcp83,16,qsf,floor_random_robust,5,3,0.1150330830578497,0.013398975753123958,0.1150330830578497,0.1374687886752492,0.15442010757639293,0.1898362030504551,0,213,213
hcp83,16,qsf,ordinary_selected,1,1,0.09225648775246842,0.008757120716778291,0.09225648775246842,0.11792777194462545,0.1535935038731284,0.1623117962417796,0,213,213
hcp83,16,qsf,ordinary_selected,1,2,0.1346685320700316,0.018246258939806675,0.1346685320700316,0.1552544907187873,0.16917138685590147,0.187051473479521,0,213,213
hcp83,16,qsf,ordinary_selected,1,3,0.10804659010983944,0.01182409348152029,0.10804659010983944,0.13135956209188443,0.15179509775856923,0.1693793680420769,0,213,213
hcp83,16,qsf,ordinary_selected,2,1,0.09431744637853623,0.009162802176054837,0.09431744637853623,0.12651041958598325,0.154354738050044,0.164004942329595,0,211,211
hcp83,16,qsf,ordinary_selected,2,2,0.13369360605199307,0.017994505003979276,0.13369360605199307,0.15468284889970174,0.16553871404364515,0.1762953512097363,0,211,211
hcp83,16,qsf,ordinary_selected,2,3,0.10786145301923833,0.011866647248035758,0.10786145301923833,0.1336154542124227,0.17169321169772972,0.1850145179360107,0,211,211
hcp83,16,qsf,ordinary_selected,3,1,0.09428735127555185,0.009204352199175318,0.09428735127555185,0.13012797094542086,0.15258769210779086,0.1787680152240344,0,213,213
hcp83,16,qsf,ordinary_selected,3,2,0.13630783763843338,0.01873735085062719,0.13630783763843338,0.1594477294614561,0.1755845663068593,0.184676198221434,0,213,213
hcp83,16,qsf,ordinary_selected,3,3,0.1100448282190864,0.012341274242834882,0.1100448282190864,0.1367757290393774,0.1638887837049661,0.1853371027456319,0,213,213
hcp83,16,qsf,ordinary_selected,4,1,0.09186108616671636,0.008687834180632528,0.09186108616671636,0.11832583840789337,0.13315475626761966,0.1638292529699228,0,213,213
hcp83,16,qsf,ordinary_selected,4,2,0.13417900877871064,0.01810285169660031,0.13417900877871064,0.15413961972748033,0.16130330029828446,0.1635399934504035,0,213,213
hcp83,16,qsf,ordinary_selected,4,3,0.10943147033612716,0.012121134331041639,0.10943147033612716,0.13114511521048958,0.14144908731132835,0.1559773735362738,0,213,213
hcp83,16,qsf,ordinary_selected,5,1,0.0914067143222173,0.00859207508096285,0.0914067143222173,0.11585581941673617,0.13565669487637402,0.1618934802832143,0,213,213
hcp83,16,qsf,ordinary_selected,5,2,0.13576213171041557,0.018568600998412503,0.13576213171041557,0.15607075965727976,0.17664075844508573,0.1831504580707855,0,213,213
hcp83,16,qsf,ordinary_selected,5,3,0.10802241696791808,0.011838278066842851,0.10802241696791808,0.13113098571894477,0.14279214113846575,0.193362038183982,0,213,213
hcp83,16,qsf,random_bounded_residual,1,1,0.09989184439461535,0.010205456804413687,0.09989184439461535,0.1255683303087757,0.14938932792437348,0.1609022659318431,0,213,213
hcp83,16,qsf,random_bounded_residual,1,2,0.1412644605139751,0.020052171799220295,0.1412644605139751,0.15733466080040037,0.17157085825808205,0.175144350049276,0,213,213
hcp83,16,qsf,random_bounded_residual,1,3,0.10806500882743403,0.011832155397425955,0.10806500882743403,0.13163527911832482,0.14735885711649843,0.1690602098367641,0,213,213
hcp83,16,qsf,random_bounded_residual,2,1,0.10251719504069862,0.010853494141598696,0.10251719504069862,0.13757190129034835,0.1540358313045273,0.1737007415643463,0,211,211
hcp83,16,qsf,random_bounded_residual,2,2,0.14962918779411455,0.022546082554802928,0.14962918779411455,0.17027710683208075,0.19451423511959992,0.2112564691047569,0,211,211
hcp83,16,qsf,random_bounded_residual,2,3,0.10943136258669715,0.012151086562461966,0.10943136258669715,0.13869305481697386,0.1518382770889834,0.1555326413752573,0,211,211
hcp83,16,qsf,random_bounded_residual,3,1,0.09347047498233604,0.009017251113403027,0.09347047498233604,0.1272019695019603,0.1523177997111138,0.1607237418547055,0,213,213
hcp83,16,qsf,random_bounded_residual,3,2,0.14166556378389752,0.02021626169681529,0.14166556378389752,0.16168776215469255,0.1809526346664444,0.2157087414870395,0,213,213
hcp83,16,qsf,random_bounded_residual,3,3,0.11042507953412233,0.01241790846569791,0.11042507953412233,0.13622934671604262,0.1714401633849122,0.1885116925891981,0,213,213
hcp83,16,qsf,random_bounded_residual,4,1,0.10786412155196734,0.011938959778303813,0.10786412155196734,0.13870611860383156,0.16053127305823586,0.1794104002392524,0,213,213
hcp83,16,qsf,random_bounded_residual,4,2,0.1460690871030404,0.02146207557498214,0.1460690871030404,0.1671645288195629,0.17992906360686436,0.1905896036110833,0,213,213
hcp83,16,qsf,random_bounded_residual,4,3,0.1122566947218838,0.012750109770700152,0.1122566947218838,0.1358987610581991,0.1519700517100174,0.1596595856737979,0,213,213
hcp83,16,qsf,random_bounded_residual,5,1,0.10071103211248796,0.010467271609780105,0.10071103211248796,0.1317661303430531,0.14892045378642052,0.1697733520353673,0,213,213
hcp83,16,qsf,random_bounded_residual,5,2,0.14419081454009935,0.02096894703006863,0.14419081454009935,0.17027271207505099,0.17738197186585772,0.1946664062491459,0,213,213
hcp83,16,qsf,random_bounded_residual,5,3,0.10852654892715159,0.01193893140227255,0.10852654892715159,0.13220308205711184,0.15230169202448846,0.1838581121096259,0,213,213
hcp83,16,qsf,random_ordinary,1,1,0.10282681813025828,0.01084760871845338,0.10282681813025828,0.132607323120819,0.15650697094925692,0.1729405808261184,0,213,213
hcp83,16,qsf,random_ordinary,1,2,0.14378574511470116,0.020805872920601428,0.14378574511470116,0.16468706448229037,0.18179456946707917,0.189448668992515,0,213,213
hcp83,16,qsf,random_ordinary,1,3,0.11082191687162683,0.012458280573206982,0.11082191687162683,0.135767008423994,0.15864744979914225,0.1681033530770953,0,213,213
hcp83,16,qsf,random_ordinary,2,1,0.10724308692426902,0.011901251920975298,0.10724308692426902,0.14849321854763403,0.16489022546605836,0.182575615837545,0,211,211
hcp83,16,qsf,random_ordinary,2,2,0.1529510939884601,0.02358744062399482,0.1529510939884601,0.1774092618677725,0.19631321359239315,0.2274533179963921,0,211,211
hcp83,16,qsf,random_ordinary,2,3,0.11147395115734123,0.012628682624926196,0.11147395115734123,0.14423782824235953,0.15341913562492662,0.1578297637061532,0,211,211
hcp83,16,qsf,random_ordinary,3,1,0.09690138300238833,0.00973040797384978,0.09690138300238833,0.13296452955507088,0.1543643170117758,0.1734126694184172,0,213,213
hcp83,16,qsf,random_ordinary,3,2,0.1450895083599649,0.021246722209430347,0.1450895083599649,0.17204749496429764,0.19144620017279093,0.2076976396373221,0,213,213
hcp83,16,qsf,random_ordinary,3,3,0.11311965059513839,0.013045354004052148,0.11311965059513839,0.14261561973456774,0.18159157264119843,0.1898740277769531,0,213,213
hcp83,16,qsf,random_ordinary,4,1,0.11271182384768459,0.013057599053557032,0.11271182384768459,0.1449820163996167,0.16376171917591623,0.1999794472871195,0,213,213
hcp83,16,qsf,random_ordinary,4,2,0.14928967906359253,0.022433465236154842,0.14928967906359253,0.17179589523607106,0.1830169014312499,0.1921391636949386,0,213,213
hcp83,16,qsf,random_ordinary,4,3,0.11563861519615284,0.013543042437563723,0.11563861519615284,0.13913405512039198,0.15894375673448632,0.1657591054342508,0,213,213
hcp83,16,qsf,random_ordinary,5,1,0.10553015069828722,0.01151814769290168,0.10553015069828722,0.14069549883212534,0.1489204008977139,0.1900895001048142,0,213,213
hcp83,16,qsf,random_ordinary,5,2,0.1467950433899573,0.021744968905921615,0.1467950433899573,0.17568813096924704,0.18483788477338012,0.1988689592260768,0,213,213
hcp83,16,qsf,random_ordinary,5,3,0.11062764911611321,0.012419442592490636,0.11062764911611321,0.13375544849927865,0.1549923587135254,0.1944668176026217,0,213,213
hcp83,16,qsf,random_projection,1,1,0.10282681813025828,0.01084760871845338,0.10282681813025828,0.132607323120819,0.15650697094925692,0.1729405808261184,0,213,213
hcp83,16,qsf,random_projection,1,2,0.14378574511470116,0.020805872920601428,0.14378574511470116,0.16468706448229037,0.18179456946707917,0.189448668992515,0,213,213
hcp83,16,qsf,random_projection,1,3,0.11082191687162683,0.012458280573206984,0.11082191687162683,0.135767008423994,0.15864744979914225,0.1681033530770953,0,213,213
hcp83,16,qsf,random_projection,2,1,0.1069324091733544,0.011798042765334865,0.1069324091733544,0.14514232337473287,0.16089391459266392,0.178957441250532,0,211,211
hcp83,16,qsf,random_projection,2,2,0.15292716172238732,0.02357972105998294,0.15292716172238732,0.1774174548820023,0.1961316672306732,0.2270684819016823,0,211,211
hcp83,16,qsf,random_projection,2,3,0.1112506160717134,0.012567892553937927,0.1112506160717134,0.1421903262845854,0.15077514004425174,0.1571057967406705,0,211,211
hcp83,16,qsf,random_projection,3,1,0.09690138300238833,0.00973040797384978,0.09690138300238833,0.13296452955507088,0.1543643170117758,0.1734126694184172,0,213,213
hcp83,16,qsf,random_projection,3,2,0.145074750513146,0.021242030071008774,0.145074750513146,0.17204749496429764,0.19144620017279093,0.2076976396373221,0,213,213
hcp83,16,qsf,random_projection,3,3,0.11311965059513839,0.013045354004052148,0.11311965059513839,0.14261561973456774,0.18159157264119843,0.1898740277769531,0,213,213
hcp83,16,qsf,random_projection,4,1,0.11201445143376496,0.012874999626961944,0.11201445143376496,0.14459033439540794,0.16315242622209206,0.1883586653210031,0,213,213
hcp83,16,qsf,random_projection,4,2,0.149281626824591,0.022431060741608364,0.149281626824591,0.17179589523607106,0.1830169014312499,0.1921391636949386,0,213,213
hcp83,16,qsf,random_projection,4,3,0.11460484886487139,0.013298124368892114,0.11460484886487139,0.13836289827544287,0.15791717904692235,0.165785982201182,0,213,213
hcp83,16,qsf,random_projection,5,1,0.10553015069828722,0.01151814769290168,0.10553015069828722,0.14069549883212534,0.1489204008977139,0.1900895001048142,0,213,213
hcp83,16,qsf,random_projection,5,2,0.14637879910599744,0.0215878182589621,0.14637879910599744,0.1707936756036899,0.18042365218302797,0.1871555199198435,0,213,213
hcp83,16,qsf,random_projection,5,3,0.11062764911611321,0.012419442592490636,0.11062764911611321,0.13375544849927865,0.1549923587135254,0.1944668176026217,0,213,213
hcp83,16,qsf,random_robust,1,1,0.09989184439461535,0.010205456804413687,0.09989184439461535,0.1255683303087757,0.14938932792437348,0.1609022659318431,0,213,213
hcp83,16,qsf,random_robust,1,2,0.1412644605139751,0.020052171799220295,0.1412644605139751,0.15733466080040037,0.17157085825808205,0.175144350049276,0,213,213
hcp83,16,qsf,random_robust,1,3,0.10806500882743403,0.011832155397425955,0.10806500882743403,0.13163527911832482,0.14735885711649843,0.1690602098367641,0,213,213
hcp83,16,qsf,random_robust,2,1,0.10251719504069862,0.010853494141598696,0.10251719504069862,0.13757190129034835,0.1540358313045273,0.1737007415643463,0,211,211
hcp83,16,qsf,random_robust,2,2,0.14962918779411455,0.022546082554802928,0.14962918779411455,0.17027710683208075,0.19451423511959992,0.2112564691047569,0,211,211
hcp83,16,qsf,random_robust,2,3,0.10943136258669715,0.012151086562461966,0.10943136258669715,0.13869305481697386,0.1518382770889834,0.1555326413752573,0,211,211
hcp83,16,qsf,random_robust,3,1,0.09347047498233604,0.009017251113403027,0.09347047498233604,0.1272019695019603,0.1523177997111138,0.1607237418547055,0,213,213
hcp83,16,qsf,random_robust,3,2,0.14166556378389752,0.02021626169681529,0.14166556378389752,0.16168776215469255,0.1809526346664444,0.2157087414870395,0,213,213
hcp83,16,qsf,random_robust,3,3,0.11042507953412233,0.01241790846569791,0.11042507953412233,0.13622934671604262,0.1714401633849122,0.1885116925891981,0,213,213
hcp83,16,qsf,random_robust,4,1,0.10786412155196734,0.011938959778303813,0.10786412155196734,0.13870611860383156,0.16053127305823586,0.1794104002392524,0,213,213
hcp83,16,qsf,random_robust,4,2,0.1460690871030404,0.02146207557498214,0.1460690871030404,0.1671645288195629,0.17992906360686436,0.1905896036110833,0,213,213
hcp83,16,qsf,random_robust,4,3,0.1122566947218838,0.012750109770700152,0.1122566947218838,0.1358987610581991,0.1519700517100174,0.1596595856737979,0,213,213
hcp83,16,qsf,random_robust,5,1,0.10071103211248796,0.010467271609780105,0.10071103211248796,0.1317661303430531,0.14892045378642052,0.1697733520353673,0,213,213
hcp83,16,qsf,random_robust,5,2,0.14419081454009935,0.02096894703006863,0.14419081454009935,0.17027271207505099,0.17738197186585772,0.1946664062491459,0,213,213
hcp83,16,qsf,random_robust,5,3,0.10852654892715159,0.01193893140227255,0.10852654892715159,0.13220308205711184,0.15230169202448846,0.1838581121096259,0,213,213
hcp83,16,qsf,selected_bounded_residual,1,1,0.08922738014951268,0.00815701267094495,0.08922738014951268,0.11251431787710123,0.1406540266232935,0.1517669469418814,0,213,213
hcp83,16,qsf,selected_bounded_residual,1,2,0.13418491596854398,0.018087424877135525,0.13418491596854398,0.15016684791212587,0.15890490455049708,0.16451222575487,0,213,213
hcp83,16,qsf,selected_bounded_residual,1,3,0.10631760430556057,0.011434431870971498,0.10631760430556057,0.12629386913665197,0.14590538028596575,0.1616704132318976,0,213,213
hcp83,16,qsf,selected_bounded_residual,2,1,0.09142341381510627,0.00858395007248026,0.09142341381510627,0.11922168374259304,0.14657380614262996,0.1534198367317012,0,211,211
hcp83,16,qsf,selected_bounded_residual,2,2,0.13154194846273337,0.01740059615322602,0.13154194846273337,0.14775736479268875,0.1588347376601225,0.1646566256311692,0,211,211
hcp83,16,qsf,selected_bounded_residual,2,3,0.106762551048317,0.011545137949600924,0.106762551048317,0.13165909824747601,0.1417358572498311,0.1475519665081827,0,211,211
hcp83,16,qsf,selected_bounded_residual,3,1,0.09124310791052828,0.008582453477989253,0.09124310791052828,0.12056993862454073,0.14957556838553693,0.158397658971808,0,213,213
hcp83,16,qsf,selected_bounded_residual,3,2,0.13328307248971155,0.017885329367223594,0.13328307248971155,0.1536102725047711,0.16553099268088947,0.1848361610683213,0,213,213
hcp83,16,qsf,selected_bounded_residual,3,3,0.10782506596688751,0.011832334595014895,0.10782506596688751,0.1280660372713313,0.15784215682100106,0.1873778867347748,0,213,213
hcp83,16,qsf,selected_bounded_residual,4,1,0.08827735129396165,0.008002421323443119,0.08827735129396165,0.11719725551454326,0.12928670364499506,0.1387632598996881,0,213,213
hcp83,16,qsf,selected_bounded_residual,4,2,0.13220886283878083,0.0175660249371834,0.13220886283878083,0.14826206628407798,0.15849099177725937,0.1674085602214939,0,213,213
hcp83,16,qsf,selected_bounded_residual,4,3,0.10726887868322506,0.011633750986800034,0.10726887868322506,0.12897401648204884,0.13768261948969493,0.1466725584462621,0,213,213
hcp83,16,qsf,selected_bounded_residual,5,1,0.08763520301233309,0.007899459973327425,0.08763520301233309,0.11400459487395054,0.13555112072490444,0.1459004576450632,0,213,213
hcp83,16,qsf,selected_bounded_residual,5,2,0.1331908607227821,0.017860184109694206,0.1331908607227821,0.15350225632413503,0.16372498168959462,0.185282651178966,0,213,213
hcp83,16,qsf,selected_bounded_residual,5,3,0.10569574643699664,0.011321273879135701,0.10569574643699664,0.12745002833348898,0.14161935821819632,0.1890374151039496,0,213,213
hcp83,16,qsf,selected_projection,1,1,0.09225648775246842,0.008757120716778291,0.09225648775246842,0.11792777194462545,0.1535935038731284,0.1623117962417796,0,213,213
hcp83,16,qsf,selected_projection,1,2,0.1363453880236349,0.018695549826036776,0.1363453880236349,0.1563695587164424,0.16522620024126375,0.1658894496782498,0,213,213
hcp83,16,qsf,selected_projection,1,3,0.10804659010983941,0.01182409348152029,0.10804659010983941,0.13135956209188443,0.15179509775856923,0.1693793680420769,0,213,213
hcp83,16,qsf,selected_projection,2,1,0.09431744637853623,0.009162802176054837,0.09431744637853623,0.12651041958598325,0.154354738050044,0.164004942329595,0,211,211
hcp83,16,qsf,selected_projection,2,2,0.13366277847750524,0.01798752369817108,0.13366277847750524,0.1545782142067052,0.16575946647180295,0.173238078405739,0,211,211
hcp83,16,qsf,selected_projection,2,3,0.10895869951127188,0.01204439464218609,0.10895869951127188,0.13551092950557342,0.14872237050235193,0.1577691996314669,0,211,211
hcp83,16,qsf,selected_projection,3,1,0.09428735127555185,0.00920435219917532,0.09428735127555185,0.13012797094542086,0.15258769210779086,0.1787680152240344,0,213,213
hcp83,16,qsf,selected_projection,3,2,0.13613389065833947,0.018687357986191033,0.13613389065833947,0.15904168949926029,0.17561455912717472,0.184676198221434,0,213,213
hcp83,16,qsf,selected_projection,3,3,0.10993445211938559,0.012316384606280765,0.10993445211938559,0.1367757290393774,0.1628850575540179,0.1853371027456319,0,213,213
hcp83,16,qsf,selected_projection,4,1,0.09186108616671636,0.008687834180632528,0.09186108616671636,0.11832583840789337,0.13315475626761966,0.1638292529699228,0,213,213
hcp83,16,qsf,selected_projection,4,2,0.13417900877871064,0.01810285169660031,0.13417900877871064,0.15413961972748033,0.16130330029828446,0.1635399934504035,0,213,213
hcp83,16,qsf,selected_projection,4,3,0.10936791533777435,0.012105701647444105,0.10936791533777435,0.1310116540804019,0.14081876610706437,0.1559665792602928,0,213,213
hcp83,16,qsf,selected_projection,5,1,0.0914067143222173,0.00859207508096285,0.0914067143222173,0.11585581941673617,0.13565669487637402,0.1618934802832143,0,213,213
hcp83,16,qsf,selected_projection,5,2,0.13561555004555462,0.01852561859494083,0.13561555004555462,0.15775557454372827,0.1649291375374251,0.1831504580707855,0,213,213
hcp83,16,qsf,selected_projection,5,3,0.10787308565314839,0.011802827295675326,0.10787308565314839,0.13085315638837464,0.14244177794137214,0.1901203469961351,0,213,213
hcp83,16,qsf,selected_robust,1,1,0.08922738014951268,0.00815701267094495,0.08922738014951268,0.11251431787710123,0.1406540266232935,0.1517669469418814,0,213,213
hcp83,16,qsf,selected_robust,1,2,0.13418491596854398,0.018087424877135525,0.13418491596854398,0.15016684791212587,0.15890490455049708,0.16451222575487,0,213,213
hcp83,16,qsf,selected_robust,1,3,0.10631760430556057,0.011434431870971498,0.10631760430556057,0.12629386913665197,0.14590538028596575,0.1616704132318976,0,213,213
hcp83,16,qsf,selected_robust,2,1,0.09142341381510627,0.00858395007248026,0.09142341381510627,0.11922168374259304,0.14657380614262996,0.1534198367317012,0,211,211
hcp83,16,qsf,selected_robust,2,2,0.13154194846273337,0.01740059615322602,0.13154194846273337,0.14775736479268875,0.1588347376601225,0.1646566256311692,0,211,211
hcp83,16,qsf,selected_robust,2,3,0.106762551048317,0.011545137949600924,0.106762551048317,0.13165909824747601,0.1417358572498311,0.1475519665081827,0,211,211
hcp83,16,qsf,selected_robust,3,1,0.09124310791052828,0.008582453477989253,0.09124310791052828,0.12056993862454073,0.14957556838553693,0.158397658971808,0,213,213
hcp83,16,qsf,selected_robust,3,2,0.13328307248971155,0.017885329367223594,0.13328307248971155,0.1536102725047711,0.16553099268088947,0.1848361610683213,0,213,213
hcp83,16,qsf,selected_robust,3,3,0.10782506596688751,0.011832334595014895,0.10782506596688751,0.1280660372713313,0.15784215682100106,0.1873778867347748,0,213,213
hcp83,16,qsf,selected_robust,4,1,0.08827735129396165,0.008002421323443119,0.08827735129396165,0.11719725551454326,0.12928670364499506,0.1387632598996881,0,213,213
hcp83,16,qsf,selected_robust,4,2,0.13220886283878083,0.0175660249371834,0.13220886283878083,0.14826206628407798,0.15849099177725937,0.1674085602214939,0,213,213
hcp83,16,qsf,selected_robust,4,3,0.10726887868322506,0.011633750986800034,0.10726887868322506,0.12897401648204884,0.13768261948969493,0.1466725584462621,0,213,213
hcp83,16,qsf,selected_robust,5,1,0.08763520301233309,0.007899459973327425,0.08763520301233309,0.11400459487395054,0.13555112072490444,0.1459004576450632,0,213,213
hcp83,16,qsf,selected_robust,5,2,0.1331908607227821,0.017860184109694206,0.1331908607227821,0.15350225632413503,0.16372498168959462,0.185282651178966,0,213,213
hcp83,16,qsf,selected_robust,5,3,0.10569574643699664,0.011321273879135701,0.10569574643699664,0.12745002833348898,0.14161935821819632,0.1890374151039496,0,213,213
hcp83,16,qsf,selected_sources_ordinary,1,1,0.09225648775246842,0.008757120716778291,0.09225648775246842,0.11792777194462545,0.1535935038731284,0.1623117962417796,0,213,213
hcp83,16,qsf,selected_sources_ordinary,1,2,0.136565720419789,0.01876131063858247,0.136565720419789,0.15738156626261193,0.1657803668341695,0.1707942678399666,0,213,213
hcp83,16,qsf,selected_sources_ordinary,1,3,0.10804659010983944,0.01182409348152029,0.10804659010983944,0.13135956209188443,0.15179509775856923,0.1693793680420769,0,213,213
hcp83,16,qsf,selected_sources_ordinary,2,1,0.09431744637853623,0.009162802176054837,0.09431744637853623,0.12651041958598325,0.154354738050044,0.164004942329595,0,211,211
hcp83,16,qsf,selected_sources_ordinary,2,2,0.13369360605199307,0.017994505003979276,0.13369360605199307,0.15468284889970174,0.16553871404364515,0.1762953512097363,0,211,211
hcp83,16,qsf,selected_sources_ordinary,2,3,0.10912164224851996,0.012083076455762735,0.10912164224851996,0.13551092950557342,0.15001949889837987,0.1583253587034564,0,211,211
hcp83,16,qsf,selected_sources_ordinary,3,1,0.09428735127555185,0.009204352199175318,0.09428735127555185,0.13012797094542086,0.15258769210779086,0.1787680152240344,0,213,213
hcp83,16,qsf,selected_sources_ordinary,3,2,0.13630783763843338,0.01873735085062719,0.13630783763843338,0.1594477294614561,0.1755845663068593,0.184676198221434,0,213,213
hcp83,16,qsf,selected_sources_ordinary,3,3,0.1100448282190864,0.012341274242834882,0.1100448282190864,0.1367757290393774,0.1638887837049661,0.1853371027456319,0,213,213
hcp83,16,qsf,selected_sources_ordinary,4,1,0.09186108616671636,0.008687834180632528,0.09186108616671636,0.11832583840789337,0.13315475626761966,0.1638292529699228,0,213,213
hcp83,16,qsf,selected_sources_ordinary,4,2,0.13417900877871064,0.01810285169660031,0.13417900877871064,0.15413961972748033,0.16130330029828446,0.1635399934504035,0,213,213
hcp83,16,qsf,selected_sources_ordinary,4,3,0.10943147033612716,0.012121134331041639,0.10943147033612716,0.13114511521048958,0.14144908731132835,0.1559773735362738,0,213,213
hcp83,16,qsf,selected_sources_ordinary,5,1,0.0914067143222173,0.00859207508096285,0.0914067143222173,0.11585581941673617,0.13565669487637402,0.1618934802832143,0,213,213
hcp83,16,qsf,selected_sources_ordinary,5,2,0.13576213171041557,0.018568600998412503,0.13576213171041557,0.15607075965727976,0.17664075844508573,0.1831504580707855,0,213,213
hcp83,16,qsf,selected_sources_ordinary,5,3,0.10802241696791808,0.011838278066842851,0.10802241696791808,0.13113098571894477,0.14279214113846575,0.193362038183982,0,213,213
hcp83,16,qsf,spatial_robust,1,1,0.09847467039856649,0.009936457967970418,0.09847467039856649,0.12173612632581302,0.1495141923163324,0.1739695818052613,0,213,213
hcp83,16,qsf,spatial_robust,1,2,0.13139774537095486,0.017340768729804133,0.13139774537095486,0.1466259790302521,0.15428097944442862,0.1665318499386401,0,213,213
hcp83,16,qsf,spatial_robust,1,3,0.10840691905597206,0.011879118397716817,0.10840691905597206,0.1297406859748289,0.14825035019150226,0.1564235458788877,0,213,213
hcp83,16,qsf,spatial_robust,2,1,0.09094633898879805,0.008511845690818901,0.09094633898879805,0.1192920317256249,0.14785894323208706,0.1555108263260153,0,211,211
hcp83,16,qsf,spatial_robust,2,2,0.13032019845228296,0.017063112788129716,0.13032019845228296,0.14608725853271753,0.15230090806875263,0.1603239838094842,0,211,211
hcp83,16,qsf,spatial_robust,2,3,0.10857268539917937,0.01198561450648752,0.10857268539917937,0.13541016620713725,0.16165560142607432,0.1750920907532124,0,211,211
hcp83,16,qsf,spatial_robust,3,1,0.09118668599297591,0.008570913369237432,0.09118668599297591,0.11735780914295256,0.14806650402444255,0.1574380026689959,0,213,213
hcp83,16,qsf,spatial_robust,3,2,0.1316060531321932,0.01742816586607549,0.1316060531321932,0.1514240373153433,0.16475616029504875,0.1773620310437003,0,213,213
hcp83,16,qsf,spatial_robust,3,3,0.10936480902388987,0.012163444140276683,0.10936480902388987,0.13535323436993565,0.15593000044833014,0.1825668707775598,0,213,213
hcp83,16,qsf,spatial_robust,4,1,0.08996608413946057,0.008273676677519937,0.08996608413946057,0.11347389626766936,0.12771612411750158,0.1409253477725779,0,213,213
hcp83,16,qsf,spatial_robust,4,2,0.13109077128886193,0.01727954088830312,0.13109077128886193,0.14866202844669088,0.15620846542374694,0.1651788019517687,0,213,213
hcp83,16,qsf,spatial_robust,4,3,0.10886633552818321,0.011986356219988186,0.10886633552818321,0.13276474711766859,0.13826757082436403,0.1554225608553044,0,213,213
hcp83,16,qsf,spatial_robust,5,1,0.09125188425474058,0.008559569222118467,0.09125188425474058,0.11821623444255669,0.1313355131893759,0.1488099080607992,0,213,213
hcp83,16,qsf,spatial_robust,5,2,0.13133997932624777,0.017354489928106093,0.13133997932624777,0.15215217720651264,0.16443354151481523,0.1665566687871008,0,213,213
hcp83,16,qsf,spatial_robust,5,3,0.1080173008197614,0.011821000612174365,0.1080173008197614,0.13091875413655926,0.14055654353085759,0.1793245070136855,0,213,213
hcp83,16,qsf,template_random_bounded_residual,1,1,0.034798659360018455,0.001396146669634108,0.034798659360018455,0.060759464466290415,0.0745185365795509,0.1161431807942292,0,213,213
hcp83,16,qsf,template_random_bounded_residual,1,2,0.03612779616534794,0.001495274351225178,0.03612779616534794,0.06072968024899092,0.07851974133824129,0.1196701000151695,0,213,213
hcp83,16,qsf,template_random_bounded_residual,1,3,0.030359240725631734,0.0010225947937450089,0.030359240725631734,0.04932873972500009,0.059993337367953016,0.0895397204632113,0,213,213
hcp83,16,qsf,template_random_bounded_residual,2,1,0.030393069628045007,0.0010523878751736028,0.030393069628045007,0.0512451149199881,0.06526094382725604,0.1071994173191892,0,211,211
hcp83,16,qsf,template_random_bounded_residual,2,2,0.04061774090717366,0.00190879785466756,0.04061774090717366,0.07163032720802914,0.09555373738952105,0.139027933252939,0,211,211
hcp83,16,qsf,template_random_bounded_residual,2,3,0.031233956773695285,0.0010851664705325414,0.031233956773695285,0.0507721881948454,0.06476016098407805,0.1052023975942273,0,211,211
hcp83,16,qsf,template_random_bounded_residual,3,1,0.02854020656096125,0.0009156282003640249,0.02854020656096125,0.04638456330388491,0.06235437158541273,0.1035274189195633,0,213,213
hcp83,16,qsf,template_random_bounded_residual,3,2,0.03797033734168551,0.0017183418875665296,0.03797033734168551,0.07570698633091552,0.09548611324242358,0.1319939146016376,0,213,213
hcp83,16,qsf,template_random_bounded_residual,3,3,0.03227129060350382,0.0011851553128760489,0.03227129060350382,0.05768952371645005,0.07555641677455756,0.0952059817071195,0,213,213
hcp83,16,qsf,template_random_bounded_residual,4,1,0.03043413720501909,0.001028671757088424,0.03043413720501909,0.048969569092990495,0.06709826400832511,0.0827563154560305,0,213,213
hcp83,16,qsf,template_random_bounded_residual,4,2,0.03875588138075898,0.0017536202159354013,0.03875588138075898,0.06448353627098526,0.09348822722347501,0.1286546718947799,0,213,213
hcp83,16,qsf,template_random_bounded_residual,4,3,0.029016554944609918,0.0009125377111750506,0.029016554944609918,0.04475551745513766,0.05789884034786868,0.0772191168186179,0,213,213
hcp83,16,qsf,template_random_bounded_residual,5,1,0.03115082589637622,0.0011025052531060775,0.03115082589637622,0.052183806811084074,0.06707424386257714,0.1111758526566313,0,213,213
hcp83,16,qsf,template_random_bounded_residual,5,2,0.03590652799232549,0.0014831445077281972,0.03590652799232549,0.06400383584028066,0.08179755754410994,0.1072350738340519,0,213,213
hcp83,16,qsf,template_random_bounded_residual,5,3,0.03202993553821747,0.0011483682299282978,0.03202993553821747,0.05409761273486073,0.06863451843878655,0.0869269060041894,0,213,213
hcp83,16,qsf,template_random_projection,1,1,0.03625317464543363,0.0015088458951901796,0.03625317464543363,0.06245828487985382,0.07436645908553474,0.1181667819052757,0,213,213
hcp83,16,qsf,template_random_projection,1,2,0.03813433901788972,0.0016606459699240103,0.03813433901788972,0.06318114782796448,0.07906591339678211,0.1306798879631723,0,213,213
hcp83,16,qsf,template_random_projection,1,3,0.031155911618665166,0.0010819387749307465,0.031155911618665166,0.05178067715242605,0.06108470862949304,0.0958617014935893,0,213,213
hcp83,16,qsf,template_random_projection,2,1,0.03216129837671123,0.0011953235793819984,0.03216129837671123,0.05271785721767555,0.09649484947131984,0.1146643616128325,0,211,211
hcp83,16,qsf,template_random_projection,2,2,0.04228381444027995,0.0020665903856036893,0.04228381444027995,0.0729397427207535,0.10430211039175828,0.1304347321469373,0,211,211
hcp83,16,qsf,template_random_projection,2,3,0.03319428527238256,0.001237761444528322,0.03319428527238256,0.05341309356208835,0.07139185151089386,0.1054156153765324,0,211,211
hcp83,16,qsf,template_random_projection,3,1,0.029875317613127082,0.001013739550890543,0.029875317613127082,0.04990959585499939,0.0675889498817041,0.103314918639087,0,213,213
hcp83,16,qsf,template_random_projection,3,2,0.04040314448208582,0.0019192966276936336,0.04040314448208582,0.07727673436315516,0.09854085445642549,0.1327048801591388,0,213,213
hcp83,16,qsf,template_random_projection,3,3,0.03427867294918013,0.0013521117158482269,0.03427867294918013,0.061000563811199844,0.08128370458094065,0.112180248577946,0,213,213
hcp83,16,qsf,template_random_projection,4,1,0.031937622392496666,0.0011357648970595174,0.031937622392496666,0.0495530378689281,0.06723368763062168,0.0893733552795617,0,213,213
hcp83,16,qsf,template_random_projection,4,2,0.04090303385843924,0.0019209447397051094,0.04090303385843924,0.0677235693125033,0.09374107715720795,0.1260062352231857,0,213,213
hcp83,16,qsf,template_random_projection,4,3,0.030264518670683544,0.0009882990506540111,0.030264518670683544,0.04624752937892239,0.05847761513351732,0.0780560327881993,0,213,213
hcp83,16,qsf,template_random_projection,5,1,0.032496487738764054,0.0011942675590637234,0.032496487738764054,0.054502846263137276,0.06721384409030362,0.1122526861183582,0,213,213
hcp83,16,qsf,template_random_projection,5,2,0.03749271055935975,0.0015961781659879638,0.03749271055935975,0.0655802089326035,0.08206236349907499,0.1070663172121696,0,213,213
hcp83,16,qsf,template_random_projection,5,3,0.03344702464328312,0.0012391974209972451,0.03344702464328312,0.055084285637793655,0.06811821766208964,0.0872257455061221,0,213,213
hcp83,16,qsf,template_random_robust,1,1,0.034798659360018455,0.001396146669634108,0.034798659360018455,0.060759464466290415,0.0745185365795509,0.1161431807942292,0,213,213
hcp83,16,qsf,template_random_robust,1,2,0.03612779616534794,0.001495274351225178,0.03612779616534794,0.06072968024899092,0.07851974133824129,0.1196701000151695,0,213,213
hcp83,16,qsf,template_random_robust,1,3,0.030359240725631734,0.0010225947937450089,0.030359240725631734,0.04932873972500009,0.059993337367953016,0.0895397204632113,0,213,213
hcp83,16,qsf,template_random_robust,2,1,0.030393069628045007,0.0010523878751736028,0.030393069628045007,0.0512451149199881,0.06526094382725604,0.1071994173191892,0,211,211
hcp83,16,qsf,template_random_robust,2,2,0.04061774090717366,0.00190879785466756,0.04061774090717366,0.07163032720802914,0.09555373738952105,0.139027933252939,0,211,211
hcp83,16,qsf,template_random_robust,2,3,0.031233956773695285,0.0010851664705325414,0.031233956773695285,0.0507721881948454,0.06476016098407805,0.1052023975942273,0,211,211
hcp83,16,qsf,template_random_robust,3,1,0.02854020656096125,0.0009156282003640249,0.02854020656096125,0.04638456330388491,0.06235437158541273,0.1035274189195633,0,213,213
hcp83,16,qsf,template_random_robust,3,2,0.03797033734168551,0.0017183418875665296,0.03797033734168551,0.07570698633091552,0.09548611324242358,0.1319939146016376,0,213,213
hcp83,16,qsf,template_random_robust,3,3,0.03227129060350382,0.0011851553128760489,0.03227129060350382,0.05768952371645005,0.07555641677455756,0.0952059817071195,0,213,213
hcp83,16,qsf,template_random_robust,4,1,0.03043413720501909,0.001028671757088424,0.03043413720501909,0.048969569092990495,0.06709826400832511,0.0827563154560305,0,213,213
hcp83,16,qsf,template_random_robust,4,2,0.03875588138075898,0.0017536202159354013,0.03875588138075898,0.06448353627098526,0.09348822722347501,0.1286546718947799,0,213,213
hcp83,16,qsf,template_random_robust,4,3,0.029016554944609918,0.0009125377111750506,0.029016554944609918,0.04475551745513766,0.05789884034786868,0.0772191168186179,0,213,213
hcp83,16,qsf,template_random_robust,5,1,0.03115082589637622,0.0011025052531060775,0.03115082589637622,0.052183806811084074,0.06707424386257714,0.1111758526566313,0,213,213
hcp83,16,qsf,template_random_robust,5,2,0.03590652799232549,0.0014831445077281972,0.03590652799232549,0.06400383584028066,0.08179755754410994,0.1072350738340519,0,213,213
hcp83,16,qsf,template_random_robust,5,3,0.03202993553821747,0.0011483682299282978,0.03202993553821747,0.05409761273486073,0.06863451843878655,0.0869269060041894,0,213,213
hcp83,16,qsf,template_selected_bounded_residual,1,1,0.030597346639970976,0.0010271573416857323,0.030597346639970976,0.04716385944749491,0.06544484071605694,0.0871411337920767,0,213,213
hcp83,16,qsf,template_selected_bounded_residual,1,2,0.031578153970610465,0.001108835343068532,0.031578153970610465,0.04895468064308256,0.06318133912166296,0.0966365587043407,0,213,213
hcp83,16,qsf,template_selected_bounded_residual,1,3,0.032286775207231874,0.001157446519883149,0.032286775207231874,0.05341093456092948,0.06432372466765623,0.0923875830096745,0,213,213
hcp83,16,qsf,template_selected_bounded_residual,2,1,0.029488732895694363,0.0009552940283357909,0.029488732895694363,0.04564568867247005,0.05570303441272624,0.0958466355813507,0,211,211
hcp83,16,qsf,template_selected_bounded_residual,2,2,0.032159361111521234,0.0011459541124326312,0.032159361111521234,0.04961472726130325,0.06900935718013831,0.1062756973124953,0,211,211
hcp83,16,qsf,template_selected_bounded_residual,2,3,0.0287293260142957,0.0009034496243345777,0.0287293260142957,0.042894142829385,0.05549614338491785,0.0937644175544079,0,211,211
hcp83,16,qsf,template_selected_bounded_residual,3,1,0.03032159766866248,0.0010292880163353037,0.03032159766866248,0.05120158019511489,0.06704288874156478,0.0853914564284422,0,213,213
hcp83,16,qsf,template_selected_bounded_residual,3,2,0.03237586128474567,0.0011869782704773911,0.03237586128474567,0.05899274935080986,0.07459776286814304,0.100813232953829,0,213,213
hcp83,16,qsf,template_selected_bounded_residual,3,3,0.029181356808147842,0.0009495562506884365,0.029181356808147842,0.048239358059523965,0.06623468807537149,0.0806388258133475,0,213,213
hcp83,16,qsf,template_selected_bounded_residual,4,1,0.029758535269975944,0.000967274104750085,0.029758535269975944,0.04520884089042602,0.06631545719093232,0.0745753628790396,0,213,213
hcp83,16,qsf,template_selected_bounded_residual,4,2,0.03536341289887978,0.0014236234296430036,0.03536341289887978,0.057600540974807754,0.0851130841385775,0.1088559978275351,0,213,213
hcp83,16,qsf,template_selected_bounded_residual,4,3,0.028784901613673114,0.000898765733445186,0.028784901613673114,0.04247734812760345,0.06069921513454185,0.0754848609977423,0,213,213
hcp83,16,qsf,template_selected_bounded_residual,5,1,0.030259512893152055,0.0010119061234295879,0.030259512893152055,0.0487873211398632,0.0662849827610297,0.0774277047315639,0,213,213
hcp83,16,qsf,template_selected_bounded_residual,5,2,0.032165767573138576,0.0011431093542389249,0.032165767573138576,0.05218256710227689,0.06725828053953757,0.0886256961663241,0,213,213
hcp83,16,qsf,template_selected_bounded_residual,5,3,0.029072751079556296,0.0009325528440666591,0.029072751079556296,0.047774240727048535,0.061227484442120235,0.0744419280734533,0,213,213
hcp83,16,qsf,template_selected_projection,1,1,0.031968548160504755,0.0011433228078206773,0.031968548160504755,0.04977453516819021,0.06800872670811983,0.1085116610794995,0,213,213
hcp83,16,qsf,template_selected_projection,1,2,0.032938261842040815,0.0012074875299072617,0.032938261842040815,0.04972269688277791,0.06501704087527918,0.1055343365861565,0,213,213
hcp83,16,qsf,template_selected_projection,1,3,0.03341950291690234,0.0012506200318475374,0.03341950291690234,0.054970566389507036,0.07007790891999124,0.1036817356996366,0,213,213
hcp83,16,qsf,template_selected_projection,2,1,0.03123721597866947,0.001104747436313272,0.03123721597866947,0.04891831646716685,0.0745098600519239,0.1089750183872018,0,211,211
hcp83,16,qsf,template_selected_projection,2,2,0.03370508193194957,0.001267023675625816,0.03370508193194957,0.052190519525657855,0.0757227188485285,0.1094778906890788,0,211,211
hcp83,16,qsf,template_selected_projection,2,3,0.030161049588615367,0.0010196807033778835,0.030161049588615367,0.047507678972003003,0.0671485197483474,0.0993278536868224,0,211,211
hcp83,16,qsf,template_selected_projection,3,1,0.031756212400930364,0.0011381779106950944,0.031756212400930364,0.053914903954263904,0.07048407198628842,0.1024706633988171,0,213,213
hcp83,16,qsf,template_selected_projection,3,2,0.03343318053405301,0.0012689617510812724,0.03343318053405301,0.06217543980921798,0.07597030974062294,0.1106588432926333,0,213,213
hcp83,16,qsf,template_selected_projection,3,3,0.030262534363907127,0.001030256210805785,0.030262534363907127,0.04970417786264731,0.06856441311133775,0.0933031130451354,0,213,213
hcp83,16,qsf,template_selected_projection,4,1,0.031113463096731468,0.0010604484342137727,0.031113463096731468,0.04630918893236784,0.06766373368187997,0.0803576995426645,0,213,213
hcp83,16,qsf,template_selected_projection,4,2,0.036939478590616436,0.001534798985427786,0.036939478590616436,0.059746062351128844,0.08572820116575212,0.107343854499108,0,213,213
hcp83,16,qsf,template_selected_projection,4,3,0.029747702729393234,0.0009595097946129217,0.029747702729393234,0.04565195671793131,0.060524663320260096,0.0787697733284455,0,213,213
hcp83,16,qsf,template_selected_projection,5,1,0.031489978333684,0.0010934084518120888,0.031489978333684,0.0507773821330698,0.06744576314418163,0.0782942269692795,0,213,213
hcp83,16,qsf,template_selected_projection,5,2,0.033087643395326875,0.0012075492761013033,0.033087643395326875,0.053574175136633186,0.06774403126126877,0.0899636879552511,0,213,213
hcp83,16,qsf,template_selected_projection,5,3,0.029960364357969733,0.0009886278313655024,0.029960364357969733,0.048023412915507095,0.06093278572734616,0.0773087820486033,0,213,213
hcp83,16,qsf,template_selected_robust,1,1,0.030597346639970976,0.0010271573416857323,0.030597346639970976,0.04716385944749491,0.06544484071605694,0.0871411337920767,0,213,213
hcp83,16,qsf,template_selected_robust,1,2,0.031578153970610465,0.001108835343068532,0.031578153970610465,0.04895468064308256,0.06318133912166296,0.0966365587043407,0,213,213
hcp83,16,qsf,template_selected_robust,1,3,0.032286775207231874,0.001157446519883149,0.032286775207231874,0.05341093456092948,0.06432372466765623,0.0923875830096745,0,213,213
hcp83,16,qsf,template_selected_robust,2,1,0.029488732895694363,0.0009552940283357909,0.029488732895694363,0.04564568867247005,0.05570303441272624,0.0958466355813507,0,211,211
hcp83,16,qsf,template_selected_robust,2,2,0.032159361111521234,0.0011459541124326312,0.032159361111521234,0.04961472726130325,0.06900935718013831,0.1062756973124953,0,211,211
hcp83,16,qsf,template_selected_robust,2,3,0.0287293260142957,0.0009034496243345777,0.0287293260142957,0.042894142829385,0.05549614338491785,0.0937644175544079,0,211,211
hcp83,16,qsf,template_selected_robust,3,1,0.03032159766866248,0.0010292880163353037,0.03032159766866248,0.05120158019511489,0.06704288874156478,0.0853914564284422,0,213,213
hcp83,16,qsf,template_selected_robust,3,2,0.03237586128474567,0.0011869782704773911,0.03237586128474567,0.05899274935080986,0.07459776286814304,0.100813232953829,0,213,213
hcp83,16,qsf,template_selected_robust,3,3,0.029181356808147842,0.0009495562506884365,0.029181356808147842,0.048239358059523965,0.06623468807537149,0.0806388258133475,0,213,213
hcp83,16,qsf,template_selected_robust,4,1,0.029758535269975944,0.000967274104750085,0.029758535269975944,0.04520884089042602,0.06631545719093232,0.0745753628790396,0,213,213
hcp83,16,qsf,template_selected_robust,4,2,0.03536341289887978,0.0014236234296430036,0.03536341289887978,0.057600540974807754,0.0851130841385775,0.1088559978275351,0,213,213
hcp83,16,qsf,template_selected_robust,4,3,0.028784901613673114,0.000898765733445186,0.028784901613673114,0.04247734812760345,0.06069921513454185,0.0754848609977423,0,213,213
hcp83,16,qsf,template_selected_robust,5,1,0.030259512893152055,0.0010119061234295879,0.030259512893152055,0.0487873211398632,0.0662849827610297,0.0774277047315639,0,213,213
hcp83,16,qsf,template_selected_robust,5,2,0.032165767573138576,0.0011431093542389249,0.032165767573138576,0.05218256710227689,0.06725828053953757,0.0886256961663241,0,213,213
hcp83,16,qsf,template_selected_robust,5,3,0.029072751079556296,0.0009325528440666591,0.029072751079556296,0.047774240727048535,0.061227484442120235,0.0744419280734533,0,213,213
hcp83,32,heat_norm18,atlas_random_aligned,1,1,0.022189056457147974,0.0005066997273412009,0.022189056457147974,0.029132370555182353,0.031899970681079505,0.034679400670075,0,213,213
hcp83,32,heat_norm18,atlas_random_aligned,1,2,0.0233350034119115,0.0005604615893161028,0.0233350034119115,0.030592717135516694,0.03542303530377189,0.0363063754753254,0,213,213
hcp83,32,heat_norm18,atlas_random_aligned,1,3,0.022423229077732316,0.0005163703092826409,0.022423229077732316,0.02991003212847908,0.03243085021535096,0.0329711249026843,0,213,213
hcp83,32,heat_norm18,atlas_random_aligned,2,1,0.02224771602924325,0.000510461838570446,0.02224771602924325,0.029411467740711197,0.03291460750895016,0.0372826687575815,0,211,211
hcp83,32,heat_norm18,atlas_random_aligned,2,2,0.02320106560253695,0.0005525053721864465,0.02320106560253695,0.030186177818415948,0.03302797495674164,0.0356948298964563,0,211,211
hcp83,32,heat_norm18,atlas_random_aligned,2,3,0.022731356919860862,0.0005294352771115885,0.022731356919860862,0.0290962525192486,0.032625988128552635,0.034012470560102,0,211,211
hcp83,32,heat_norm18,atlas_random_aligned,3,1,0.02258393827721625,0.0005393761714266573,0.02258393827721625,0.028888488823299176,0.035645913922093285,0.0773607521070938,0,213,213
hcp83,32,heat_norm18,atlas_random_aligned,3,2,0.023721816700774834,0.0005816757547996924,0.023721816700774834,0.030908451482313495,0.035313523857761896,0.0558266483304879,0,213,213
hcp83,32,heat_norm18,atlas_random_aligned,3,3,0.022788809529422742,0.0005415721916578783,0.022788809529422742,0.030042580556894394,0.03599756320820514,0.063737530210678,0,213,213
hcp83,32,heat_norm18,atlas_random_aligned,4,1,0.02268676880140399,0.0005321552962979,0.02268676880140399,0.030489036450760676,0.0359018945378401,0.0388411689963295,0,213,213
hcp83,32,heat_norm18,atlas_random_aligned,4,2,0.023871016581655097,0.0005875180906732221,0.023871016581655097,0.03129921672468453,0.03621756325086752,0.042494412031349,0,213,213
hcp83,32,heat_norm18,atlas_random_aligned,4,3,0.023468123239504483,0.0005665800976408259,0.023468123239504483,0.030837073478264355,0.03570936072071716,0.0375262620161654,0,213,213
hcp83,32,heat_norm18,atlas_random_aligned,5,1,0.022132428239800602,0.0005170587065758991,0.022132428239800602,0.029166160656629192,0.03464297143043741,0.0733584206853297,0,213,213
hcp83,32,heat_norm18,atlas_random_aligned,5,2,0.022895522300986387,0.0005429255543202972,0.022895522300986387,0.030557093728583458,0.03409341796521746,0.0561167878218838,0,213,213
hcp83,32,heat_norm18,atlas_random_aligned,5,3,0.02309990933617954,0.0005573684421201681,0.02309990933617954,0.029649679544647204,0.03626747032442167,0.0687917067232172,0,213,213
hcp83,32,heat_norm18,atlas_random_mean,1,1,0.05757027747563375,0.004191696055470228,0.05757027747563375,0.09652195446537119,0.2039796739593863,0.2434485207866918,0,213,213
hcp83,32,heat_norm18,atlas_random_mean,1,2,0.059885704644818336,0.004475503027018642,0.059885704644818336,0.1026619399788968,0.20415829276501996,0.2458358321241312,0,213,213
hcp83,32,heat_norm18,atlas_random_mean,1,3,0.05667827619448714,0.004066282894965218,0.05667827619448714,0.09522688053298982,0.20550951499398004,0.2420466754100094,0,213,213
hcp83,32,heat_norm18,atlas_random_mean,2,1,0.05868810298111249,0.004600413244381603,0.05868810298111249,0.099853386388527,0.2026819334156894,0.2807449993646399,0,211,211
hcp83,32,heat_norm18,atlas_random_mean,2,2,0.061275249459560165,0.004899687409401773,0.061275249459560165,0.1057147946141575,0.20234510738112416,0.2770468131164135,0,211,211
hcp83,32,heat_norm18,atlas_random_mean,2,3,0.0582480095359914,0.0045296070741846555,0.0582480095359914,0.10335033061440504,0.20163144972914562,0.2813853313317889,0,211,211
hcp83,32,heat_norm18,atlas_random_mean,3,1,0.059010596550184896,0.004536610898766746,0.059010596550184896,0.1115024007411604,0.21218767990104723,0.2244853598043883,0,213,213
hcp83,32,heat_norm18,atlas_random_mean,3,2,0.0617723917469683,0.004880567722263458,0.0617723917469683,0.11577843569937576,0.2114105712874028,0.2263485422875545,0,213,213
hcp83,32,heat_norm18,atlas_random_mean,3,3,0.058611688171568345,0.0044883254361942,0.058611688171568345,0.1110990177212102,0.20958663609165973,0.2335626905593603,0,213,213
hcp83,32,heat_norm18,atlas_random_mean,4,1,0.057201082354256014,0.003970552892472824,0.057201082354256014,0.1011963263796828,0.16288947381484825,0.2009549984165289,0,213,213
hcp83,32,heat_norm18,atlas_random_mean,4,2,0.059598026976736496,0.004268916595148656,0.059598026976736496,0.10335322725419972,0.16793117748550482,0.2010416245763991,0,213,213
hcp83,32,heat_norm18,atlas_random_mean,4,3,0.056805159685061044,0.003915035024494794,0.056805159685061044,0.1017157566150352,0.16265389039423472,0.2006926205128737,0,213,213
hcp83,32,heat_norm18,atlas_random_mean,5,1,0.05772904464822362,0.003993205062474865,0.05772904464822362,0.09926358993730834,0.15970846712768627,0.2253149323304183,0,213,213
hcp83,32,heat_norm18,atlas_random_mean,5,2,0.060577578945781634,0.004354304306967907,0.060577578945781634,0.10472532061896783,0.1650456592013251,0.2273526050285006,0,213,213
hcp83,32,heat_norm18,atlas_random_mean,5,3,0.05763505653315198,0.003996293111874256,0.05763505653315198,0.09791141127331583,0.1600620625863941,0.2346386564586707,0,213,213
hcp83,32,heat_norm18,atlas_selected_aligned,1,1,0.021972457347917314,0.0004971804595916535,0.021972457347917314,0.028734224336531246,0.03249687361133503,0.0344274067869857,0,213,213
hcp83,32,heat_norm18,atlas_selected_aligned,1,2,0.022836651012323475,0.0005355934606723102,0.022836651012323475,0.029789254329828155,0.03345372577818471,0.0355302210460196,0,213,213
hcp83,32,heat_norm18,atlas_selected_aligned,1,3,0.022471779427101286,0.0005182589521809831,0.022471779427101286,0.02961540129713326,0.03203205223919162,0.0329901533546838,0,213,213
hcp83,32,heat_norm18,atlas_selected_aligned,2,1,0.02220031148695901,0.0005078096344830938,0.02220031148695901,0.02924196253620635,0.032016435440012626,0.0376431713300101,0,211,211
hcp83,32,heat_norm18,atlas_selected_aligned,2,2,0.023163416804341367,0.0005493198841356171,0.023163416804341367,0.0296734939590735,0.03275994862949077,0.0334062470162491,0,211,211
hcp83,32,heat_norm18,atlas_selected_aligned,2,3,0.0228924497672243,0.000537038204484772,0.0228924497672243,0.02947530503901815,0.0327715207076413,0.0344073773037027,0,211,211
hcp83,32,heat_norm18,atlas_selected_aligned,3,1,0.022314356099303698,0.0005260250418565672,0.022314356099303698,0.028567328230255318,0.03547594062826953,0.0743229349484518,0,213,213
hcp83,32,heat_norm18,atlas_selected_aligned,3,2,0.023088496401780775,0.0005484496446295417,0.023088496401780775,0.029339294408571297,0.0330834964275951,0.0533785512580811,0,213,213
hcp83,32,heat_norm18,atlas_selected_aligned,3,3,0.022968090123179918,0.0005493505419835644,0.022968090123179918,0.029430017662290257,0.0349769331980409,0.0653279116404389,0,213,213
hcp83,32,heat_norm18,atlas_selected_aligned,4,1,0.022562296168031737,0.0005262135370485122,0.022562296168031737,0.030496443390672517,0.035118645842031594,0.0384789408453117,0,213,213
hcp83,32,heat_norm18,atlas_selected_aligned,4,2,0.023020289826188062,0.0005434901894587723,0.023020289826188062,0.029457745014130617,0.03385539584426164,0.0388051328822151,0,213,213
hcp83,32,heat_norm18,atlas_selected_aligned,4,3,0.02328420473102526,0.0005569350107596372,0.02328420473102526,0.03028033936472048,0.034413763996697246,0.0361718743313087,0,213,213
hcp83,32,heat_norm18,atlas_selected_aligned,5,1,0.022056492250735735,0.0005138599989364742,0.022056492250735735,0.028812346184788697,0.03410262183321051,0.0748080450073867,0,213,213
hcp83,32,heat_norm18,atlas_selected_aligned,5,2,0.022740990932243823,0.0005341018353011005,0.022740990932243823,0.029463438394955157,0.03398031495501178,0.053747844019186,0,213,213
hcp83,32,heat_norm18,atlas_selected_aligned,5,3,0.022663428968004128,0.0005345797794205874,0.022663428968004128,0.02896052387426334,0.03491446831621627,0.0653206508375725,0,213,213
hcp83,32,heat_norm18,atlas_selected_mean,1,1,0.05757027747563375,0.004191696055470228,0.05757027747563375,0.09652195446537119,0.2039796739593863,0.2434485207866918,0,213,213
hcp83,32,heat_norm18,atlas_selected_mean,1,2,0.059885704644818336,0.004475503027018642,0.059885704644818336,0.1026619399788968,0.20415829276501996,0.2458358321241312,0,213,213
hcp83,32,heat_norm18,atlas_selected_mean,1,3,0.05667827619448714,0.004066282894965218,0.05667827619448714,0.09522688053298982,0.20550951499398004,0.2420466754100094,0,213,213
hcp83,32,heat_norm18,atlas_selected_mean,2,1,0.05868810298111249,0.004600413244381603,0.05868810298111249,0.099853386388527,0.2026819334156894,0.2807449993646399,0,211,211
hcp83,32,heat_norm18,atlas_selected_mean,2,2,0.061275249459560165,0.004899687409401773,0.061275249459560165,0.1057147946141575,0.20234510738112416,0.2770468131164135,0,211,211
hcp83,32,heat_norm18,atlas_selected_mean,2,3,0.0582480095359914,0.0045296070741846555,0.0582480095359914,0.10335033061440504,0.20163144972914562,0.2813853313317889,0,211,211
hcp83,32,heat_norm18,atlas_selected_mean,3,1,0.059010596550184896,0.004536610898766746,0.059010596550184896,0.1115024007411604,0.21218767990104723,0.2244853598043883,0,213,213
hcp83,32,heat_norm18,atlas_selected_mean,3,2,0.0617723917469683,0.004880567722263458,0.0617723917469683,0.11577843569937576,0.2114105712874028,0.2263485422875545,0,213,213
hcp83,32,heat_norm18,atlas_selected_mean,3,3,0.058611688171568345,0.0044883254361942,0.058611688171568345,0.1110990177212102,0.20958663609165973,0.2335626905593603,0,213,213
hcp83,32,heat_norm18,atlas_selected_mean,4,1,0.057201082354256014,0.003970552892472824,0.057201082354256014,0.1011963263796828,0.16288947381484825,0.2009549984165289,0,213,213
hcp83,32,heat_norm18,atlas_selected_mean,4,2,0.059598026976736496,0.004268916595148656,0.059598026976736496,0.10335322725419972,0.16793117748550482,0.2010416245763991,0,213,213
hcp83,32,heat_norm18,atlas_selected_mean,4,3,0.056805159685061044,0.003915035024494794,0.056805159685061044,0.1017157566150352,0.16265389039423472,0.2006926205128737,0,213,213
hcp83,32,heat_norm18,atlas_selected_mean,5,1,0.05772904464822362,0.003993205062474865,0.05772904464822362,0.09926358993730834,0.15970846712768627,0.2253149323304183,0,213,213
hcp83,32,heat_norm18,atlas_selected_mean,5,2,0.060577578945781634,0.004354304306967907,0.060577578945781634,0.10472532061896783,0.1650456592013251,0.2273526050285006,0,213,213
hcp83,32,heat_norm18,atlas_selected_mean,5,3,0.05763505653315198,0.003996293111874256,0.05763505653315198,0.09791141127331583,0.1600620625863941,0.2346386564586707,0,213,213
hcp83,32,heat_norm18,floor_random_robust,1,1,0.10532256536049274,0.011338361873225282,0.10532256536049274,0.13348961971826936,0.14711756368416537,0.1630769202700614,0,213,213
hcp83,32,heat_norm18,floor_random_robust,1,2,0.14182576962754753,0.020210765930455468,0.14182576962754753,0.16071343665692547,0.1673912948410765,0.1776090078153139,0,213,213
hcp83,32,heat_norm18,floor_random_robust,1,3,0.10727591027674166,0.01163094893764226,0.10727591027674166,0.12660982175166094,0.14005878554198117,0.155595710282461,0,213,213
hcp83,32,heat_norm18,floor_random_robust,2,1,0.1004392579004978,0.010396079908407574,0.1004392579004978,0.1333686022570425,0.1516584987824808,0.2399342196056446,0,211,211
hcp83,32,heat_norm18,floor_random_robust,2,2,0.13808253084461827,0.019163459086745188,0.13808253084461827,0.15711976959514895,0.16196191139100924,0.1869794578588528,0,211,211
hcp83,32,heat_norm18,floor_random_robust,2,3,0.1115908127526228,0.012646878734238734,0.1115908127526228,0.13897553350133018,0.15274547423330953,0.1865661782251941,0,211,211
hcp83,32,heat_norm18,floor_random_robust,3,1,0.10163538352067654,0.010639141157005165,0.10163538352067654,0.13548368231168145,0.1599740445093399,0.1732964298280501,0,213,213
hcp83,32,heat_norm18,floor_random_robust,3,2,0.14220258471349836,0.02036200560580719,0.14220258471349836,0.16132966075374128,0.18050622977609349,0.1991135917659822,0,213,213
hcp83,32,heat_norm18,floor_random_robust,3,3,0.1087086840474883,0.012027509974316173,0.1087086840474883,0.1320390292566183,0.15627928020901705,0.1937881822996593,0,213,213
hcp83,32,heat_norm18,floor_random_robust,4,1,0.1021715845657357,0.010746009445049156,0.1021715845657357,0.1384727486714792,0.16416219849860356,0.1905438158941048,0,213,213
hcp83,32,heat_norm18,floor_random_robust,4,2,0.14000369642561797,0.019697717336860952,0.14000369642561797,0.15673327119417024,0.1699446951424572,0.1765577506445118,0,213,213
hcp83,32,heat_norm18,floor_random_robust,4,3,0.1112060285927858,0.012506790268378306,0.1112060285927858,0.13126258388103498,0.14479459688172833,0.1510351757528993,0,213,213
hcp83,32,heat_norm18,floor_random_robust,5,1,0.10071757379187635,0.010426157465051104,0.10071757379187635,0.12725739199461092,0.14697131944443578,0.2108415943600761,0,213,213
hcp83,32,heat_norm18,floor_random_robust,5,2,0.139206889526135,0.019511899386839896,0.139206889526135,0.16139587488679294,0.17742290353303555,0.187853865519497,0,213,213
hcp83,32,heat_norm18,floor_random_robust,5,3,0.11367489711710718,0.013057827246927214,0.11367489711710718,0.13266004284098876,0.14862642545241056,0.182795021976614,0,213,213
hcp83,32,heat_norm18,ordinary_selected,1,1,0.09884968954611509,0.009980703919108628,0.09884968954611509,0.1255199728079421,0.14501660930874824,0.1730724488515714,0,213,213
hcp83,32,heat_norm18,ordinary_selected,1,2,0.13914192920022134,0.019488250155855355,0.13914192920022134,0.15838791203849012,0.1743489671814692,0.2108453903655192,0,213,213
hcp83,32,heat_norm18,ordinary_selected,1,3,0.11084193064608229,0.012445913294639281,0.11084193064608229,0.13475987558993577,0.15567829922527607,0.1616270711057817,0,213,213
hcp83,32,heat_norm18,ordinary_selected,2,1,0.09754666664923295,0.009745226922321689,0.09754666664923295,0.12401173366229284,0.14110632965818207,0.1634358533406828,0,211,211
hcp83,32,heat_norm18,ordinary_selected,2,2,0.13944285429200776,0.019559162028787654,0.13944285429200776,0.15916611299919947,0.17329448872212183,0.1780947020089954,0,211,211
hcp83,32,heat_norm18,ordinary_selected,2,3,0.10849050995014917,0.011926001395247689,0.10849050995014917,0.1358404376870672,0.13950839863891826,0.1462191782402903,0,211,211
hcp83,32,heat_norm18,ordinary_selected,3,1,0.09915363096964933,0.010150268921968183,0.09915363096964933,0.1337304949281605,0.1526635944070503,0.1763456410238129,0,213,213
hcp83,32,heat_norm18,ordinary_selected,3,2,0.140975500881919,0.020025202366508447,0.140975500881919,0.1651334761152454,0.17791808784669627,0.1826781222031266,0,213,213
hcp83,32,heat_norm18,ordinary_selected,3,3,0.10972351155600912,0.01226389583760678,0.10972351155600912,0.13655608871474711,0.16275123294237598,0.1863372641348598,0,213,213
hcp83,32,heat_norm18,ordinary_selected,4,1,0.0966021887897372,0.009537608013177594,0.0966021887897372,0.12205092034402971,0.13822486601112885,0.1423194249662355,0,213,213
hcp83,32,heat_norm18,ordinary_selected,4,2,0.14014309144934065,0.019755120042326667,0.14014309144934065,0.15723651481681442,0.16827174718959692,0.1959094486968588,0,213,213
hcp83,32,heat_norm18,ordinary_selected,4,3,0.11095144462111212,0.012449397131834536,0.11095144462111212,0.1329503817672728,0.13837214164452802,0.1607962963782686,0,213,213
hcp83,32,heat_norm18,ordinary_selected,5,1,0.09735989038379574,0.009710705387820429,0.09735989038379574,0.12423584788192804,0.1385029143489234,0.1549456186819955,0,213,213
hcp83,32,heat_norm18,ordinary_selected,5,2,0.14088595142726756,0.020003298784206147,0.14088595142726756,0.16285889914088977,0.1795451210475239,0.197150828717445,0,213,213
hcp83,32,heat_norm18,ordinary_selected,5,3,0.11031200532306915,0.012326182793344955,0.11031200532306915,0.13234369294620635,0.14201344960193235,0.1783524830907166,0,213,213
hcp83,32,heat_norm18,random_bounded_residual,1,1,0.10961693631707285,0.01223678424740924,0.10961693631707285,0.13621294460360633,0.15182813330500008,0.1664951457214754,0,213,213
hcp83,32,heat_norm18,random_bounded_residual,1,2,0.14425143338208254,0.020914612544712333,0.14425143338208254,0.16413020047215873,0.17218865163058486,0.1857553605506592,0,213,213
hcp83,32,heat_norm18,random_bounded_residual,1,3,0.1101639810688623,0.012261280184037712,0.1101639810688623,0.1294494371585578,0.1381914026103814,0.1561502367978803,0,213,213
hcp83,32,heat_norm18,random_bounded_residual,2,1,0.10384254889882584,0.010997022698238488,0.10384254889882584,0.129441862220819,0.14458477753451085,0.1776482188615568,0,211,211
hcp83,32,heat_norm18,random_bounded_residual,2,2,0.14024146332556145,0.019760750744770142,0.14024146332556145,0.1578830605644153,0.1643013889403628,0.1688326663960379,0,211,211
hcp83,32,heat_norm18,random_bounded_residual,2,3,0.11312946681504064,0.012937242420821192,0.11312946681504064,0.13527933474470866,0.1431003979894571,0.1577500110870206,0,211,211
hcp83,32,heat_norm18,random_bounded_residual,3,1,0.1055604207094162,0.011515904741677841,0.1055604207094162,0.14240987595766016,0.16336996322772318,0.2322578525245181,0,213,213
hcp83,32,heat_norm18,random_bounded_residual,3,2,0.14400847399389888,0.020880192870734615,0.14400847399389888,0.16504538333471078,0.18040643977946597,0.1917224499454139,0,213,213
hcp83,32,heat_norm18,random_bounded_residual,3,3,0.10992964531090621,0.012279162710792676,0.10992964531090621,0.1338562673235577,0.15832896315064382,0.181698398924603,0,213,213
hcp83,32,heat_norm18,random_bounded_residual,4,1,0.10498912769073221,0.011238299310803864,0.10498912769073221,0.13338637922091875,0.1463700430158356,0.1539053440979658,0,213,213
hcp83,32,heat_norm18,random_bounded_residual,4,2,0.1423821975533218,0.02038494471586966,0.1423821975533218,0.15983450570058175,0.17248114465338027,0.1978592407127892,0,213,213
hcp83,32,heat_norm18,random_bounded_residual,4,3,0.11422096996625514,0.013184818709658574,0.11422096996625514,0.13488945627043133,0.14337541047341618,0.152138660877727,0,213,213
hcp83,32,heat_norm18,random_bounded_residual,5,1,0.10673469613337051,0.011628786016820257,0.10673469613337051,0.13525866000981857,0.14196243829667485,0.1581427461521631,0,213,213
hcp83,32,heat_norm18,random_bounded_residual,5,2,0.14035050864787046,0.019836656319496822,0.14035050864787046,0.16165496150700753,0.1807232552021268,0.1921840026318081,0,213,213
hcp83,32,heat_norm18,random_bounded_residual,5,3,0.11554215686915943,0.01350525860617545,0.11554215686915943,0.1349943952973645,0.1568281084376379,0.185650200493271,0,213,213
hcp83,32,heat_norm18,random_ordinary,1,1,0.11136375923742683,0.012642711786420579,0.11136375923742683,0.13741734342732245,0.15616675922648499,0.1665759703537777,0,213,213
hcp83,32,heat_norm18,random_ordinary,1,2,0.14826213381331266,0.022178569881821684,0.14826213381331266,0.17257964172947743,0.18659250806786834,0.2426224832799116,0,213,213
hcp83,32,heat_norm18,random_ordinary,1,3,0.11180499730222034,0.012649074482464029,0.11180499730222034,0.1345804689632372,0.15397068850724516,0.1590506273358865,0,213,213
hcp83,32,heat_norm18,random_ordinary,2,1,0.1055276664166972,0.011369672915970625,0.1055276664166972,0.12951239071269585,0.15408847640410403,0.1875142365394472,0,211,211
hcp83,32,heat_norm18,random_ordinary,2,2,0.14291012046667576,0.020540948552211037,0.14291012046667576,0.1624911766724217,0.17897669340255526,0.183963461412565,0,211,211
hcp83,32,heat_norm18,random_ordinary,2,3,0.11571097275135185,0.013536586140444234,0.11571097275135185,0.1388070631478357,0.14863694949374406,0.1589825970130637,0,211,211
hcp83,32,heat_norm18,random_ordinary,3,1,0.10743852978922444,0.011935557433412593,0.10743852978922444,0.14407844646299467,0.16632298278196236,0.2176016811823169,0,213,213
hcp83,32,heat_norm18,random_ordinary,3,2,0.14718962166102387,0.021850582148128322,0.14718962166102387,0.17095818869150015,0.1869242755843663,0.1986715612130784,0,213,213
hcp83,32,heat_norm18,random_ordinary,3,3,0.11159727070765121,0.012669204693516591,0.11159727070765121,0.13588760251232462,0.16339663337244983,0.1905369253395188,0,213,213
hcp83,32,heat_norm18,random_ordinary,4,1,0.10706274634226791,0.01169644790433211,0.10706274634226791,0.13450171597814592,0.1505403502370182,0.1527575767579489,0,213,213
hcp83,32,heat_norm18,random_ordinary,4,2,0.14446307142621387,0.021001017759169502,0.14446307142621387,0.16457180608965427,0.1797968210698678,0.1981330171761987,0,213,213
hcp83,32,heat_norm18,random_ordinary,4,3,0.11601622528461955,0.013610402234796407,0.11601622528461955,0.1375471368137837,0.14620249459952747,0.1581458038039281,0,213,213
hcp83,32,heat_norm18,random_ordinary,5,1,0.10865694877524341,0.012062161428930294,0.10865694877524341,0.13795735596753964,0.14655151173572703,0.1559235184060679,0,213,213
hcp83,32,heat_norm18,random_ordinary,5,2,0.14404931404952548,0.02091983285756229,0.14404931404952548,0.16649708295504656,0.18281244237232086,0.2160516851588191,0,213,213
hcp83,32,heat_norm18,random_ordinary,5,3,0.11704175719500011,0.01387500773574456,0.11704175719500011,0.13650940857203187,0.1571718434813799,0.1969002019117862,0,213,213
hcp83,32,heat_norm18,random_projection,1,1,0.11136375923742683,0.012642711786420579,0.11136375923742683,0.13741734342732245,0.15616675922648499,0.1665759703537777,0,213,213
hcp83,32,heat_norm18,random_projection,1,2,0.146017092231629,0.02144565591466616,0.146017092231629,0.16882542650945687,0.17808948581166656,0.1844292457880312,0,213,213
hcp83,32,heat_norm18,random_projection,1,3,0.11167905928010924,0.012615765339677855,0.11167905928010924,0.1334775794470602,0.14788389012529723,0.1590315280116243,0,213,213
hcp83,32,heat_norm18,random_projection,2,1,0.1055276664166972,0.011369672915970625,0.1055276664166972,0.12951239071269585,0.15408847640410403,0.1875142365394472,0,211,211
hcp83,32,heat_norm18,random_projection,2,2,0.142116679501782,0.020309195257544658,0.142116679501782,0.1618793135978642,0.17364852804458863,0.183267905858844,0,211,211
hcp83,32,heat_norm18,random_projection,2,3,0.11561599561833677,0.013513003879314872,0.11561599561833677,0.13870305594292254,0.14841876180874172,0.1589044001390146,0,211,211
hcp83,32,heat_norm18,random_projection,3,1,0.10743852978922444,0.011935557433412593,0.10743852978922444,0.14407844646299467,0.16632298278196236,0.2176016811823169,0,213,213
hcp83,32,heat_norm18,random_projection,3,2,0.14682379014969252,0.021717120834383652,0.14682379014969252,0.16990775758680302,0.18405692483697123,0.1926260062753985,0,213,213
hcp83,32,heat_norm18,random_projection,3,3,0.11146232239298647,0.012633339042061592,0.11146232239298647,0.1355487851202699,0.16341758235158338,0.1867614396252194,0,213,213
hcp83,32,heat_norm18,random_projection,4,1,0.10706274634226791,0.01169644790433211,0.10706274634226791,0.13450171597814592,0.1505403502370182,0.1527575767579489,0,213,213
hcp83,32,heat_norm18,random_projection,4,2,0.14377911240221844,0.020786677922858553,0.14377911240221844,0.1621135207665517,0.17370873637672585,0.1931695642809134,0,213,213
hcp83,32,heat_norm18,random_projection,4,3,0.11581604705011814,0.013560461020377158,0.11581604705011814,0.13705417288108365,0.14440408055261011,0.1583687382682595,0,213,213
hcp83,32,heat_norm18,random_projection,5,1,0.10865694877524341,0.012062161428930294,0.10865694877524341,0.13795735596753964,0.14655151173572703,0.1559235184060679,0,213,213
hcp83,32,heat_norm18,random_projection,5,2,0.14215803000978036,0.020355805503919595,0.14215803000978036,0.1645630780621701,0.1817129860504209,0.193082393197386,0,213,213
hcp83,32,heat_norm18,random_projection,5,3,0.11684111926983119,0.013792740838039903,0.11684111926983119,0.13638870892730778,0.15176353317040522,0.1811010454098288,0,213,213
hcp83,32,heat_norm18,random_robust,1,1,0.10961693631707285,0.01223678424740924,0.10961693631707285,0.13621294460360633,0.15182813330500008,0.1664951457214754,0,213,213
hcp83,32,heat_norm18,random_robust,1,2,0.14425143338208254,0.020914612544712333,0.14425143338208254,0.16413020047215873,0.17218865163058486,0.1857553605506592,0,213,213
hcp83,32,heat_norm18,random_robust,1,3,0.1101639810688623,0.012261280184037712,0.1101639810688623,0.1294494371585578,0.1381914026103814,0.1561502367978803,0,213,213
hcp83,32,heat_norm18,random_robust,2,1,0.10384254889882584,0.010997022698238488,0.10384254889882584,0.129441862220819,0.14458477753451085,0.1776482188615568,0,211,211
hcp83,32,heat_norm18,random_robust,2,2,0.14024146332556145,0.019760750744770142,0.14024146332556145,0.1578830605644153,0.1643013889403628,0.1688326663960379,0,211,211
hcp83,32,heat_norm18,random_robust,2,3,0.11312946681504064,0.012937242420821192,0.11312946681504064,0.13527933474470866,0.1431003979894571,0.1577500110870206,0,211,211
hcp83,32,heat_norm18,random_robust,3,1,0.1055604207094162,0.011515904741677841,0.1055604207094162,0.14240987595766016,0.16336996322772318,0.2322578525245181,0,213,213
hcp83,32,heat_norm18,random_robust,3,2,0.14400847399389888,0.020880192870734615,0.14400847399389888,0.16504538333471078,0.18040643977946597,0.1917224499454139,0,213,213
hcp83,32,heat_norm18,random_robust,3,3,0.10992964531090621,0.012279162710792676,0.10992964531090621,0.1338562673235577,0.15832896315064382,0.181698398924603,0,213,213
hcp83,32,heat_norm18,random_robust,4,1,0.10498912769073221,0.011238299310803864,0.10498912769073221,0.13338637922091875,0.1463700430158356,0.1539053440979658,0,213,213
hcp83,32,heat_norm18,random_robust,4,2,0.1423821975533218,0.02038494471586966,0.1423821975533218,0.15983450570058175,0.17248114465338027,0.1978592407127892,0,213,213
hcp83,32,heat_norm18,random_robust,4,3,0.11422096996625514,0.013184818709658574,0.11422096996625514,0.13488945627043133,0.14337541047341618,0.152138660877727,0,213,213
hcp83,32,heat_norm18,random_robust,5,1,0.10673469613337051,0.011628786016820257,0.10673469613337051,0.13525866000981857,0.14196243829667485,0.1581427461521631,0,213,213
hcp83,32,heat_norm18,random_robust,5,2,0.14035050864787046,0.019836656319496822,0.14035050864787046,0.16165496150700753,0.1807232552021268,0.1921840026318081,0,213,213
hcp83,32,heat_norm18,random_robust,5,3,0.11554215686915943,0.01350525860617545,0.11554215686915943,0.1349943952973645,0.1568281084376379,0.185650200493271,0,213,213
hcp83,32,heat_norm18,selected_bounded_residual,1,1,0.09570206806785139,0.00933720044958827,0.09570206806785139,0.11640038383492127,0.14095041759956942,0.1643449501810968,0,213,213
hcp83,32,heat_norm18,selected_bounded_residual,1,2,0.1364154406709361,0.018685543911295895,0.1364154406709361,0.15162887392990307,0.1583571387846521,0.1669735012776598,0,213,213
hcp83,32,heat_norm18,selected_bounded_residual,1,3,0.10911537183718284,0.012032074687458287,0.10911537183718284,0.12976345818675927,0.13503654506413174,0.1532184514024936,0,213,213
hcp83,32,heat_norm18,selected_bounded_residual,2,1,0.09615600540078643,0.009430223642739847,0.09615600540078643,0.1212082135430102,0.13521178676601558,0.1437884515316679,0,211,211
hcp83,32,heat_norm18,selected_bounded_residual,2,2,0.13718613610142247,0.018910346285042744,0.13718613610142247,0.1550275577466462,0.15932738055520537,0.1730477642586034,0,211,211
hcp83,32,heat_norm18,selected_bounded_residual,2,3,0.10714368745971199,0.011625271488404327,0.10714368745971199,0.13224502618954595,0.13785427028699784,0.1473202669455926,0,211,211
hcp83,32,heat_norm18,selected_bounded_residual,3,1,0.09746162045732237,0.009798156236790865,0.09746162045732237,0.13131562384927567,0.14935016761851547,0.1771038260432125,0,213,213
hcp83,32,heat_norm18,selected_bounded_residual,3,2,0.1384035689363687,0.019277658992648494,0.1384035689363687,0.15907851402070033,0.1708862130157195,0.1795753465275379,0,213,213
hcp83,32,heat_norm18,selected_bounded_residual,3,3,0.10829492182208811,0.011937756241872767,0.10829492182208811,0.13213917862358854,0.16027620518343444,0.1887276905522776,0,213,213
hcp83,32,heat_norm18,selected_bounded_residual,4,1,0.0945665045134072,0.00913158754741577,0.0945665045134072,0.11876353913081368,0.13839353474911623,0.1402222324969061,0,213,213
hcp83,32,heat_norm18,selected_bounded_residual,4,2,0.13757355707258642,0.019020011818140562,0.13757355707258642,0.15483976843215408,0.16516413502075816,0.1669694382356748,0,213,213
hcp83,32,heat_norm18,selected_bounded_residual,4,3,0.11083785277582774,0.012410430596737024,0.11083785277582774,0.13159720510349934,0.14151461353747063,0.1482893142189396,0,213,213
hcp83,32,heat_norm18,selected_bounded_residual,5,1,0.09548833351901796,0.00933258144950516,0.09548833351901796,0.12187850180136088,0.13896401721134471,0.1472089752582113,0,213,213
hcp83,32,heat_norm18,selected_bounded_residual,5,2,0.13727061648413355,0.018961199950754414,0.13727061648413355,0.15889322740220463,0.16648499344424766,0.1775675637949987,0,213,213
hcp83,32,heat_norm18,selected_bounded_residual,5,3,0.10874244123751692,0.011968171151847286,0.10874244123751692,0.13029881074488583,0.1384705690584247,0.1731465359109793,0,213,213
hcp83,32,heat_norm18,selected_projection,1,1,0.0977494772908987,0.009761855693094436,0.0977494772908987,0.12449658407062654,0.14284762837812828,0.1730565247663859,0,213,213
hcp83,32,heat_norm18,selected_projection,1,2,0.13803936117760657,0.0191501456860311,0.13803936117760657,0.15484097787398712,0.16654503982777707,0.1687306325987051,0,213,213
hcp83,32,heat_norm18,selected_projection,1,3,0.11058788155237667,0.012375267023901963,0.11058788155237667,0.13326335540360165,0.14081114269824055,0.1610324242133804,0,213,213
hcp83,32,heat_norm18,selected_projection,2,1,0.09754666664923295,0.009745226922321689,0.09754666664923295,0.12401173366229284,0.14110632965818207,0.1634358533406828,0,211,211
hcp83,32,heat_norm18,selected_projection,2,2,0.1391280071528978,0.01946728962342922,0.1391280071528978,0.1579460970929445,0.16999294183506267,0.1783646071710004,0,211,211
hcp83,32,heat_norm18,selected_projection,2,3,0.10840101539764928,0.011904351415998129,0.10840101539764928,0.13412541075898393,0.13932776095459426,0.1460922749171628,0,211,211
hcp83,32,heat_norm18,selected_projection,3,1,0.09915363096964933,0.010150268921968183,0.09915363096964933,0.1337304949281605,0.1526635944070503,0.1763456410238129,0,213,213
hcp83,32,heat_norm18,selected_projection,3,2,0.14045382615215643,0.0198710520356497,0.14045382615215643,0.16306925050699506,0.1744735847106093,0.1826781222031266,0,213,213
hcp83,32,heat_norm18,selected_projection,3,3,0.10954386881652492,0.012219926446137225,0.10954386881652492,0.13466437397828382,0.16260248860658819,0.1863372641348598,0,213,213
hcp83,32,heat_norm18,selected_projection,4,1,0.0966021887897372,0.009537608013177594,0.0966021887897372,0.12205092034402971,0.13822486601112885,0.1423194249662355,0,213,213
hcp83,32,heat_norm18,selected_projection,4,2,0.1394597884612219,0.01955094249850438,0.1394597884612219,0.15665287132676267,0.16704696900510874,0.1745049023609183,0,213,213
hcp83,32,heat_norm18,selected_projection,4,3,0.1124874833918733,0.012790457917993232,0.1124874833918733,0.13427860563239663,0.14500959274256955,0.157905164062483,0,213,213
hcp83,32,heat_norm18,selected_projection,5,1,0.09735989038379574,0.009710705387820429,0.09735989038379574,0.12423584788192804,0.1385029143489234,0.1549456186819955,0,213,213
hcp83,32,heat_norm18,selected_projection,5,2,0.13998420979870488,0.01972492302470268,0.13998420979870488,0.16071661584418756,0.172260333007517,0.1796852613428207,0,213,213
hcp83,32,heat_norm18,selected_projection,5,3,0.11020577499771617,0.01230125220697105,0.11020577499771617,0.13234369294620635,0.14180871270393866,0.1783524830907166,0,213,213
hcp83,32,heat_norm18,selected_robust,1,1,0.09570206806785139,0.00933720044958827,0.09570206806785139,0.11640038383492127,0.14095041759956942,0.1643449501810968,0,213,213
hcp83,32,heat_norm18,selected_robust,1,2,0.1364154406709361,0.018685543911295895,0.1364154406709361,0.15162887392990307,0.1583571387846521,0.1669735012776598,0,213,213
hcp83,32,heat_norm18,selected_robust,1,3,0.10911537183718284,0.012032074687458287,0.10911537183718284,0.12976345818675927,0.13503654506413174,0.1532184514024936,0,213,213
hcp83,32,heat_norm18,selected_robust,2,1,0.09615600540078643,0.009430223642739847,0.09615600540078643,0.1212082135430102,0.13521178676601558,0.1437884515316679,0,211,211
hcp83,32,heat_norm18,selected_robust,2,2,0.13718613610142247,0.018910346285042744,0.13718613610142247,0.1550275577466462,0.15932738055520537,0.1730477642586034,0,211,211
hcp83,32,heat_norm18,selected_robust,2,3,0.10714368745971199,0.011625271488404327,0.10714368745971199,0.13224502618954595,0.13785427028699784,0.1473202669455926,0,211,211
hcp83,32,heat_norm18,selected_robust,3,1,0.09746162045732237,0.009798156236790865,0.09746162045732237,0.13131562384927567,0.14935016761851547,0.1771038260432125,0,213,213
hcp83,32,heat_norm18,selected_robust,3,2,0.1384035689363687,0.019277658992648494,0.1384035689363687,0.15907851402070033,0.1708862130157195,0.1795753465275379,0,213,213
hcp83,32,heat_norm18,selected_robust,3,3,0.10829492182208811,0.011937756241872767,0.10829492182208811,0.13213917862358854,0.16027620518343444,0.1887276905522776,0,213,213
hcp83,32,heat_norm18,selected_robust,4,1,0.0945665045134072,0.00913158754741577,0.0945665045134072,0.11876353913081368,0.13839353474911623,0.1402222324969061,0,213,213
hcp83,32,heat_norm18,selected_robust,4,2,0.13757355707258642,0.019020011818140562,0.13757355707258642,0.15483976843215408,0.16516413502075816,0.1669694382356748,0,213,213
hcp83,32,heat_norm18,selected_robust,4,3,0.11083785277582774,0.012410430596737024,0.11083785277582774,0.13159720510349934,0.14151461353747063,0.1482893142189396,0,213,213
hcp83,32,heat_norm18,selected_robust,5,1,0.09548833351901796,0.00933258144950516,0.09548833351901796,0.12187850180136088,0.13896401721134471,0.1472089752582113,0,213,213
hcp83,32,heat_norm18,selected_robust,5,2,0.13727061648413355,0.018961199950754414,0.13727061648413355,0.15889322740220463,0.16648499344424766,0.1775675637949987,0,213,213
hcp83,32,heat_norm18,selected_robust,5,3,0.10874244123751692,0.011968171151847286,0.10874244123751692,0.13029881074488583,0.1384705690584247,0.1731465359109793,0,213,213
hcp83,32,heat_norm18,selected_sources_ordinary,1,1,0.09884968954611509,0.009980703919108628,0.09884968954611509,0.1255199728079421,0.14501660930874824,0.1730724488515714,0,213,213
hcp83,32,heat_norm18,selected_sources_ordinary,1,2,0.13914192920022134,0.019488250155855355,0.13914192920022134,0.15838791203849012,0.1743489671814692,0.2108453903655192,0,213,213
hcp83,32,heat_norm18,selected_sources_ordinary,1,3,0.11084193064608229,0.012445913294639281,0.11084193064608229,0.13475987558993577,0.15567829922527607,0.1616270711057817,0,213,213
hcp83,32,heat_norm18,selected_sources_ordinary,2,1,0.09754666664923295,0.009745226922321689,0.09754666664923295,0.12401173366229284,0.14110632965818207,0.1634358533406828,0,211,211
hcp83,32,heat_norm18,selected_sources_ordinary,2,2,0.13944285429200776,0.019559162028787654,0.13944285429200776,0.15916611299919947,0.17329448872212183,0.1780947020089954,0,211,211
hcp83,32,heat_norm18,selected_sources_ordinary,2,3,0.10849050995014917,0.011926001395247689,0.10849050995014917,0.1358404376870672,0.13950839863891826,0.1462191782402903,0,211,211
hcp83,32,heat_norm18,selected_sources_ordinary,3,1,0.09915363096964933,0.010150268921968183,0.09915363096964933,0.1337304949281605,0.1526635944070503,0.1763456410238129,0,213,213
hcp83,32,heat_norm18,selected_sources_ordinary,3,2,0.140975500881919,0.020025202366508447,0.140975500881919,0.1651334761152454,0.17791808784669627,0.1826781222031266,0,213,213
hcp83,32,heat_norm18,selected_sources_ordinary,3,3,0.10972351155600912,0.01226389583760678,0.10972351155600912,0.13655608871474711,0.16275123294237598,0.1863372641348598,0,213,213
hcp83,32,heat_norm18,selected_sources_ordinary,4,1,0.0966021887897372,0.009537608013177594,0.0966021887897372,0.12205092034402971,0.13822486601112885,0.1423194249662355,0,213,213
hcp83,32,heat_norm18,selected_sources_ordinary,4,2,0.14014309144934065,0.019755120042326667,0.14014309144934065,0.15723651481681442,0.16827174718959692,0.1959094486968588,0,213,213
hcp83,32,heat_norm18,selected_sources_ordinary,4,3,0.11257289706488417,0.012810079914204906,0.11257289706488417,0.13451362110256937,0.14504028042329908,0.157905164062483,0,213,213
hcp83,32,heat_norm18,selected_sources_ordinary,5,1,0.09735989038379574,0.009710705387820429,0.09735989038379574,0.12423584788192804,0.1385029143489234,0.1549456186819955,0,213,213
hcp83,32,heat_norm18,selected_sources_ordinary,5,2,0.14088595142726756,0.020003298784206147,0.14088595142726756,0.16285889914088977,0.1795451210475239,0.197150828717445,0,213,213
hcp83,32,heat_norm18,selected_sources_ordinary,5,3,0.11031200532306915,0.012326182793344955,0.11031200532306915,0.13234369294620635,0.14201344960193235,0.1783524830907166,0,213,213
hcp83,32,heat_norm18,spatial_robust,1,1,0.10394022306449208,0.010954146125922878,0.10394022306449208,0.12747771085469348,0.13870197012106136,0.1566585894926043,0,213,213
hcp83,32,heat_norm18,spatial_robust,1,2,0.1379235764801442,0.019104737540751957,0.1379235764801442,0.15531748189794065,0.15926716502802318,0.1645683295674564,0,213,213
hcp83,32,heat_norm18,spatial_robust,1,3,0.11395151674027383,0.01312568852822886,0.11395151674027383,0.1363609631585379,0.15324855764940817,0.1685400003753337,0,213,213
hcp83,32,heat_norm18,spatial_robust,2,1,0.1030465021706853,0.010804464738108328,0.1030465021706853,0.12419550220131159,0.14715989328510384,0.1583539246036972,0,211,211
hcp83,32,heat_norm18,spatial_robust,2,2,0.13709483828744057,0.018886222929610508,0.13709483828744057,0.1526820045528534,0.16504969583631213,0.1715000027611173,0,211,211
hcp83,32,heat_norm18,spatial_robust,2,3,0.11290348507451907,0.01289124657356688,0.11290348507451907,0.13657637872700845,0.1477397449961474,0.1570130093258499,0,211,211
hcp83,32,heat_norm18,spatial_robust,3,1,0.1048483517992727,0.01133131757858343,0.1048483517992727,0.13040969167342834,0.16713600722868266,0.2264534588209552,0,213,213
hcp83,32,heat_norm18,spatial_robust,3,2,0.1378225442051925,0.019124412482996775,0.1378225442051925,0.15915888438547424,0.17025470669354453,0.1758247677516695,0,213,213
hcp83,32,heat_norm18,spatial_robust,3,3,0.11480270655448295,0.013390475507040553,0.11480270655448295,0.1409276238171917,0.16243051520607177,0.1984063265030998,0,213,213
hcp83,32,heat_norm18,spatial_robust,4,1,0.10221774010628983,0.01064995008118782,0.10221774010628983,0.1254662123509407,0.14728046958181548,0.1611711506389505,0,213,213
hcp83,32,heat_norm18,spatial_robust,4,2,0.13803192757658012,0.01916159351402352,0.13803192757658012,0.15636592463307847,0.1642712450740069,0.1954307392088946,0,213,213
hcp83,32,heat_norm18,spatial_robust,4,3,0.11460353064584475,0.013267455997797044,0.11460353064584475,0.13762585808501482,0.1434963293163469,0.1555340474203108,0,213,213
hcp83,32,heat_norm18,spatial_robust,5,1,0.10446628990645315,0.011097454599892656,0.10446628990645315,0.12762985596533133,0.13970791382919845,0.141113031564269,0,213,213
hcp83,32,heat_norm18,spatial_robust,5,2,0.13728593353403604,0.01897825949752215,0.13728593353403604,0.15816807415250259,0.16596560258557067,0.1937924217787291,0,213,213
hcp83,32,heat_norm18,spatial_robust,5,3,0.1138154549279487,0.013101113842193549,0.1138154549279487,0.13395076249706284,0.15022932980384657,0.1715733775080382,0,213,213
hcp83,32,heat_norm18,template_random_bounded_residual,1,1,0.033123539126946294,0.0012458374089407058,0.033123539126946294,0.055720130668741756,0.06866634458517754,0.1128183808161946,0,213,213
hcp83,32,heat_norm18,template_random_bounded_residual,1,2,0.03494700062221081,0.0013735466379819338,0.03494700062221081,0.05576711674116241,0.07115759594400288,0.114950649347527,0,213,213
hcp83,32,heat_norm18,template_random_bounded_residual,1,3,0.03065042693742633,0.0010440086120252423,0.03065042693742633,0.05009546572667743,0.06253485595584139,0.0916071695851399,0,213,213
hcp83,32,heat_norm18,template_random_bounded_residual,2,1,0.0319302014782708,0.0011625145948135063,0.0319302014782708,0.052968269409927646,0.0704209636046191,0.121746991771745,0,211,211
hcp83,32,heat_norm18,template_random_bounded_residual,2,2,0.034076815024294674,0.001317414746689333,0.034076815024294674,0.05578309490357635,0.07356130855655084,0.1144063633352156,0,211,211
hcp83,32,heat_norm18,template_random_bounded_residual,2,3,0.03091448839949217,0.0010734416422021626,0.03091448839949217,0.05026528159240965,0.06708079518976576,0.10948078457833,0,211,211
hcp83,32,heat_norm18,template_random_bounded_residual,3,1,0.03272880480847835,0.00124445593617914,0.03272880480847835,0.05912574132524427,0.0787099180182666,0.1048840417853791,0,213,213
hcp83,32,heat_norm18,template_random_bounded_residual,3,2,0.03648735951604089,0.0015590180130257262,0.03648735951604089,0.0683038105800392,0.08609204253823831,0.1151602375405592,0,213,213
hcp83,32,heat_norm18,template_random_bounded_residual,3,3,0.031305823084098766,0.0011294340889577302,0.031305823084098766,0.05760146965204379,0.07648828430763462,0.0992847472165422,0,213,213
hcp83,32,heat_norm18,template_random_bounded_residual,4,1,0.030999775919547886,0.0010813441639514357,0.030999775919547886,0.04885752280831397,0.07255108616231185,0.0921629792264523,0,213,213
hcp83,32,heat_norm18,template_random_bounded_residual,4,2,0.03686858555177388,0.001574018572878145,0.03686858555177388,0.06100795412130823,0.08620451031853335,0.1175269212927595,0,213,213
hcp83,32,heat_norm18,template_random_bounded_residual,4,3,0.031869486003332656,0.0011240512274766454,0.031869486003332656,0.05089007963895571,0.06883264591235225,0.0919411323943401,0,213,213
hcp83,32,heat_norm18,template_random_bounded_residual,5,1,0.03221140562721731,0.0011685776934196822,0.03221140562721731,0.05390447292538461,0.07475890723938611,0.0898926125514141,0,213,213
hcp83,32,heat_norm18,template_random_bounded_residual,5,2,0.03541353067416562,0.0014214457326914543,0.03541353067416562,0.06112610869499295,0.0795937218183716,0.0983857414646477,0,213,213
hcp83,32,heat_norm18,template_random_bounded_residual,5,3,0.0332733142635876,0.0012488128777483787,0.0332733142635876,0.05578725594759093,0.0711242262326813,0.0952555394987861,0,213,213
hcp83,32,heat_norm18,template_random_projection,1,1,0.034723748819873196,0.001368710852418515,0.034723748819873196,0.05608190179612883,0.07628935717084,0.1206806098490655,0,213,213
hcp83,32,heat_norm18,template_random_projection,1,2,0.03665616486457693,0.0015071402889956385,0.03665616486457693,0.056402941942099515,0.07456536857834725,0.1250062081449958,0,213,213
hcp83,32,heat_norm18,template_random_projection,1,3,0.03201019660616236,0.0011465580731683063,0.03201019660616236,0.05091894583373279,0.06873565149006944,0.1060972493772359,0,213,213
hcp83,32,heat_norm18,template_random_projection,2,1,0.03421063017896248,0.0013526057991725716,0.03421063017896248,0.054468463121257846,0.0846502807527453,0.1274279458585068,0,211,211
hcp83,32,heat_norm18,template_random_projection,2,2,0.036556485880512385,0.0015268244959609348,0.036556485880512385,0.0571356323819934,0.09964316202732838,0.1225681044706837,0,211,211
hcp83,32,heat_norm18,template_random_projection,2,3,0.0329703718239677,0.0012484104853426512,0.0329703718239677,0.0518163119879847,0.07703358718073798,0.1158903854977694,0,211,211
hcp83,32,heat_norm18,template_random_projection,3,1,0.03461541425761754,0.0013994652059226061,0.03461541425761754,0.06316629466246174,0.08795031904420368,0.1251134310572176,0,213,213
hcp83,32,heat_norm18,template_random_projection,3,2,0.03823345176329398,0.0017120637141499896,0.03823345176329398,0.07257403373027048,0.09039545375616335,0.128997287855002,0,213,213
hcp83,32,heat_norm18,template_random_projection,3,3,0.03269342259398215,0.0012378052981006132,0.03269342259398215,0.05829043980708022,0.07844716141614014,0.1112233751900399,0,213,213
hcp83,32,heat_norm18,template_random_projection,4,1,0.032863985718632346,0.0012051755285844795,0.032863985718632346,0.051077913718004714,0.07344542467942357,0.0928483367257981,0,213,213
hcp83,32,heat_norm18,template_random_projection,4,2,0.038402349771246236,0.0016872942843145465,0.038402349771246236,0.06285619268198675,0.08465098803009546,0.1177513034657444,0,213,213
hcp83,32,heat_norm18,template_random_projection,4,3,0.033458908418483625,0.0012240268413241696,0.033458908418483625,0.05268005325534785,0.06768712519780386,0.090218983244128,0,213,213
hcp83,32,heat_norm18,template_random_projection,5,1,0.03398272160023223,0.001292370332155288,0.03398272160023223,0.054755180965036315,0.07588898169438635,0.0915473029305738,0,213,213
hcp83,32,heat_norm18,template_random_projection,5,2,0.0370039243920021,0.001542505778037445,0.0370039243920021,0.06527853329498304,0.07923139846883426,0.1004294558714893,0,213,213
hcp83,32,heat_norm18,template_random_projection,5,3,0.03486081788770664,0.0013632905547958435,0.03486081788770664,0.05828818300447919,0.07547597576728951,0.097080971661773,0,213,213
hcp83,32,heat_norm18,template_random_robust,1,1,0.033123539126946294,0.0012458374089407058,0.033123539126946294,0.055720130668741756,0.06866634458517754,0.1128183808161946,0,213,213
hcp83,32,heat_norm18,template_random_robust,1,2,0.03494700062221081,0.0013735466379819338,0.03494700062221081,0.05576711674116241,0.07115759594400288,0.114950649347527,0,213,213
hcp83,32,heat_norm18,template_random_robust,1,3,0.03065042693742633,0.0010440086120252423,0.03065042693742633,0.05009546572667743,0.06253485595584139,0.0916071695851399,0,213,213
hcp83,32,heat_norm18,template_random_robust,2,1,0.0319302014782708,0.0011625145948135063,0.0319302014782708,0.052968269409927646,0.0704209636046191,0.121746991771745,0,211,211
hcp83,32,heat_norm18,template_random_robust,2,2,0.034076815024294674,0.001317414746689333,0.034076815024294674,0.05578309490357635,0.07356130855655084,0.1144063633352156,0,211,211
hcp83,32,heat_norm18,template_random_robust,2,3,0.03091448839949217,0.0010734416422021626,0.03091448839949217,0.05026528159240965,0.06708079518976576,0.10948078457833,0,211,211
hcp83,32,heat_norm18,template_random_robust,3,1,0.03272880480847835,0.00124445593617914,0.03272880480847835,0.05912574132524427,0.0787099180182666,0.1048840417853791,0,213,213
hcp83,32,heat_norm18,template_random_robust,3,2,0.03648735951604089,0.0015590180130257262,0.03648735951604089,0.0683038105800392,0.08609204253823831,0.1151602375405592,0,213,213
hcp83,32,heat_norm18,template_random_robust,3,3,0.031305823084098766,0.0011294340889577302,0.031305823084098766,0.05760146965204379,0.07648828430763462,0.0992847472165422,0,213,213
hcp83,32,heat_norm18,template_random_robust,4,1,0.030999775919547886,0.0010813441639514357,0.030999775919547886,0.04885752280831397,0.07255108616231185,0.0921629792264523,0,213,213
hcp83,32,heat_norm18,template_random_robust,4,2,0.03686858555177388,0.001574018572878145,0.03686858555177388,0.06100795412130823,0.08620451031853335,0.1175269212927595,0,213,213
hcp83,32,heat_norm18,template_random_robust,4,3,0.031869486003332656,0.0011240512274766454,0.031869486003332656,0.05089007963895571,0.06883264591235225,0.0919411323943401,0,213,213
hcp83,32,heat_norm18,template_random_robust,5,1,0.03221140562721731,0.0011685776934196822,0.03221140562721731,0.05390447292538461,0.07475890723938611,0.0898926125514141,0,213,213
hcp83,32,heat_norm18,template_random_robust,5,2,0.03541353067416562,0.0014214457326914543,0.03541353067416562,0.06112610869499295,0.0795937218183716,0.0983857414646477,0,213,213
hcp83,32,heat_norm18,template_random_robust,5,3,0.0332733142635876,0.0012488128777483787,0.0332733142635876,0.05578725594759093,0.0711242262326813,0.0952555394987861,0,213,213
hcp83,32,heat_norm18,template_selected_bounded_residual,1,1,0.03127308000318971,0.0011091166617811727,0.03127308000318971,0.05289029389470522,0.0682421057525413,0.1020295461935604,0,213,213
hcp83,32,heat_norm18,template_selected_bounded_residual,1,2,0.0343413942144024,0.0013538279479010191,0.0343413942144024,0.05688702525747392,0.07467078220521177,0.1139721897249652,0,213,213
hcp83,32,heat_norm18,template_selected_bounded_residual,1,3,0.030829042088796863,0.0010608530887966593,0.030829042088796863,0.050153336957668555,0.06329774541617664,0.0940950127884438,0,213,213
hcp83,32,heat_norm18,template_selected_bounded_residual,2,1,0.031067038940380702,0.0010978741171735514,0.031067038940380702,0.0517086345798475,0.06789843319255293,0.1166234027483213,0,211,211
hcp83,32,heat_norm18,template_selected_bounded_residual,2,2,0.03270229265903933,0.0012086568130782519,0.03270229265903933,0.05253023325278745,0.07112384856720781,0.1104193157261139,0,211,211
hcp83,32,heat_norm18,template_selected_bounded_residual,2,3,0.03063052170888051,0.0010466548853220918,0.03063052170888051,0.0485421294846518,0.06349164428041704,0.1024602499226499,0,211,211
hcp83,32,heat_norm18,template_selected_bounded_residual,3,1,0.0314751991296566,0.001147111147510668,0.0314751991296566,0.056113937173978494,0.07690234002200375,0.1014920218782952,0,213,213
hcp83,32,heat_norm18,template_selected_bounded_residual,3,2,0.033110156838262635,0.001257881345951091,0.033110156838262635,0.05859763721753356,0.07567372175259006,0.104079261430341,0,213,213
hcp83,32,heat_norm18,template_selected_bounded_residual,3,3,0.03095364913250723,0.0010904174384388596,0.03095364913250723,0.05502010909671888,0.0713030002837671,0.0948825167036932,0,213,213
hcp83,32,heat_norm18,template_selected_bounded_residual,4,1,0.030249601421664697,0.0010287472388767333,0.030249601421664697,0.0470958284758613,0.06731089900042972,0.0930082170182504,0,213,213
hcp83,32,heat_norm18,template_selected_bounded_residual,4,2,0.03170488489447358,0.0011321735099761637,0.03170488489447358,0.04845680426360146,0.06937147532652434,0.0961816060921393,0,213,213
hcp83,32,heat_norm18,template_selected_bounded_residual,4,3,0.02959328692768219,0.0009656717757368516,0.02959328692768219,0.04689880408497488,0.06366017387895669,0.0830605697169337,0,213,213
hcp83,32,heat_norm18,template_selected_bounded_residual,5,1,0.03102672826483404,0.001091941631029233,0.03102672826483404,0.05310042624580839,0.07557815017839241,0.0861920801120436,0,213,213
hcp83,32,heat_norm18,template_selected_bounded_residual,5,2,0.032901997308129025,0.0012137374614488118,0.032901997308129025,0.05648123476623819,0.07014911922887389,0.0900548797519358,0,213,213
hcp83,32,heat_norm18,template_selected_bounded_residual,5,3,0.030965609594624816,0.001073607656666761,0.030965609594624816,0.05246703200567939,0.06701028505914912,0.0838680794964003,0,213,213
hcp83,32,heat_norm18,template_selected_projection,1,1,0.032876589213593675,0.0012387213460751307,0.032876589213593675,0.053461788950002,0.07681548739279467,0.1228230191849355,0,213,213
hcp83,32,heat_norm18,template_selected_projection,1,2,0.03588121182035036,0.0014747789008158843,0.03588121182035036,0.05719031621902686,0.07537061008069351,0.1267538395123655,0,213,213
hcp83,32,heat_norm18,template_selected_projection,1,3,0.03235766298081138,0.001185172203632717,0.03235766298081138,0.050802812866364094,0.0743378709933491,0.1128669370687778,0,213,213
hcp83,32,heat_norm18,template_selected_projection,2,1,0.03324048538481432,0.0012844236847516508,0.03324048538481432,0.05296581305898715,0.0838214590963985,0.1265390032763196,0,211,211
hcp83,32,heat_norm18,template_selected_projection,2,2,0.03505989873428323,0.001397873142675564,0.03505989873428323,0.05516016953300015,0.08706500145280859,0.1174617033660086,0,211,211
hcp83,32,heat_norm18,template_selected_projection,2,3,0.03261118482014978,0.0012219073486616377,0.03261118482014978,0.0526575241783311,0.07276845921471728,0.1166060608381456,0,211,211
hcp83,32,heat_norm18,template_selected_projection,3,1,0.033219175437260745,0.0012870478058311392,0.033219175437260745,0.06014891314746385,0.08237815544559139,0.1235886173040984,0,213,213
hcp83,32,heat_norm18,template_selected_projection,3,2,0.03509196363798251,0.001407364048032718,0.03509196363798251,0.06499308818664996,0.07669234594702355,0.1156165775388253,0,213,213
hcp83,32,heat_norm18,template_selected_projection,3,3,0.03232117082929917,0.001197388087377792,0.03232117082929917,0.0559702177230828,0.07396867532439379,0.1121544777818248,0,213,213
hcp83,32,heat_norm18,template_selected_projection,4,1,0.03202775834122321,0.0011411585756223382,0.03202775834122321,0.050072876141996285,0.06662033380347503,0.0931367962615523,0,213,213
hcp83,32,heat_norm18,template_selected_projection,4,2,0.03362515323176155,0.0012535193199382016,0.03362515323176155,0.05235014111529586,0.06772950678761411,0.0954923206019864,0,213,213
hcp83,32,heat_norm18,template_selected_projection,4,3,0.03117283629015418,0.0010635008322583107,0.03117283629015418,0.04983392543082272,0.06314361092327608,0.0885173458544583,0,213,213
hcp83,32,heat_norm18,template_selected_projection,5,1,0.03252763300038751,0.0011893156848834707,0.03252763300038751,0.054799584251275346,0.0732775637413504,0.0901717144481846,0,213,213
hcp83,32,heat_norm18,template_selected_projection,5,2,0.03443949646249719,0.0013225980522275187,0.03443949646249719,0.05898869088152271,0.07092848051080482,0.09320908032683,0,213,213
hcp83,32,heat_norm18,template_selected_projection,5,3,0.032233832256931806,0.0011564585129705404,0.032233832256931806,0.05340812443344215,0.06720156943312133,0.089868879322,0,213,213
hcp83,32,heat_norm18,template_selected_robust,1,1,0.03127308000318971,0.0011091166617811727,0.03127308000318971,0.05289029389470522,0.0682421057525413,0.1020295461935604,0,213,213
hcp83,32,heat_norm18,template_selected_robust,1,2,0.0343413942144024,0.0013538279479010191,0.0343413942144024,0.05688702525747392,0.07467078220521177,0.1139721897249652,0,213,213
hcp83,32,heat_norm18,template_selected_robust,1,3,0.030829042088796863,0.0010608530887966593,0.030829042088796863,0.050153336957668555,0.06329774541617664,0.0940950127884438,0,213,213
hcp83,32,heat_norm18,template_selected_robust,2,1,0.031067038940380702,0.0010978741171735514,0.031067038940380702,0.0517086345798475,0.06789843319255293,0.1166234027483213,0,211,211
hcp83,32,heat_norm18,template_selected_robust,2,2,0.03270229265903933,0.0012086568130782519,0.03270229265903933,0.05253023325278745,0.07112384856720781,0.1104193157261139,0,211,211
hcp83,32,heat_norm18,template_selected_robust,2,3,0.03063052170888051,0.0010466548853220918,0.03063052170888051,0.0485421294846518,0.06349164428041704,0.1024602499226499,0,211,211
hcp83,32,heat_norm18,template_selected_robust,3,1,0.0314751991296566,0.001147111147510668,0.0314751991296566,0.056113937173978494,0.07690234002200375,0.1014920218782952,0,213,213
hcp83,32,heat_norm18,template_selected_robust,3,2,0.033110156838262635,0.001257881345951091,0.033110156838262635,0.05859763721753356,0.07567372175259006,0.104079261430341,0,213,213
hcp83,32,heat_norm18,template_selected_robust,3,3,0.03095364913250723,0.0010904174384388596,0.03095364913250723,0.05502010909671888,0.0713030002837671,0.0948825167036932,0,213,213
hcp83,32,heat_norm18,template_selected_robust,4,1,0.030249601421664697,0.0010287472388767333,0.030249601421664697,0.0470958284758613,0.06731089900042972,0.0930082170182504,0,213,213
hcp83,32,heat_norm18,template_selected_robust,4,2,0.03170488489447358,0.0011321735099761637,0.03170488489447358,0.04845680426360146,0.06937147532652434,0.0961816060921393,0,213,213
hcp83,32,heat_norm18,template_selected_robust,4,3,0.02959328692768219,0.0009656717757368516,0.02959328692768219,0.04689880408497488,0.06366017387895669,0.0830605697169337,0,213,213
hcp83,32,heat_norm18,template_selected_robust,5,1,0.03102672826483404,0.001091941631029233,0.03102672826483404,0.05310042624580839,0.07557815017839241,0.0861920801120436,0,213,213
hcp83,32,heat_norm18,template_selected_robust,5,2,0.032901997308129025,0.0012137374614488118,0.032901997308129025,0.05648123476623819,0.07014911922887389,0.0900548797519358,0,213,213
hcp83,32,heat_norm18,template_selected_robust,5,3,0.030965609594624816,0.001073607656666761,0.030965609594624816,0.05246703200567939,0.06701028505914912,0.0838680794964003,0,213,213
hcp83,32,heat_raw18,atlas_random_aligned,1,1,0.022189056457147974,0.0005066997273412009,0.022189056457147974,0.029132370555182353,0.031899970681079505,0.034679400670075,0,213,213
hcp83,32,heat_raw18,atlas_random_aligned,1,2,0.0233350034119115,0.0005604615893161028,0.0233350034119115,0.030592717135516694,0.03542303530377189,0.0363063754753254,0,213,213
hcp83,32,heat_raw18,atlas_random_aligned,1,3,0.022423229077732316,0.0005163703092826409,0.022423229077732316,0.02991003212847908,0.03243085021535096,0.0329711249026843,0,213,213
hcp83,32,heat_raw18,atlas_random_aligned,2,1,0.02224771602924325,0.000510461838570446,0.02224771602924325,0.029411467740711197,0.03291460750895016,0.0372826687575815,0,211,211
hcp83,32,heat_raw18,atlas_random_aligned,2,2,0.02320106560253695,0.0005525053721864465,0.02320106560253695,0.030186177818415948,0.03302797495674164,0.0356948298964563,0,211,211
hcp83,32,heat_raw18,atlas_random_aligned,2,3,0.022731356919860862,0.0005294352771115885,0.022731356919860862,0.0290962525192486,0.032625988128552635,0.034012470560102,0,211,211
hcp83,32,heat_raw18,atlas_random_aligned,3,1,0.02258393827721625,0.0005393761714266573,0.02258393827721625,0.028888488823299176,0.035645913922093285,0.0773607521070938,0,213,213
hcp83,32,heat_raw18,atlas_random_aligned,3,2,0.023721816700774834,0.0005816757547996924,0.023721816700774834,0.030908451482313495,0.035313523857761896,0.0558266483304879,0,213,213
hcp83,32,heat_raw18,atlas_random_aligned,3,3,0.022788809529422742,0.0005415721916578783,0.022788809529422742,0.030042580556894394,0.03599756320820514,0.063737530210678,0,213,213
hcp83,32,heat_raw18,atlas_random_aligned,4,1,0.02268676880140399,0.0005321552962979,0.02268676880140399,0.030489036450760676,0.0359018945378401,0.0388411689963295,0,213,213
hcp83,32,heat_raw18,atlas_random_aligned,4,2,0.023871016581655097,0.0005875180906732221,0.023871016581655097,0.03129921672468453,0.03621756325086752,0.042494412031349,0,213,213
hcp83,32,heat_raw18,atlas_random_aligned,4,3,0.023468123239504483,0.0005665800976408259,0.023468123239504483,0.030837073478264355,0.03570936072071716,0.0375262620161654,0,213,213
hcp83,32,heat_raw18,atlas_random_aligned,5,1,0.022132428239800602,0.0005170587065758991,0.022132428239800602,0.029166160656629192,0.03464297143043741,0.0733584206853297,0,213,213
hcp83,32,heat_raw18,atlas_random_aligned,5,2,0.022895522300986387,0.0005429255543202972,0.022895522300986387,0.030557093728583458,0.03409341796521746,0.0561167878218838,0,213,213
hcp83,32,heat_raw18,atlas_random_aligned,5,3,0.02309990933617954,0.0005573684421201681,0.02309990933617954,0.029649679544647204,0.03626747032442167,0.0687917067232172,0,213,213
hcp83,32,heat_raw18,atlas_random_mean,1,1,0.05757027747563375,0.004191696055470228,0.05757027747563375,0.09652195446537119,0.2039796739593863,0.2434485207866918,0,213,213
hcp83,32,heat_raw18,atlas_random_mean,1,2,0.059885704644818336,0.004475503027018642,0.059885704644818336,0.1026619399788968,0.20415829276501996,0.2458358321241312,0,213,213
hcp83,32,heat_raw18,atlas_random_mean,1,3,0.05667827619448714,0.004066282894965218,0.05667827619448714,0.09522688053298982,0.20550951499398004,0.2420466754100094,0,213,213
hcp83,32,heat_raw18,atlas_random_mean,2,1,0.05868810298111249,0.004600413244381603,0.05868810298111249,0.099853386388527,0.2026819334156894,0.2807449993646399,0,211,211
hcp83,32,heat_raw18,atlas_random_mean,2,2,0.061275249459560165,0.004899687409401773,0.061275249459560165,0.1057147946141575,0.20234510738112416,0.2770468131164135,0,211,211
hcp83,32,heat_raw18,atlas_random_mean,2,3,0.0582480095359914,0.0045296070741846555,0.0582480095359914,0.10335033061440504,0.20163144972914562,0.2813853313317889,0,211,211
hcp83,32,heat_raw18,atlas_random_mean,3,1,0.059010596550184896,0.004536610898766746,0.059010596550184896,0.1115024007411604,0.21218767990104723,0.2244853598043883,0,213,213
hcp83,32,heat_raw18,atlas_random_mean,3,2,0.0617723917469683,0.004880567722263458,0.0617723917469683,0.11577843569937576,0.2114105712874028,0.2263485422875545,0,213,213
hcp83,32,heat_raw18,atlas_random_mean,3,3,0.058611688171568345,0.0044883254361942,0.058611688171568345,0.1110990177212102,0.20958663609165973,0.2335626905593603,0,213,213
hcp83,32,heat_raw18,atlas_random_mean,4,1,0.057201082354256014,0.003970552892472824,0.057201082354256014,0.1011963263796828,0.16288947381484825,0.2009549984165289,0,213,213
hcp83,32,heat_raw18,atlas_random_mean,4,2,0.059598026976736496,0.004268916595148656,0.059598026976736496,0.10335322725419972,0.16793117748550482,0.2010416245763991,0,213,213
hcp83,32,heat_raw18,atlas_random_mean,4,3,0.056805159685061044,0.003915035024494794,0.056805159685061044,0.1017157566150352,0.16265389039423472,0.2006926205128737,0,213,213
hcp83,32,heat_raw18,atlas_random_mean,5,1,0.05772904464822362,0.003993205062474865,0.05772904464822362,0.09926358993730834,0.15970846712768627,0.2253149323304183,0,213,213
hcp83,32,heat_raw18,atlas_random_mean,5,2,0.060577578945781634,0.004354304306967907,0.060577578945781634,0.10472532061896783,0.1650456592013251,0.2273526050285006,0,213,213
hcp83,32,heat_raw18,atlas_random_mean,5,3,0.05763505653315198,0.003996293111874256,0.05763505653315198,0.09791141127331583,0.1600620625863941,0.2346386564586707,0,213,213
hcp83,32,heat_raw18,atlas_selected_aligned,1,1,0.021972457347917314,0.0004971804595916535,0.021972457347917314,0.028734224336531246,0.03249687361133503,0.0344274067869857,0,213,213
hcp83,32,heat_raw18,atlas_selected_aligned,1,2,0.022836651012323475,0.0005355934606723102,0.022836651012323475,0.029789254329828155,0.03345372577818471,0.0355302210460196,0,213,213
hcp83,32,heat_raw18,atlas_selected_aligned,1,3,0.022400811487369648,0.000514923768483187,0.022400811487369648,0.029775399123397207,0.0322479761337177,0.0330264897748462,0,213,213
hcp83,32,heat_raw18,atlas_selected_aligned,2,1,0.02220031148695901,0.0005078096344830938,0.02220031148695901,0.02924196253620635,0.032016435440012626,0.0376431713300101,0,211,211
hcp83,32,heat_raw18,atlas_selected_aligned,2,2,0.023163416804341367,0.0005493198841356171,0.023163416804341367,0.0296734939590735,0.03275994862949077,0.0334062470162491,0,211,211
hcp83,32,heat_raw18,atlas_selected_aligned,2,3,0.0228924497672243,0.000537038204484772,0.0228924497672243,0.02947530503901815,0.0327715207076413,0.0344073773037027,0,211,211
hcp83,32,heat_raw18,atlas_selected_aligned,3,1,0.022314356099303698,0.0005260250418565672,0.022314356099303698,0.028567328230255318,0.03547594062826953,0.0743229349484518,0,213,213
hcp83,32,heat_raw18,atlas_selected_aligned,3,2,0.023088496401780775,0.0005484496446295417,0.023088496401780775,0.029339294408571297,0.0330834964275951,0.0533785512580811,0,213,213
hcp83,32,heat_raw18,atlas_selected_aligned,3,3,0.022968090123179918,0.0005493505419835644,0.022968090123179918,0.029430017662290257,0.0349769331980409,0.0653279116404389,0,213,213
hcp83,32,heat_raw18,atlas_selected_aligned,4,1,0.022562296168031737,0.0005262135370485122,0.022562296168031737,0.030496443390672517,0.035118645842031594,0.0384789408453117,0,213,213
hcp83,32,heat_raw18,atlas_selected_aligned,4,2,0.023020289826188062,0.0005434901894587723,0.023020289826188062,0.029457745014130617,0.03385539584426164,0.0388051328822151,0,213,213
hcp83,32,heat_raw18,atlas_selected_aligned,4,3,0.02326564905865743,0.0005555889736554606,0.02326564905865743,0.02987349452178701,0.03456444854358605,0.0355588775383546,0,213,213
hcp83,32,heat_raw18,atlas_selected_aligned,5,1,0.022056492250735735,0.0005138599989364742,0.022056492250735735,0.028812346184788697,0.03410262183321051,0.0748080450073867,0,213,213
hcp83,32,heat_raw18,atlas_selected_aligned,5,2,0.022740990932243823,0.0005341018353011005,0.022740990932243823,0.029463438394955157,0.03398031495501178,0.053747844019186,0,213,213
hcp83,32,heat_raw18,atlas_selected_aligned,5,3,0.022663428968004128,0.0005345797794205874,0.022663428968004128,0.02896052387426334,0.03491446831621627,0.0653206508375725,0,213,213
hcp83,32,heat_raw18,atlas_selected_mean,1,1,0.05757027747563375,0.004191696055470228,0.05757027747563375,0.09652195446537119,0.2039796739593863,0.2434485207866918,0,213,213
hcp83,32,heat_raw18,atlas_selected_mean,1,2,0.059885704644818336,0.004475503027018642,0.059885704644818336,0.1026619399788968,0.20415829276501996,0.2458358321241312,0,213,213
hcp83,32,heat_raw18,atlas_selected_mean,1,3,0.05667827619448714,0.004066282894965218,0.05667827619448714,0.09522688053298982,0.20550951499398004,0.2420466754100094,0,213,213
hcp83,32,heat_raw18,atlas_selected_mean,2,1,0.05868810298111249,0.004600413244381603,0.05868810298111249,0.099853386388527,0.2026819334156894,0.2807449993646399,0,211,211
hcp83,32,heat_raw18,atlas_selected_mean,2,2,0.061275249459560165,0.004899687409401773,0.061275249459560165,0.1057147946141575,0.20234510738112416,0.2770468131164135,0,211,211
hcp83,32,heat_raw18,atlas_selected_mean,2,3,0.0582480095359914,0.0045296070741846555,0.0582480095359914,0.10335033061440504,0.20163144972914562,0.2813853313317889,0,211,211
hcp83,32,heat_raw18,atlas_selected_mean,3,1,0.059010596550184896,0.004536610898766746,0.059010596550184896,0.1115024007411604,0.21218767990104723,0.2244853598043883,0,213,213
hcp83,32,heat_raw18,atlas_selected_mean,3,2,0.0617723917469683,0.004880567722263458,0.0617723917469683,0.11577843569937576,0.2114105712874028,0.2263485422875545,0,213,213
hcp83,32,heat_raw18,atlas_selected_mean,3,3,0.058611688171568345,0.0044883254361942,0.058611688171568345,0.1110990177212102,0.20958663609165973,0.2335626905593603,0,213,213
hcp83,32,heat_raw18,atlas_selected_mean,4,1,0.057201082354256014,0.003970552892472824,0.057201082354256014,0.1011963263796828,0.16288947381484825,0.2009549984165289,0,213,213
hcp83,32,heat_raw18,atlas_selected_mean,4,2,0.059598026976736496,0.004268916595148656,0.059598026976736496,0.10335322725419972,0.16793117748550482,0.2010416245763991,0,213,213
hcp83,32,heat_raw18,atlas_selected_mean,4,3,0.056805159685061044,0.003915035024494794,0.056805159685061044,0.1017157566150352,0.16265389039423472,0.2006926205128737,0,213,213
hcp83,32,heat_raw18,atlas_selected_mean,5,1,0.05772904464822362,0.003993205062474865,0.05772904464822362,0.09926358993730834,0.15970846712768627,0.2253149323304183,0,213,213
hcp83,32,heat_raw18,atlas_selected_mean,5,2,0.060577578945781634,0.004354304306967907,0.060577578945781634,0.10472532061896783,0.1650456592013251,0.2273526050285006,0,213,213
hcp83,32,heat_raw18,atlas_selected_mean,5,3,0.05763505653315198,0.003996293111874256,0.05763505653315198,0.09791141127331583,0.1600620625863941,0.2346386564586707,0,213,213
hcp83,32,heat_raw18,floor_random_robust,1,1,0.10478413191014271,0.011157640797823503,0.10478413191014271,0.12951568615939474,0.1446319164099174,0.1470559513059166,0,213,213
hcp83,32,heat_raw18,floor_random_robust,1,2,0.13992482796687228,0.019738127587774466,0.13992482796687228,0.15488403684384203,0.16255252531337896,0.275422328042773,0,213,213
hcp83,32,heat_raw18,floor_random_robust,1,3,0.11666600421226979,0.013717184217679671,0.11666600421226979,0.13337488012337675,0.1474272881335085,0.1520094377987521,0,213,213
hcp83,32,heat_raw18,floor_random_robust,2,1,0.1021525208876831,0.01058693123319454,0.1021525208876831,0.12233238436363164,0.14131018475662818,0.1508116998054885,0,211,211
hcp83,32,heat_raw18,floor_random_robust,2,2,0.13956645002658633,0.0195584780648116,0.13956645002658633,0.15544329459835526,0.16251077980656004,0.1660610117512329,0,211,211
hcp83,32,heat_raw18,floor_random_robust,2,3,0.11890199559826867,0.014283272710513092,0.11890199559826867,0.14358815324513924,0.1576604887091025,0.1622276656913489,0,211,211
hcp83,32,heat_raw18,floor_random_robust,3,1,0.10581195011124,0.01156664070131598,0.10581195011124,0.13652701595986794,0.15619329655764894,0.2769465922349363,0,213,213
hcp83,32,heat_raw18,floor_random_robust,3,2,0.1420066838262011,0.02029411388955628,0.1420066838262011,0.16068865164416882,0.18092422223258775,0.1939467845827771,0,213,213
hcp83,32,heat_raw18,floor_random_robust,3,3,0.11870132070298275,0.014249262872281442,0.11870132070298275,0.13992749092820528,0.16033542940174073,0.182925123727884,0,213,213
hcp83,32,heat_raw18,floor_random_robust,4,1,0.10561637883376206,0.011334112017610112,0.10561637883376206,0.13141166623672226,0.14645270928224602,0.1489227875211345,0,213,213
hcp83,32,heat_raw18,floor_random_robust,4,2,0.13960157476349436,0.01958272640000674,0.13960157476349436,0.15631221282122681,0.1626903485726765,0.1657721674951707,0,213,213
hcp83,32,heat_raw18,floor_random_robust,4,3,0.12162385380125441,0.014899344246801647,0.12162385380125441,0.14011116506158194,0.15023133993490062,0.1577598918371593,0,213,213
hcp83,32,heat_raw18,floor_random_robust,5,1,0.10153918087623177,0.010495617445211275,0.10153918087623177,0.12475600633654506,0.14253396919156355,0.1525866122096589,0,213,213
hcp83,32,heat_raw18,floor_random_robust,5,2,0.14040986985501672,0.01982624687982503,0.14040986985501672,0.16151985119891174,0.16891152366741305,0.1837377959930343,0,213,213
hcp83,32,heat_raw18,floor_random_robust,5,3,0.1207447763531926,0.014703989460477502,0.1207447763531926,0.13939767973744574,0.1514040746535765,0.1764529948369123,0,213,213
hcp83,32,heat_raw18,ordinary_selected,1,1,0.1019786384702482,0.010626134528517307,0.1019786384702482,0.12661542757678274,0.1453749324940631,0.1632068417092436,0,213,213
hcp83,32,heat_raw18,ordinary_selected,1,2,0.13628113308084322,0.01867872315354716,0.13628113308084322,0.15688861896806688,0.16522252174048302,0.175318552235928,0,213,213
hcp83,32,heat_raw18,ordinary_selected,1,3,0.11171550613406352,0.012649323982094153,0.11171550613406352,0.1339701940930984,0.15192370761096335,0.1720308713573741,0,213,213
hcp83,32,heat_raw18,ordinary_selected,2,1,0.10174809578692282,0.010597633995794702,0.10174809578692282,0.13356339875699486,0.15021058938508142,0.1599645668142403,0,211,211
hcp83,32,heat_raw18,ordinary_selected,2,2,0.1379174850628547,0.01917490332394772,0.1379174850628547,0.1600042310730439,0.1756020569223744,0.2132274979226415,0,211,211
hcp83,32,heat_raw18,ordinary_selected,2,3,0.1122733675721316,0.012767692164981588,0.1122733675721316,0.13842475197095455,0.14751724394721463,0.1553553131992844,0,211,211
hcp83,32,heat_raw18,ordinary_selected,3,1,0.10426714119293842,0.011235407500432552,0.10426714119293842,0.14061623432082054,0.16631990558685417,0.1862696994426151,0,213,213
hcp83,32,heat_raw18,ordinary_selected,3,2,0.13892306339598728,0.01947437514184531,0.13892306339598728,0.1641855973498369,0.17998335142192678,0.2024589608137022,0,213,213
hcp83,32,heat_raw18,ordinary_selected,3,3,0.1137668158789981,0.013149921612012217,0.1137668158789981,0.1415125528076543,0.15613707732511908,0.1780737154821419,0,213,213
hcp83,32,heat_raw18,ordinary_selected,4,1,0.10047931483631015,0.01033343463616103,0.10047931483631015,0.12920580757320826,0.14254736966722162,0.1467482374792598,0,213,213
hcp83,32,heat_raw18,ordinary_selected,4,2,0.13762120523469834,0.0190620018769409,0.13762120523469834,0.15586239745522265,0.1701400959177362,0.1765592529705029,0,213,213
hcp83,32,heat_raw18,ordinary_selected,4,3,0.1133527372602505,0.012989231935401363,0.1133527372602505,0.1348820202956926,0.1406463094140249,0.1588749999651588,0,213,213
hcp83,32,heat_raw18,ordinary_selected,5,1,0.10032621021099153,0.010322731202781573,0.10032621021099153,0.12927227418478743,0.14597066676220352,0.1541616769069205,0,213,213
hcp83,32,heat_raw18,ordinary_selected,5,2,0.13883345035706016,0.019454581906535377,0.13883345035706016,0.16352984675336293,0.1858231000306675,0.2078558492680332,0,213,213
hcp83,32,heat_raw18,ordinary_selected,5,3,0.11339757949067793,0.013013845431555695,0.11339757949067793,0.13588655631734622,0.14422813446321273,0.1711607449998358,0,213,213
hcp83,32,heat_raw18,random_bounded_residual,1,1,0.10694619302188761,0.011659677551422602,0.10694619302188761,0.1356229275009552,0.15092594501257645,0.1671193252830576,0,213,213
hcp83,32,heat_raw18,random_bounded_residual,1,2,0.13841185531408892,0.019239045140516345,0.13841185531408892,0.15402158562066018,0.1653656058197192,0.1678454538128252,0,213,213
hcp83,32,heat_raw18,random_bounded_residual,1,3,0.11123571397473811,0.01250220592270698,0.11123571397473811,0.1335732653665237,0.14607773898179605,0.1578189121241897,0,213,213
hcp83,32,heat_raw18,random_bounded_residual,2,1,0.10304217228919972,0.01088236323182294,0.10304217228919972,0.13574219252604464,0.16014530134319296,0.1695448241769553,0,211,211
hcp83,32,heat_raw18,random_bounded_residual,2,2,0.13764065949815943,0.019029366030432673,0.13764065949815943,0.15331632124522526,0.1636302574780537,0.1670598538928688,0,211,211
hcp83,32,heat_raw18,random_bounded_residual,2,3,0.11328902280757687,0.012977758932651958,0.11328902280757687,0.13506291022305372,0.1459082258373913,0.1622390732393168,0,211,211
hcp83,32,heat_raw18,random_bounded_residual,3,1,0.10576500134617772,0.011537045754121414,0.10576500134617772,0.14063131528492034,0.16945775829950255,0.1867135150208393,0,213,213
hcp83,32,heat_raw18,random_bounded_residual,3,2,0.14118290252417712,0.020111346667275678,0.14118290252417712,0.16117838690082759,0.1884993686497555,0.2396666576664621,0,213,213
hcp83,32,heat_raw18,random_bounded_residual,3,3,0.11295319220763825,0.012944838394891184,0.11295319220763825,0.13793547504628267,0.15426339019828578,0.1790768320425588,0,213,213
hcp83,32,heat_raw18,random_bounded_residual,4,1,0.10537862386175756,0.011318038138909938,0.10537862386175756,0.13159087225416063,0.14752276197428382,0.1645938427081082,0,213,213
hcp83,32,heat_raw18,random_bounded_residual,4,2,0.1382038585987899,0.019199916248897053,0.1382038585987899,0.1564161851365958,0.165054900275607,0.1702842676867243,0,213,213
hcp83,32,heat_raw18,random_bounded_residual,4,3,0.115477750101328,0.013454677647921447,0.115477750101328,0.13377760680819983,0.14673413303152977,0.1519694233054163,0,213,213
hcp83,32,heat_raw18,random_bounded_residual,5,1,0.10346986449552975,0.010938274179880596,0.10346986449552975,0.13091050240900834,0.14311965086680617,0.1546169687158821,0,213,213
hcp83,32,heat_raw18,random_bounded_residual,5,2,0.1394941695510211,0.019597961941696693,0.1394941695510211,0.1621912651054516,0.17570781188599877,0.1945111800622493,0,213,213
hcp83,32,heat_raw18,random_bounded_residual,5,3,0.11561439763447337,0.01351947621889062,0.11561439763447337,0.13597855734606387,0.15155011589243972,0.1838772936365657,0,213,213
hcp83,32,heat_raw18,random_ordinary,1,1,0.11045666263411867,0.012462952515751722,0.11045666263411867,0.13875548149486006,0.15908158794630514,0.1738894031698936,0,213,213
hcp83,32,heat_raw18,random_ordinary,1,2,0.14087883604688145,0.019970355205704525,0.14087883604688145,0.16077135662734665,0.1717537471299089,0.1917142346994112,0,213,213
hcp83,32,heat_raw18,random_ordinary,1,3,0.1133629045978912,0.013008486616206478,0.1133629045978912,0.13772372653515866,0.15571241219003074,0.1581974935916625,0,213,213
hcp83,32,heat_raw18,random_ordinary,2,1,0.10668003981471386,0.011675395026974608,0.10668003981471386,0.1413680693520514,0.16187306384887934,0.1725345179186732,0,211,211
hcp83,32,heat_raw18,random_ordinary,2,2,0.141920139746075,0.020259183584734573,0.141920139746075,0.16108064196655836,0.17346415221833308,0.1962539158548458,0,211,211
hcp83,32,heat_raw18,random_ordinary,2,3,0.11530546759794201,0.013454069562738522,0.11530546759794201,0.13976362713109494,0.1504506799453175,0.1672199216228929,0,211,211
hcp83,32,heat_raw18,random_ordinary,3,1,0.11084331950535252,0.012682378931433522,0.11084331950535252,0.15031278353602243,0.18029032898560898,0.1941000402814861,0,213,213
hcp83,32,heat_raw18,random_ordinary,3,2,0.14414822738202365,0.021040780359116634,0.14414822738202365,0.16934262500617198,0.18718876373009055,0.2835030378878906,0,213,213
hcp83,32,heat_raw18,random_ordinary,3,3,0.11561119321746145,0.013576690914822996,0.11561119321746145,0.14204868275450255,0.15906797046258184,0.1763775205206915,0,213,213
hcp83,32,heat_raw18,random_ordinary,4,1,0.11010582936649255,0.012370545559224747,0.11010582936649255,0.13699639412961037,0.15758522406009862,0.1700617936957678,0,213,213
hcp83,32,heat_raw18,random_ordinary,4,2,0.1420796265713593,0.02030961733445389,0.1420796265713593,0.163327760528654,0.17294153821208302,0.1750215413268784,0,213,213
hcp83,32,heat_raw18,random_ordinary,4,3,0.11781649186164417,0.014024260111938473,0.11781649186164417,0.13898363702974922,0.14990689458822087,0.161415077441148,0,213,213
hcp83,32,heat_raw18,random_ordinary,5,1,0.1072885270383,0.01178068903812445,0.1072885270383,0.1377332369067262,0.14665895191467432,0.1789597446751769,0,213,213
hcp83,32,heat_raw18,random_ordinary,5,2,0.143674591824068,0.020815610211803504,0.143674591824068,0.16639654165358642,0.17919698690310584,0.2333537077464588,0,213,213
hcp83,32,heat_raw18,random_ordinary,5,3,0.1178055114352302,0.014044694281229033,0.1178055114352302,0.13954677618147443,0.15616558962392119,0.1899329592363983,0,213,213
hcp83,32,heat_raw18,random_projection,1,1,0.11045666263411867,0.012462952515751722,0.11045666263411867,0.13875548149486006,0.15908158794630514,0.1738894031698936,0,213,213
hcp83,32,heat_raw18,random_projection,1,2,0.14069328716988896,0.019896007346872555,0.14069328716988896,0.1605389232084218,0.17078933313503186,0.1792758674081525,0,213,213
hcp83,32,heat_raw18,random_projection,1,3,0.11320352159331785,0.01296828039480538,0.11320352159331785,0.1376979982628202,0.15463108981262827,0.1581974935916625,0,213,213
hcp83,32,heat_raw18,random_projection,2,1,0.10668003981471386,0.011675395026974608,0.10668003981471386,0.1413680693520514,0.16187306384887934,0.1725345179186732,0,211,211
hcp83,32,heat_raw18,random_projection,2,2,0.14005108069358635,0.019717562456079706,0.14005108069358635,0.15945421319432324,0.16663273889264746,0.177735990662506,0,211,211
hcp83,32,heat_raw18,random_projection,2,3,0.11520353652574597,0.013427604430591985,0.11520353652574597,0.13976362713109494,0.1496410323085207,0.163707819857938,0,211,211
hcp83,32,heat_raw18,random_projection,3,1,0.10944719728264038,0.0123885315922665,0.10944719728264038,0.15057314621012025,0.18332912563401021,0.1892869761208976,0,213,213
hcp83,32,heat_raw18,random_projection,3,2,0.1439030560300713,0.02087900055636284,0.1439030560300713,0.16835254176128134,0.18631297209061765,0.2041955822175441,0,213,213
hcp83,32,heat_raw18,random_projection,3,3,0.11545090628207674,0.013534895423650141,0.11545090628207674,0.14153999444838924,0.15906797046258184,0.1763775205206915,0,213,213
hcp83,32,heat_raw18,random_projection,4,1,0.11010582936649255,0.012370545559224747,0.11010582936649255,0.13699639412961037,0.15758522406009862,0.1700617936957678,0,213,213
hcp83,32,heat_raw18,random_projection,4,2,0.14029078761805888,0.019791371201806508,0.14029078761805888,0.15962855826691166,0.16759496433561136,0.1704022573774131,0,213,213
hcp83,32,heat_raw18,random_projection,4,3,0.11751699997624931,0.01394769527246843,0.11751699997624931,0.1383303174336835,0.14990689458822087,0.1615926948900724,0,213,213
hcp83,32,heat_raw18,random_projection,5,1,0.1072885270383,0.01178068903812445,0.1072885270383,0.1377332369067262,0.14665895191467432,0.1789597446751769,0,213,213
hcp83,32,heat_raw18,random_projection,5,2,0.1417299164217301,0.02023248428910475,0.1417299164217301,0.16352457690892302,0.17906553110716458,0.1982726030546553,0,213,213
hcp83,32,heat_raw18,random_projection,5,3,0.11761205508837329,0.013993155234712475,0.11761205508837329,0.13912461481604324,0.15613032861168974,0.1877340301431642,0,213,213
hcp83,32,heat_raw18,random_robust,1,1,0.10694619302188761,0.011659677551422602,0.10694619302188761,0.1356229275009552,0.15092594501257645,0.1671193252830576,0,213,213
hcp83,32,heat_raw18,random_robust,1,2,0.13841185531408892,0.019239045140516345,0.13841185531408892,0.15402158562066018,0.1653656058197192,0.1678454538128252,0,213,213
hcp83,32,heat_raw18,random_robust,1,3,0.11123571397473811,0.01250220592270698,0.11123571397473811,0.1335732653665237,0.14607773898179605,0.1578189121241897,0,213,213
hcp83,32,heat_raw18,random_robust,2,1,0.10304217228919972,0.01088236323182294,0.10304217228919972,0.13574219252604464,0.16014530134319296,0.1695448241769553,0,211,211
hcp83,32,heat_raw18,random_robust,2,2,0.13764065949815943,0.019029366030432673,0.13764065949815943,0.15331632124522526,0.1636302574780537,0.1670598538928688,0,211,211
hcp83,32,heat_raw18,random_robust,2,3,0.11328902280757687,0.012977758932651958,0.11328902280757687,0.13506291022305372,0.1459082258373913,0.1622390732393168,0,211,211
hcp83,32,heat_raw18,random_robust,3,1,0.10576500134617772,0.011537045754121414,0.10576500134617772,0.14063131528492034,0.16945775829950255,0.1867135150208393,0,213,213
hcp83,32,heat_raw18,random_robust,3,2,0.14118290252417712,0.020111346667275678,0.14118290252417712,0.16117838690082759,0.1884993686497555,0.2396666576664621,0,213,213
hcp83,32,heat_raw18,random_robust,3,3,0.11295319220763825,0.012944838394891184,0.11295319220763825,0.13793547504628267,0.15426339019828578,0.1790768320425588,0,213,213
hcp83,32,heat_raw18,random_robust,4,1,0.10537862386175756,0.011318038138909938,0.10537862386175756,0.13159087225416063,0.14752276197428382,0.1645938427081082,0,213,213
hcp83,32,heat_raw18,random_robust,4,2,0.1382038585987899,0.019199916248897053,0.1382038585987899,0.1564161851365958,0.165054900275607,0.1702842676867243,0,213,213
hcp83,32,heat_raw18,random_robust,4,3,0.115477750101328,0.013454677647921447,0.115477750101328,0.13377760680819983,0.14673413303152977,0.1519694233054163,0,213,213
hcp83,32,heat_raw18,random_robust,5,1,0.10346986449552975,0.010938274179880596,0.10346986449552975,0.13091050240900834,0.14311965086680617,0.1546169687158821,0,213,213
hcp83,32,heat_raw18,random_robust,5,2,0.1394941695510211,0.019597961941696693,0.1394941695510211,0.1621912651054516,0.17570781188599877,0.1945111800622493,0,213,213
hcp83,32,heat_raw18,random_robust,5,3,0.11561439763447337,0.01351947621889062,0.11561439763447337,0.13597855734606387,0.15155011589243972,0.1838772936365657,0,213,213
hcp83,32,heat_raw18,selected_bounded_residual,1,1,0.0985246280876851,0.009904763695740237,0.0985246280876851,0.12469636398931454,0.1471975898590661,0.1568129675982895,0,213,213
hcp83,32,heat_raw18,selected_bounded_residual,1,2,0.13356055764184596,0.017915577840708165,0.13356055764184596,0.15119454855701148,0.1565714435524483,0.167497596899751,0,213,213
hcp83,32,heat_raw18,selected_bounded_residual,1,3,0.10999322608099722,0.012245050798593712,0.10999322608099722,0.13148562078996295,0.1450468829353316,0.1637656757929428,0,213,213
hcp83,32,heat_raw18,selected_bounded_residual,2,1,0.09816580085248229,0.009859667828841704,0.09816580085248229,0.1261089975819613,0.14973981144590107,0.1648373136777803,0,211,211
hcp83,32,heat_raw18,selected_bounded_residual,2,2,0.13466376204855313,0.018235138005748323,0.13466376204855313,0.1517427284159948,0.1623819823868392,0.1683925783704798,0,211,211
hcp83,32,heat_raw18,selected_bounded_residual,2,3,0.11013874902324108,0.012273316622745915,0.11013874902324108,0.1333271701381295,0.14380474079503475,0.1515098073939455,0,211,211
hcp83,32,heat_raw18,selected_bounded_residual,3,1,0.10065206611277855,0.010443750061030762,0.10065206611277855,0.13260880019896515,0.16139409312130343,0.1806259412344981,0,213,213
hcp83,32,heat_raw18,selected_bounded_residual,3,2,0.13606462967410354,0.018653987848178077,0.13606462967410354,0.157150097549055,0.17431649943015046,0.1960495490942633,0,213,213
hcp83,32,heat_raw18,selected_bounded_residual,3,3,0.1115609808648104,0.01262886816020501,0.1115609808648104,0.1339563418176148,0.15463656072737456,0.1797152377783749,0,213,213
hcp83,32,heat_raw18,selected_bounded_residual,4,1,0.09638064155169736,0.00950722483065052,0.09638064155169736,0.12225650348710489,0.13755990576256957,0.1459518183226281,0,213,213
hcp83,32,heat_raw18,selected_bounded_residual,4,2,0.13458044358715537,0.01821682313916491,0.13458044358715537,0.15079160585660567,0.16671296567645283,0.1801248241453295,0,213,213
hcp83,32,heat_raw18,selected_bounded_residual,4,3,0.11115776859374507,0.012479563051797194,0.11115776859374507,0.1310036105320708,0.13961481047556415,0.1501231725879953,0,213,213
hcp83,32,heat_raw18,selected_bounded_residual,5,1,0.09649441642884432,0.00954294134894879,0.09649441642884432,0.12365892652207396,0.1443484844975705,0.1451590029236076,0,213,213
hcp83,32,heat_raw18,selected_bounded_residual,5,2,0.1358007619900199,0.018589304364260664,0.1358007619900199,0.1610175439450006,0.17042141441051978,0.1937096524153774,0,213,213
hcp83,32,heat_raw18,selected_bounded_residual,5,3,0.11099804475779142,0.012460202744018076,0.11099804475779142,0.1333112737199556,0.14201429934216817,0.1673092385612123,0,213,213
hcp83,32,heat_raw18,selected_projection,1,1,0.1019786384702482,0.010626134528517307,0.1019786384702482,0.12661542757678274,0.1453749324940631,0.1632068417092436,0,213,213
hcp83,32,heat_raw18,selected_projection,1,2,0.1355775820119025,0.018478015765487528,0.1355775820119025,0.15568365053794816,0.16448291582032276,0.170718333485608,0,213,213
hcp83,32,heat_raw18,selected_projection,1,3,0.11171550613406352,0.012649323982094153,0.11171550613406352,0.1339701940930984,0.15192370761096335,0.1720308713573741,0,213,213
hcp83,32,heat_raw18,selected_projection,2,1,0.10174809578692282,0.010597633995794702,0.10174809578692282,0.13356339875699486,0.15021058938508142,0.1599645668142403,0,211,211
hcp83,32,heat_raw18,selected_projection,2,2,0.13708881866899467,0.01891132818069169,0.13708881866899467,0.15713238558771286,0.16778313229026273,0.1758895651812208,0,211,211
hcp83,32,heat_raw18,selected_projection,2,3,0.11212530111631999,0.012731195048208863,0.11212530111631999,0.13842475197095455,0.14709975882975207,0.1548358525690756,0,211,211
hcp83,32,heat_raw18,selected_projection,3,1,0.10426714119293842,0.011235407500432552,0.10426714119293842,0.14061623432082054,0.16631990558685417,0.1862696994426151,0,213,213
hcp83,32,heat_raw18,selected_projection,3,2,0.13848696489630308,0.01934702779454731,0.13848696489630308,0.16348763552165999,0.17934996956685786,0.20075708260148,0,213,213
hcp83,32,heat_raw18,selected_projection,3,3,0.11354376123347949,0.013093747269073606,0.11354376123347949,0.1403600721012643,0.1557531651594456,0.1780737154821419,0,213,213
hcp83,32,heat_raw18,selected_projection,4,1,0.10047931483631015,0.01033343463616103,0.10047931483631015,0.12920580757320826,0.14254736966722162,0.1467482374792598,0,213,213
hcp83,32,heat_raw18,selected_projection,4,2,0.13709816469879157,0.01891045666854799,0.13709816469879157,0.1545645337783744,0.1677321304066496,0.1774942195414013,0,213,213
hcp83,32,heat_raw18,selected_projection,4,3,0.11314938714596177,0.012937322498088532,0.11314938714596177,0.13425113628671134,0.1405764676524058,0.157199590804766,0,213,213
hcp83,32,heat_raw18,selected_projection,5,1,0.10032621021099153,0.010322731202781573,0.10032621021099153,0.12927227418478743,0.14597066676220352,0.1541616769069205,0,213,213
hcp83,32,heat_raw18,selected_projection,5,2,0.1382526940969766,0.0192737765113658,0.1382526940969766,0.16303458354525321,0.17062108826951375,0.198232263202986,0,213,213
hcp83,32,heat_raw18,selected_projection,5,3,0.11322147736491002,0.012971996167545071,0.11322147736491002,0.13456420334556032,0.14383814853020577,0.1711607449998358,0,213,213
hcp83,32,heat_raw18,selected_robust,1,1,0.0985246280876851,0.009904763695740237,0.0985246280876851,0.12469636398931454,0.1471975898590661,0.1568129675982895,0,213,213
hcp83,32,heat_raw18,selected_robust,1,2,0.13356055764184596,0.017915577840708165,0.13356055764184596,0.15119454855701148,0.1565714435524483,0.167497596899751,0,213,213
hcp83,32,heat_raw18,selected_robust,1,3,0.10999322608099722,0.012245050798593712,0.10999322608099722,0.13148562078996295,0.1450468829353316,0.1637656757929428,0,213,213
hcp83,32,heat_raw18,selected_robust,2,1,0.09816580085248229,0.009859667828841704,0.09816580085248229,0.1261089975819613,0.14973981144590107,0.1648373136777803,0,211,211
hcp83,32,heat_raw18,selected_robust,2,2,0.13466376204855313,0.018235138005748323,0.13466376204855313,0.1517427284159948,0.1623819823868392,0.1683925783704798,0,211,211
hcp83,32,heat_raw18,selected_robust,2,3,0.11013874902324108,0.012273316622745915,0.11013874902324108,0.1333271701381295,0.14380474079503475,0.1515098073939455,0,211,211
hcp83,32,heat_raw18,selected_robust,3,1,0.10065206611277855,0.010443750061030762,0.10065206611277855,0.13260880019896515,0.16139409312130343,0.1806259412344981,0,213,213
hcp83,32,heat_raw18,selected_robust,3,2,0.13606462967410354,0.018653987848178077,0.13606462967410354,0.157150097549055,0.17431649943015046,0.1960495490942633,0,213,213
hcp83,32,heat_raw18,selected_robust,3,3,0.1115609808648104,0.01262886816020501,0.1115609808648104,0.1339563418176148,0.15463656072737456,0.1797152377783749,0,213,213
hcp83,32,heat_raw18,selected_robust,4,1,0.09638064155169736,0.00950722483065052,0.09638064155169736,0.12225650348710489,0.13755990576256957,0.1459518183226281,0,213,213
hcp83,32,heat_raw18,selected_robust,4,2,0.13458044358715537,0.01821682313916491,0.13458044358715537,0.15079160585660567,0.16671296567645283,0.1801248241453295,0,213,213
hcp83,32,heat_raw18,selected_robust,4,3,0.11115776859374507,0.012479563051797194,0.11115776859374507,0.1310036105320708,0.13961481047556415,0.1501231725879953,0,213,213
hcp83,32,heat_raw18,selected_robust,5,1,0.09649441642884432,0.00954294134894879,0.09649441642884432,0.12365892652207396,0.1443484844975705,0.1451590029236076,0,213,213
hcp83,32,heat_raw18,selected_robust,5,2,0.1358007619900199,0.018589304364260664,0.1358007619900199,0.1610175439450006,0.17042141441051978,0.1937096524153774,0,213,213
hcp83,32,heat_raw18,selected_robust,5,3,0.11099804475779142,0.012460202744018076,0.11099804475779142,0.1333112737199556,0.14201429934216817,0.1673092385612123,0,213,213
hcp83,32,heat_raw18,selected_sources_ordinary,1,1,0.1019786384702482,0.010626134528517307,0.1019786384702482,0.12661542757678274,0.1453749324940631,0.1632068417092436,0,213,213
hcp83,32,heat_raw18,selected_sources_ordinary,1,2,0.13628113308084322,0.01867872315354716,0.13628113308084322,0.15688861896806688,0.16522252174048302,0.175318552235928,0,213,213
hcp83,32,heat_raw18,selected_sources_ordinary,1,3,0.11171550613406352,0.012649323982094153,0.11171550613406352,0.1339701940930984,0.15192370761096335,0.1720308713573741,0,213,213
hcp83,32,heat_raw18,selected_sources_ordinary,2,1,0.10174809578692282,0.010597633995794702,0.10174809578692282,0.13356339875699486,0.15021058938508142,0.1599645668142403,0,211,211
hcp83,32,heat_raw18,selected_sources_ordinary,2,2,0.1379174850628547,0.01917490332394772,0.1379174850628547,0.1600042310730439,0.1756020569223744,0.2132274979226415,0,211,211
hcp83,32,heat_raw18,selected_sources_ordinary,2,3,0.1122733675721316,0.012767692164981588,0.1122733675721316,0.13842475197095455,0.14751724394721463,0.1553553131992844,0,211,211
hcp83,32,heat_raw18,selected_sources_ordinary,3,1,0.10426714119293842,0.011235407500432552,0.10426714119293842,0.14061623432082054,0.16631990558685417,0.1862696994426151,0,213,213
hcp83,32,heat_raw18,selected_sources_ordinary,3,2,0.13892306339598728,0.01947437514184531,0.13892306339598728,0.1641855973498369,0.17998335142192678,0.2024589608137022,0,213,213
hcp83,32,heat_raw18,selected_sources_ordinary,3,3,0.1137668158789981,0.013149921612012217,0.1137668158789981,0.1415125528076543,0.15613707732511908,0.1780737154821419,0,213,213
hcp83,32,heat_raw18,selected_sources_ordinary,4,1,0.10047931483631015,0.01033343463616103,0.10047931483631015,0.12920580757320826,0.14254736966722162,0.1467482374792598,0,213,213
hcp83,32,heat_raw18,selected_sources_ordinary,4,2,0.13762120523469834,0.0190620018769409,0.13762120523469834,0.15586239745522265,0.1701400959177362,0.1765592529705029,0,213,213
hcp83,32,heat_raw18,selected_sources_ordinary,4,3,0.1133527372602505,0.012989231935401363,0.1133527372602505,0.1348820202956926,0.1406463094140249,0.1588749999651588,0,213,213
hcp83,32,heat_raw18,selected_sources_ordinary,5,1,0.10032621021099153,0.010322731202781573,0.10032621021099153,0.12927227418478743,0.14597066676220352,0.1541616769069205,0,213,213
hcp83,32,heat_raw18,selected_sources_ordinary,5,2,0.13883345035706016,0.019454581906535377,0.13883345035706016,0.16352984675336293,0.1858231000306675,0.2078558492680332,0,213,213
hcp83,32,heat_raw18,selected_sources_ordinary,5,3,0.11339757949067793,0.013013845431555695,0.11339757949067793,0.13588655631734622,0.14422813446321273,0.1711607449998358,0,213,213
hcp83,32,heat_raw18,spatial_robust,1,1,0.10428921367589458,0.011060437036809114,0.10428921367589458,0.1263008690974949,0.14516343428555137,0.169077784345186,0,213,213
hcp83,32,heat_raw18,spatial_robust,1,2,0.13499936225889067,0.01830163660939538,0.13499936225889067,0.15248119404662053,0.15852949987916468,0.1633350138915388,0,213,213
hcp83,32,heat_raw18,spatial_robust,1,3,0.11392818845073299,0.013104926345806978,0.11392818845073299,0.13353827610904598,0.1518758017881896,0.1647812385088335,0,213,213
hcp83,32,heat_raw18,spatial_robust,2,1,0.1042042975097677,0.01107620770131866,0.1042042975097677,0.13303489646552075,0.15058185375641917,0.1631830608015802,0,211,211
hcp83,32,heat_raw18,spatial_robust,2,2,0.13484063700468885,0.018281463563846113,0.13484063700468885,0.15139803485321912,0.16155193868427395,0.1765604762266769,0,211,211
hcp83,32,heat_raw18,spatial_robust,2,3,0.11339223988514549,0.012990043639925342,0.11339223988514549,0.13369943418479008,0.14292852206522966,0.1525512102550611,0,211,211
hcp83,32,heat_raw18,spatial_robust,3,1,0.10585950012604568,0.011588128149578257,0.10585950012604568,0.13448436266408775,0.1848851841084266,0.2168558319685352,0,213,213
hcp83,32,heat_raw18,spatial_robust,3,2,0.13572203806733704,0.018552250429372998,0.13572203806733704,0.15585597580656096,0.17132219168736357,0.1906332002768229,0,213,213
hcp83,32,heat_raw18,spatial_robust,3,3,0.11498619658512682,0.013410203642645063,0.11498619658512682,0.13706541958269888,0.16072428946558995,0.1867199175096753,0,213,213
hcp83,32,heat_raw18,spatial_robust,4,1,0.10257673221068934,0.010710315922080462,0.10257673221068934,0.1258456617258742,0.1410462798855518,0.1444740016655482,0,213,213
hcp83,32,heat_raw18,spatial_robust,4,2,0.13538816703146192,0.018434539149046063,0.13538816703146192,0.15368059076299523,0.16503526013670877,0.1708943979827817,0,213,213
hcp83,32,heat_raw18,spatial_robust,4,3,0.11404888165396046,0.013120796216536244,0.11404888165396046,0.13360258349628426,0.1398920970829777,0.1530502540592385,0,213,213
hcp83,32,heat_raw18,spatial_robust,5,1,0.10608927481253014,0.011471697931879729,0.10608927481253014,0.1333774254776127,0.1467392200745545,0.1662993270093942,0,213,213
hcp83,32,heat_raw18,spatial_robust,5,2,0.13627237684751048,0.01871898032020799,0.13627237684751048,0.15819827797371822,0.17673235907901816,0.1900831756030528,0,213,213
hcp83,32,heat_raw18,spatial_robust,5,3,0.11390866087193656,0.013120234238985132,0.11390866087193656,0.13337718183907438,0.15308835785351527,0.1820054489533101,0,213,213
hcp83,32,heat_raw18,template_random_bounded_residual,1,1,0.032350120601733916,0.001176785419591531,0.032350120601733916,0.05289140596984231,0.06524477117613868,0.1067662271494871,0,213,213
hcp83,32,heat_raw18,template_random_bounded_residual,1,2,0.03403382445650122,0.0012983975542874959,0.03403382445650122,0.05503965480194012,0.06830088874449876,0.1095723651477133,0,213,213
hcp83,32,heat_raw18,template_random_bounded_residual,1,3,0.02997692089986015,0.0009945791574267418,0.02997692089986015,0.0489512011702443,0.06064037133242275,0.0872656887248973,0,213,213
hcp83,32,heat_raw18,template_random_bounded_residual,2,1,0.031067813683839634,0.001091737678687982,0.031067813683839634,0.0508710161434879,0.06701663938071663,0.1153405209988085,0,211,211
hcp83,32,heat_raw18,template_random_bounded_residual,2,2,0.03322665259244549,0.0012526125238926608,0.03322665259244549,0.0544015624114376,0.07216243056596061,0.1098681985351263,0,211,211
hcp83,32,heat_raw18,template_random_bounded_residual,2,3,0.03060194645256078,0.0010468535817007255,0.03060194645256078,0.04933212952567925,0.06563135674979738,0.1063478173526852,0,211,211
hcp83,32,heat_raw18,template_random_bounded_residual,3,1,0.032023355844076416,0.0011794565888245132,0.032023355844076416,0.05649472537729912,0.07745252140456879,0.0991686438732393,0,213,213
hcp83,32,heat_raw18,template_random_bounded_residual,3,2,0.03547864350539664,0.001474265502824805,0.03547864350539664,0.06594576457087034,0.08442640228260086,0.111421311474682,0,213,213
hcp83,32,heat_raw18,template_random_bounded_residual,3,3,0.030696206518624113,0.0010820619537144033,0.030696206518624113,0.055911894650400834,0.07432228967272525,0.0959534353235626,0,213,213
hcp83,32,heat_raw18,template_random_bounded_residual,4,1,0.030545815428967164,0.001038174137388568,0.030545815428967164,0.046864769719545785,0.06855802330509086,0.0870463131116804,0,213,213
hcp83,32,heat_raw18,template_random_bounded_residual,4,2,0.03579833329397694,0.001486528891495534,0.03579833329397694,0.05902222109712468,0.08281840199875802,0.1155545388426024,0,213,213
hcp83,32,heat_raw18,template_random_bounded_residual,4,3,0.03156394038387732,0.001095858870907601,0.03156394038387732,0.04969192748969063,0.06678951503940316,0.0880030553866335,0,213,213
hcp83,32,heat_raw18,template_random_bounded_residual,5,1,0.03154071717811569,0.001110970971546207,0.03154071717811569,0.05203760757430802,0.07381421903812468,0.0846965771929974,0,213,213
hcp83,32,heat_raw18,template_random_bounded_residual,5,2,0.034820808108053436,0.0013597881824531184,0.034820808108053436,0.05906352505819915,0.07565541557029305,0.0931094623986494,0,213,213
hcp83,32,heat_raw18,template_random_bounded_residual,5,3,0.032389308278021035,0.0011828512070874112,0.032389308278021035,0.05467567540262296,0.07077328367847824,0.0926497939881067,0,213,213
hcp83,32,heat_raw18,template_random_projection,1,1,0.03387290710463074,0.0012922549351042675,0.03387290710463074,0.05459017204263222,0.07346482039639214,0.115842136948359,0,213,213
hcp83,32,heat_raw18,template_random_projection,1,2,0.035756665738795296,0.0014278588125114123,0.035756665738795296,0.05559762175776483,0.06957485282745746,0.1169372652806928,0,213,213
hcp83,32,heat_raw18,template_random_projection,1,3,0.03128538533003993,0.00108853216528647,0.03128538533003993,0.05000572576729359,0.06400787224746214,0.0996707544879373,0,213,213
hcp83,32,heat_raw18,template_random_projection,2,1,0.0332332908339161,0.0012703278616345525,0.0332332908339161,0.0525009192745603,0.08181272427777175,0.1217139774541437,0,211,211
hcp83,32,heat_raw18,template_random_projection,2,2,0.03566390842208675,0.0014440621607199812,0.03566390842208675,0.05668832357274965,0.09548620928002399,0.1151616515651685,0,211,211
hcp83,32,heat_raw18,template_random_projection,2,3,0.03264122182049659,0.0012185527441103351,0.03264122182049659,0.05186848381797335,0.07573938280728039,0.1121897805327769,0,211,211
hcp83,32,heat_raw18,template_random_projection,3,1,0.03397637903440765,0.0013424535595033115,0.03397637903440765,0.06197709454341093,0.08440235923118933,0.1223302195233396,0,213,213
hcp83,32,heat_raw18,template_random_projection,3,2,0.037805433003269946,0.001659706630643963,0.037805433003269946,0.0696452406837951,0.08928845522821194,0.1227153985534888,0,213,213
hcp83,32,heat_raw18,template_random_projection,3,3,0.031976204938241534,0.0011801897615127438,0.031976204938241534,0.05657045077089114,0.07597561675075173,0.1067930140298991,0,213,213
hcp83,32,heat_raw18,template_random_projection,4,1,0.032424523604862615,0.0011652571305158174,0.032424523604862615,0.04971128531799431,0.06954860580826704,0.0907501016361225,0,213,213
hcp83,32,heat_raw18,template_random_projection,4,2,0.03780276020604823,0.0016278712377702648,0.03780276020604823,0.06188696963238797,0.0812042674854823,0.116354881667312,0,213,213
hcp83,32,heat_raw18,template_random_projection,4,3,0.03273270423979894,0.0011691234220665484,0.03273270423979894,0.0514203888307333,0.06519855940559369,0.0874672591540726,0,213,213
hcp83,32,heat_raw18,template_random_projection,5,1,0.03314377872817274,0.0012199379198854496,0.03314377872817274,0.05324704635822089,0.07152886277840242,0.0885521673637956,0,213,213
hcp83,32,heat_raw18,template_random_projection,5,2,0.03638719729528845,0.0014748202813512107,0.03638719729528845,0.0628553597063441,0.07542831626345177,0.0947132581158777,0,213,213
hcp83,32,heat_raw18,template_random_projection,5,3,0.03390530033958156,0.001288019949792328,0.03390530033958156,0.05602481984651129,0.07288319300193886,0.0948414029676401,0,213,213
hcp83,32,heat_raw18,template_random_robust,1,1,0.032350120601733916,0.001176785419591531,0.032350120601733916,0.05289140596984231,0.06524477117613868,0.1067662271494871,0,213,213
hcp83,32,heat_raw18,template_random_robust,1,2,0.03403382445650122,0.0012983975542874959,0.03403382445650122,0.05503965480194012,0.06830088874449876,0.1095723651477133,0,213,213
hcp83,32,heat_raw18,template_random_robust,1,3,0.02997692089986015,0.0009945791574267418,0.02997692089986015,0.0489512011702443,0.06064037133242275,0.0872656887248973,0,213,213
hcp83,32,heat_raw18,template_random_robust,2,1,0.031067813683839634,0.001091737678687982,0.031067813683839634,0.0508710161434879,0.06701663938071663,0.1153405209988085,0,211,211
hcp83,32,heat_raw18,template_random_robust,2,2,0.03322665259244549,0.0012526125238926608,0.03322665259244549,0.0544015624114376,0.07216243056596061,0.1098681985351263,0,211,211
hcp83,32,heat_raw18,template_random_robust,2,3,0.03060194645256078,0.0010468535817007255,0.03060194645256078,0.04933212952567925,0.06563135674979738,0.1063478173526852,0,211,211
hcp83,32,heat_raw18,template_random_robust,3,1,0.032023355844076416,0.0011794565888245132,0.032023355844076416,0.05649472537729912,0.07745252140456879,0.0991686438732393,0,213,213
hcp83,32,heat_raw18,template_random_robust,3,2,0.03547864350539664,0.001474265502824805,0.03547864350539664,0.06594576457087034,0.08442640228260086,0.111421311474682,0,213,213
hcp83,32,heat_raw18,template_random_robust,3,3,0.030696206518624113,0.0010820619537144033,0.030696206518624113,0.055911894650400834,0.07432228967272525,0.0959534353235626,0,213,213
hcp83,32,heat_raw18,template_random_robust,4,1,0.030545815428967164,0.001038174137388568,0.030545815428967164,0.046864769719545785,0.06855802330509086,0.0870463131116804,0,213,213
hcp83,32,heat_raw18,template_random_robust,4,2,0.03579833329397694,0.001486528891495534,0.03579833329397694,0.05902222109712468,0.08281840199875802,0.1155545388426024,0,213,213
hcp83,32,heat_raw18,template_random_robust,4,3,0.03156394038387732,0.001095858870907601,0.03156394038387732,0.04969192748969063,0.06678951503940316,0.0880030553866335,0,213,213
hcp83,32,heat_raw18,template_random_robust,5,1,0.03154071717811569,0.001110970971546207,0.03154071717811569,0.05203760757430802,0.07381421903812468,0.0846965771929974,0,213,213
hcp83,32,heat_raw18,template_random_robust,5,2,0.034820808108053436,0.0013597881824531184,0.034820808108053436,0.05906352505819915,0.07565541557029305,0.0931094623986494,0,213,213
hcp83,32,heat_raw18,template_random_robust,5,3,0.032389308278021035,0.0011828512070874112,0.032389308278021035,0.05467567540262296,0.07077328367847824,0.0926497939881067,0,213,213
hcp83,32,heat_raw18,template_selected_bounded_residual,1,1,0.030564279670520285,0.0010439439513469555,0.030564279670520285,0.050501633793834565,0.06385637012311396,0.0955686114606408,0,213,213
hcp83,32,heat_raw18,template_selected_bounded_residual,1,2,0.03333148623037728,0.0012530202039227171,0.03333148623037728,0.05396649303265376,0.06893252897838548,0.1048033496243207,0,213,213
hcp83,32,heat_raw18,template_selected_bounded_residual,1,3,0.03311217604690292,0.0012403932006230585,0.03311217604690292,0.05478833873625035,0.07131662788379733,0.1091071245105069,0,213,213
hcp83,32,heat_raw18,template_selected_bounded_residual,2,1,0.03073895810900756,0.0010671512113242256,0.03073895810900756,0.05051078223926845,0.06641331033976665,0.1120265032644832,0,211,211
hcp83,32,heat_raw18,template_selected_bounded_residual,2,2,0.03231063314467836,0.001173910328489565,0.03231063314467836,0.05163883723658795,0.06983607477369695,0.1058806101059216,0,211,211
hcp83,32,heat_raw18,template_selected_bounded_residual,2,3,0.03009125919176559,0.0010064407354155014,0.03009125919176559,0.04755406914680155,0.06171597323011013,0.1002528896177253,0,211,211
hcp83,32,heat_raw18,template_selected_bounded_residual,3,1,0.030750747289211268,0.0010823828140330966,0.030750747289211268,0.053446934028793934,0.07618766455449305,0.0958018587869053,0,213,213
hcp83,32,heat_raw18,template_selected_bounded_residual,3,2,0.03268248985879074,0.00121871665675503,0.03268248985879074,0.0574707385170375,0.07247694236443193,0.0995889339543868,0,213,213
hcp83,32,heat_raw18,template_selected_bounded_residual,3,3,0.03044264000619777,0.0010499314091530392,0.03044264000619777,0.05329584138521006,0.06936494653924972,0.092046592948326,0,213,213
hcp83,32,heat_raw18,template_selected_bounded_residual,4,1,0.029740108245218177,0.0009832535741216746,0.029740108245218177,0.045727682727476016,0.06407944140060197,0.08688919352074,0,213,213
hcp83,32,heat_raw18,template_selected_bounded_residual,4,2,0.031155963508736093,0.0010854261993782845,0.031155963508736093,0.04753027707674823,0.06784606968362232,0.0900528677775305,0,213,213
hcp83,32,heat_raw18,template_selected_bounded_residual,4,3,0.030017415861025066,0.0009946234900233642,0.030017415861025066,0.047485169263774336,0.0653308961776838,0.0822442259103354,0,213,213
hcp83,32,heat_raw18,template_selected_bounded_residual,5,1,0.030343940589358152,0.0010357776808834122,0.030343940589358152,0.05124046827277256,0.07129300383009703,0.0816820251944734,0,213,213
hcp83,32,heat_raw18,template_selected_bounded_residual,5,2,0.03225461167851376,0.0011598316616421183,0.03225461167851376,0.055393861486879095,0.06876335354562677,0.0861006167482517,0,213,213
hcp83,32,heat_raw18,template_selected_bounded_residual,5,3,0.03079595723640936,0.0010510633247006928,0.03079595723640936,0.050943803803471764,0.06489506976041147,0.081870397810322,0,213,213
hcp83,32,heat_raw18,template_selected_projection,1,1,0.0321370925494582,0.0011718806834330076,0.0321370925494582,0.05168590795265853,0.07444750207527696,0.1190391923507237,0,213,213
hcp83,32,heat_raw18,template_selected_projection,1,2,0.0348242238622192,0.0013666358396681583,0.0348242238622192,0.055362251037903196,0.06979289607017147,0.1161908551236394,0,213,213
hcp83,32,heat_raw18,template_selected_projection,1,3,0.034472257905267915,0.0013503664509876456,0.034472257905267915,0.054950831140814976,0.07843477039368228,0.1229697834926701,0,213,213
hcp83,32,heat_raw18,template_selected_projection,2,1,0.032890078457292034,0.0012549741848744773,0.032890078457292034,0.053185906808047106,0.08151573532681292,0.1249412252396719,0,211,211
hcp83,32,heat_raw18,template_selected_projection,2,2,0.03464727651801812,0.001349401890834645,0.03464727651801812,0.0535391102936429,0.0842148728529696,0.1110220318376276,0,211,211
hcp83,32,heat_raw18,template_selected_projection,2,3,0.03208466789481615,0.0011808494741980167,0.03208466789481615,0.052299646748491704,0.0714379831328842,0.1159664713796358,0,211,211
hcp83,32,heat_raw18,template_selected_projection,3,1,0.0325254506057127,0.0012288981279229925,0.0325254506057127,0.05841089590815282,0.08126794120727458,0.1210801679551534,0,213,213
hcp83,32,heat_raw18,template_selected_projection,3,2,0.0346703259686405,0.0013617288288401334,0.0346703259686405,0.06300449827934317,0.07212790500458299,0.1081260845919616,0,213,213
hcp83,32,heat_raw18,template_selected_projection,3,3,0.03181361131451395,0.0011570120235370625,0.03181361131451395,0.0542512913688814,0.07254936965129495,0.1098712035787411,0,213,213
hcp83,32,heat_raw18,template_selected_projection,4,1,0.03146424186224764,0.001093685814642119,0.03146424186224764,0.04823232120421935,0.06349807077891652,0.0890060140759878,0,213,213
hcp83,32,heat_raw18,template_selected_projection,4,2,0.03299976441331835,0.001199554174022898,0.03299976441331835,0.05084166840223426,0.06642798510909054,0.0900037319444061,0,213,213
hcp83,32,heat_raw18,template_selected_projection,4,3,0.031422429557003945,0.0010843138987983165,0.031422429557003945,0.04956961103887479,0.0658841062584988,0.0878593142901075,0,213,213
hcp83,32,heat_raw18,template_selected_projection,5,1,0.031785131635335626,0.0011285330281237808,0.031785131635335626,0.05291503391996452,0.0693718383897713,0.0871103719204215,0,213,213
hcp83,32,heat_raw18,template_selected_projection,5,2,0.03373905496643658,0.001258271790753755,0.03373905496643658,0.057963772904795076,0.06739811778585432,0.0882689731402651,0,213,213
hcp83,32,heat_raw18,template_selected_projection,5,3,0.03207086029647381,0.0011348590855843252,0.03207086029647381,0.05258966236524379,0.06551564934127509,0.0881701225830164,0,213,213
hcp83,32,heat_raw18,template_selected_robust,1,1,0.030564279670520285,0.0010439439513469555,0.030564279670520285,0.050501633793834565,0.06385637012311396,0.0955686114606408,0,213,213
hcp83,32,heat_raw18,template_selected_robust,1,2,0.03333148623037728,0.0012530202039227171,0.03333148623037728,0.05396649303265376,0.06893252897838548,0.1048033496243207,0,213,213
hcp83,32,heat_raw18,template_selected_robust,1,3,0.03311217604690292,0.0012403932006230585,0.03311217604690292,0.05478833873625035,0.07131662788379733,0.1091071245105069,0,213,213
hcp83,32,heat_raw18,template_selected_robust,2,1,0.03073895810900756,0.0010671512113242256,0.03073895810900756,0.05051078223926845,0.06641331033976665,0.1120265032644832,0,211,211
hcp83,32,heat_raw18,template_selected_robust,2,2,0.03231063314467836,0.001173910328489565,0.03231063314467836,0.05163883723658795,0.06983607477369695,0.1058806101059216,0,211,211
hcp83,32,heat_raw18,template_selected_robust,2,3,0.03009125919176559,0.0010064407354155014,0.03009125919176559,0.04755406914680155,0.06171597323011013,0.1002528896177253,0,211,211
hcp83,32,heat_raw18,template_selected_robust,3,1,0.030750747289211268,0.0010823828140330966,0.030750747289211268,0.053446934028793934,0.07618766455449305,0.0958018587869053,0,213,213
hcp83,32,heat_raw18,template_selected_robust,3,2,0.03268248985879074,0.00121871665675503,0.03268248985879074,0.0574707385170375,0.07247694236443193,0.0995889339543868,0,213,213
hcp83,32,heat_raw18,template_selected_robust,3,3,0.03044264000619777,0.0010499314091530392,0.03044264000619777,0.05329584138521006,0.06936494653924972,0.092046592948326,0,213,213
hcp83,32,heat_raw18,template_selected_robust,4,1,0.029740108245218177,0.0009832535741216746,0.029740108245218177,0.045727682727476016,0.06407944140060197,0.08688919352074,0,213,213
hcp83,32,heat_raw18,template_selected_robust,4,2,0.031155963508736093,0.0010854261993782845,0.031155963508736093,0.04753027707674823,0.06784606968362232,0.0900528677775305,0,213,213
hcp83,32,heat_raw18,template_selected_robust,4,3,0.030017415861025066,0.0009946234900233642,0.030017415861025066,0.047485169263774336,0.0653308961776838,0.0822442259103354,0,213,213
hcp83,32,heat_raw18,template_selected_robust,5,1,0.030343940589358152,0.0010357776808834122,0.030343940589358152,0.05124046827277256,0.07129300383009703,0.0816820251944734,0,213,213
hcp83,32,heat_raw18,template_selected_robust,5,2,0.03225461167851376,0.0011598316616421183,0.03225461167851376,0.055393861486879095,0.06876335354562677,0.0861006167482517,0,213,213
hcp83,32,heat_raw18,template_selected_robust,5,3,0.03079595723640936,0.0010510633247006928,0.03079595723640936,0.050943803803471764,0.06489506976041147,0.081870397810322,0,213,213
hcp83,32,qsf,atlas_random_aligned,1,1,0.022189056457147974,0.0005066997273412009,0.022189056457147974,0.029132370555182353,0.031899970681079505,0.034679400670075,0,213,213
hcp83,32,qsf,atlas_random_aligned,1,2,0.0233350034119115,0.0005604615893161028,0.0233350034119115,0.030592717135516694,0.03542303530377189,0.0363063754753254,0,213,213
hcp83,32,qsf,atlas_random_aligned,1,3,0.022423229077732316,0.0005163703092826409,0.022423229077732316,0.02991003212847908,0.03243085021535096,0.0329711249026843,0,213,213
hcp83,32,qsf,atlas_random_aligned,2,1,0.02224771602924325,0.000510461838570446,0.02224771602924325,0.029411467740711197,0.03291460750895016,0.0372826687575815,0,211,211
hcp83,32,qsf,atlas_random_aligned,2,2,0.02320106560253695,0.0005525053721864465,0.02320106560253695,0.030186177818415948,0.03302797495674164,0.0356948298964563,0,211,211
hcp83,32,qsf,atlas_random_aligned,2,3,0.022731356919860862,0.0005294352771115885,0.022731356919860862,0.0290962525192486,0.032625988128552635,0.034012470560102,0,211,211
hcp83,32,qsf,atlas_random_aligned,3,1,0.02258393827721625,0.0005393761714266573,0.02258393827721625,0.028888488823299176,0.035645913922093285,0.0773607521070938,0,213,213
hcp83,32,qsf,atlas_random_aligned,3,2,0.023721816700774834,0.0005816757547996924,0.023721816700774834,0.030908451482313495,0.035313523857761896,0.0558266483304879,0,213,213
hcp83,32,qsf,atlas_random_aligned,3,3,0.022788809529422742,0.0005415721916578783,0.022788809529422742,0.030042580556894394,0.03599756320820514,0.063737530210678,0,213,213
hcp83,32,qsf,atlas_random_aligned,4,1,0.02268676880140399,0.0005321552962979,0.02268676880140399,0.030489036450760676,0.0359018945378401,0.0388411689963295,0,213,213
hcp83,32,qsf,atlas_random_aligned,4,2,0.023871016581655097,0.0005875180906732221,0.023871016581655097,0.03129921672468453,0.03621756325086752,0.042494412031349,0,213,213
hcp83,32,qsf,atlas_random_aligned,4,3,0.023468123239504483,0.0005665800976408259,0.023468123239504483,0.030837073478264355,0.03570936072071716,0.0375262620161654,0,213,213
hcp83,32,qsf,atlas_random_aligned,5,1,0.022132428239800602,0.0005170587065758991,0.022132428239800602,0.029166160656629192,0.03464297143043741,0.0733584206853297,0,213,213
hcp83,32,qsf,atlas_random_aligned,5,2,0.022895522300986387,0.0005429255543202972,0.022895522300986387,0.030557093728583458,0.03409341796521746,0.0561167878218838,0,213,213
hcp83,32,qsf,atlas_random_aligned,5,3,0.02309990933617954,0.0005573684421201681,0.02309990933617954,0.029649679544647204,0.03626747032442167,0.0687917067232172,0,213,213
hcp83,32,qsf,atlas_random_mean,1,1,0.05757027747563375,0.004191696055470228,0.05757027747563375,0.09652195446537119,0.2039796739593863,0.2434485207866918,0,213,213
hcp83,32,qsf,atlas_random_mean,1,2,0.059885704644818336,0.004475503027018642,0.059885704644818336,0.1026619399788968,0.20415829276501996,0.2458358321241312,0,213,213
hcp83,32,qsf,atlas_random_mean,1,3,0.05667827619448714,0.004066282894965218,0.05667827619448714,0.09522688053298982,0.20550951499398004,0.2420466754100094,0,213,213
hcp83,32,qsf,atlas_random_mean,2,1,0.05868810298111249,0.004600413244381603,0.05868810298111249,0.099853386388527,0.2026819334156894,0.2807449993646399,0,211,211
hcp83,32,qsf,atlas_random_mean,2,2,0.061275249459560165,0.004899687409401773,0.061275249459560165,0.1057147946141575,0.20234510738112416,0.2770468131164135,0,211,211
hcp83,32,qsf,atlas_random_mean,2,3,0.0582480095359914,0.0045296070741846555,0.0582480095359914,0.10335033061440504,0.20163144972914562,0.2813853313317889,0,211,211
hcp83,32,qsf,atlas_random_mean,3,1,0.059010596550184896,0.004536610898766746,0.059010596550184896,0.1115024007411604,0.21218767990104723,0.2244853598043883,0,213,213
hcp83,32,qsf,atlas_random_mean,3,2,0.0617723917469683,0.004880567722263458,0.0617723917469683,0.11577843569937576,0.2114105712874028,0.2263485422875545,0,213,213
hcp83,32,qsf,atlas_random_mean,3,3,0.058611688171568345,0.0044883254361942,0.058611688171568345,0.1110990177212102,0.20958663609165973,0.2335626905593603,0,213,213
hcp83,32,qsf,atlas_random_mean,4,1,0.057201082354256014,0.003970552892472824,0.057201082354256014,0.1011963263796828,0.16288947381484825,0.2009549984165289,0,213,213
hcp83,32,qsf,atlas_random_mean,4,2,0.059598026976736496,0.004268916595148656,0.059598026976736496,0.10335322725419972,0.16793117748550482,0.2010416245763991,0,213,213
hcp83,32,qsf,atlas_random_mean,4,3,0.056805159685061044,0.003915035024494794,0.056805159685061044,0.1017157566150352,0.16265389039423472,0.2006926205128737,0,213,213
hcp83,32,qsf,atlas_random_mean,5,1,0.05772904464822362,0.003993205062474865,0.05772904464822362,0.09926358993730834,0.15970846712768627,0.2253149323304183,0,213,213
hcp83,32,qsf,atlas_random_mean,5,2,0.060577578945781634,0.004354304306967907,0.060577578945781634,0.10472532061896783,0.1650456592013251,0.2273526050285006,0,213,213
hcp83,32,qsf,atlas_random_mean,5,3,0.05763505653315198,0.003996293111874256,0.05763505653315198,0.09791141127331583,0.1600620625863941,0.2346386564586707,0,213,213
hcp83,32,qsf,atlas_selected_aligned,1,1,0.021972457347917314,0.0004971804595916535,0.021972457347917314,0.028734224336531246,0.03249687361133503,0.0344274067869857,0,213,213
hcp83,32,qsf,atlas_selected_aligned,1,2,0.022836651012323475,0.0005355934606723102,0.022836651012323475,0.029789254329828155,0.03345372577818471,0.0355302210460196,0,213,213
hcp83,32,qsf,atlas_selected_aligned,1,3,0.022400811487369648,0.000514923768483187,0.022400811487369648,0.029775399123397207,0.0322479761337177,0.0330264897748462,0,213,213
hcp83,32,qsf,atlas_selected_aligned,2,1,0.022154187375662854,0.0005057684409027304,0.022154187375662854,0.028906057386303148,0.03227724345520743,0.0377007833438645,0,211,211
hcp83,32,qsf,atlas_selected_aligned,2,2,0.02309015511526015,0.0005461610981890663,0.02309015511526015,0.02964533995029375,0.03253584854308644,0.0332561602432367,0,211,211
hcp83,32,qsf,atlas_selected_aligned,2,3,0.02277954002817164,0.0005315427687388976,0.02277954002817164,0.029519202876457852,0.03238021856600633,0.034103189608763,0,211,211
hcp83,32,qsf,atlas_selected_aligned,3,1,0.022314356099303698,0.0005260250418565672,0.022314356099303698,0.028567328230255318,0.03547594062826953,0.0743229349484518,0,213,213
hcp83,32,qsf,atlas_selected_aligned,3,2,0.023088496401780775,0.0005484496446295417,0.023088496401780775,0.029339294408571297,0.0330834964275951,0.0533785512580811,0,213,213
hcp83,32,qsf,atlas_selected_aligned,3,3,0.02283952059014696,0.0005433392253928006,0.02283952059014696,0.029560999933110517,0.035044553910708584,0.0651811960488715,0,213,213
hcp83,32,qsf,atlas_selected_aligned,4,1,0.022562296168031737,0.0005262135370485122,0.022562296168031737,0.030496443390672517,0.035118645842031594,0.0384789408453117,0,213,213
hcp83,32,qsf,atlas_selected_aligned,4,2,0.023020289826188062,0.0005434901894587723,0.023020289826188062,0.029457745014130617,0.03385539584426164,0.0388051328822151,0,213,213
hcp83,32,qsf,atlas_selected_aligned,4,3,0.02307755185554792,0.0005461922361822554,0.02307755185554792,0.030212752065075017,0.033784256528234594,0.0354887085682723,0,213,213
hcp83,32,qsf,atlas_selected_aligned,5,1,0.022056492250735735,0.0005138599989364742,0.022056492250735735,0.028812346184788697,0.03410262183321051,0.0748080450073867,0,213,213
hcp83,32,qsf,atlas_selected_aligned,5,2,0.022740990932243823,0.0005341018353011005,0.022740990932243823,0.029463438394955157,0.03398031495501178,0.053747844019186,0,213,213
hcp83,32,qsf,atlas_selected_aligned,5,3,0.0225914287384344,0.0005308617325841869,0.0225914287384344,0.02877570703637253,0.03416595331552192,0.0651583373437374,0,213,213
hcp83,32,qsf,atlas_selected_mean,1,1,0.05757027747563375,0.004191696055470228,0.05757027747563375,0.09652195446537119,0.2039796739593863,0.2434485207866918,0,213,213
hcp83,32,qsf,atlas_selected_mean,1,2,0.059885704644818336,0.004475503027018642,0.059885704644818336,0.1026619399788968,0.20415829276501996,0.2458358321241312,0,213,213
hcp83,32,qsf,atlas_selected_mean,1,3,0.05667827619448714,0.004066282894965218,0.05667827619448714,0.09522688053298982,0.20550951499398004,0.2420466754100094,0,213,213
hcp83,32,qsf,atlas_selected_mean,2,1,0.05868810298111249,0.004600413244381603,0.05868810298111249,0.099853386388527,0.2026819334156894,0.2807449993646399,0,211,211
hcp83,32,qsf,atlas_selected_mean,2,2,0.061275249459560165,0.004899687409401773,0.061275249459560165,0.1057147946141575,0.20234510738112416,0.2770468131164135,0,211,211
hcp83,32,qsf,atlas_selected_mean,2,3,0.0582480095359914,0.0045296070741846555,0.0582480095359914,0.10335033061440504,0.20163144972914562,0.2813853313317889,0,211,211
hcp83,32,qsf,atlas_selected_mean,3,1,0.059010596550184896,0.004536610898766746,0.059010596550184896,0.1115024007411604,0.21218767990104723,0.2244853598043883,0,213,213
hcp83,32,qsf,atlas_selected_mean,3,2,0.0617723917469683,0.004880567722263458,0.0617723917469683,0.11577843569937576,0.2114105712874028,0.2263485422875545,0,213,213
hcp83,32,qsf,atlas_selected_mean,3,3,0.058611688171568345,0.0044883254361942,0.058611688171568345,0.1110990177212102,0.20958663609165973,0.2335626905593603,0,213,213
hcp83,32,qsf,atlas_selected_mean,4,1,0.057201082354256014,0.003970552892472824,0.057201082354256014,0.1011963263796828,0.16288947381484825,0.2009549984165289,0,213,213
hcp83,32,qsf,atlas_selected_mean,4,2,0.059598026976736496,0.004268916595148656,0.059598026976736496,0.10335322725419972,0.16793117748550482,0.2010416245763991,0,213,213
hcp83,32,qsf,atlas_selected_mean,4,3,0.056805159685061044,0.003915035024494794,0.056805159685061044,0.1017157566150352,0.16265389039423472,0.2006926205128737,0,213,213
hcp83,32,qsf,atlas_selected_mean,5,1,0.05772904464822362,0.003993205062474865,0.05772904464822362,0.09926358993730834,0.15970846712768627,0.2253149323304183,0,213,213
hcp83,32,qsf,atlas_selected_mean,5,2,0.060577578945781634,0.004354304306967907,0.060577578945781634,0.10472532061896783,0.1650456592013251,0.2273526050285006,0,213,213
hcp83,32,qsf,atlas_selected_mean,5,3,0.05763505653315198,0.003996293111874256,0.05763505653315198,0.09791141127331583,0.1600620625863941,0.2346386564586707,0,213,213
hcp83,32,qsf,floor_random_robust,1,1,0.08997974547086263,0.008303355029011264,0.08997974547086263,0.11473343474137758,0.13080106530127222,0.1366946585755879,0,213,213
hcp83,32,qsf,floor_random_robust,1,2,0.13281976571369694,0.01779354725004508,0.13281976571369694,0.1483145947464711,0.1559322796677123,0.2648516859062496,0,213,213
hcp83,32,qsf,floor_random_robust,1,3,0.10528503237533231,0.011193062271628617,0.10528503237533231,0.12594940469814456,0.13186504937535762,0.1480907120245911,0,213,213
hcp83,32,qsf,floor_random_robust,2,1,0.08605964083118377,0.007624966338257243,0.08605964083118377,0.1122932537794522,0.13765802770247051,0.1565285608680484,0,211,211
hcp83,32,qsf,floor_random_robust,2,2,0.13150421832765372,0.017367548552577636,0.13150421832765372,0.1471353883597234,0.15674782951648983,0.1646455145230071,0,211,211
hcp83,32,qsf,floor_random_robust,2,3,0.10641735519427056,0.011481160982421797,0.10641735519427056,0.1327770028394861,0.1401442448460655,0.150838162091498,0,211,211
hcp83,32,qsf,floor_random_robust,3,1,0.08771127894669543,0.007996214544459968,0.08771127894669543,0.12170623352334209,0.14638590724025174,0.1592689785535765,0,213,213
hcp83,32,qsf,floor_random_robust,3,2,0.1334995921447202,0.017951991162109174,0.1334995921447202,0.15237360194474825,0.1783048391459941,0.1982131206262019,0,213,213
hcp83,32,qsf,floor_random_robust,3,3,0.10570083274573464,0.011357034274791487,0.10570083274573464,0.130362322173793,0.1545524381404183,0.1860127111523568,0,213,213
hcp83,32,qsf,floor_random_robust,4,1,0.08904571092066015,0.008125581136485722,0.08904571092066015,0.11755787613202329,0.131359354593994,0.1410645890745334,0,213,213
hcp83,32,qsf,floor_random_robust,4,2,0.1321046679386058,0.01753979006460202,0.1321046679386058,0.14784317400071914,0.15841349620377815,0.1667383831408498,0,213,213
hcp83,32,qsf,floor_random_robust,4,3,0.10880449001752397,0.011960060752891242,0.10880449001752397,0.1308497146089488,0.14304803236337418,0.1491283421860924,0,213,213
hcp83,32,qsf,floor_random_robust,5,1,0.08716917958098723,0.007999034168477059,0.08716917958098723,0.11143019838417832,0.13598364944962624,0.2708841413434915,0,213,213
hcp83,32,qsf,floor_random_robust,5,2,0.13179127409709865,0.017483192255965802,0.13179127409709865,0.1513163222922432,0.17163777890626358,0.1809057048480437,0,213,213
hcp83,32,qsf,floor_random_robust,5,3,0.10887794959860017,0.011992997409676732,0.10887794959860017,0.12865635014009952,0.1424243227452659,0.1744353235306842,0,213,213
hcp83,32,qsf,ordinary_selected,1,1,0.07960167622991844,0.0065296795768401816,0.07960167622991844,0.10191263627646151,0.13057319023216235,0.1436633118704882,0,213,213
hcp83,32,qsf,ordinary_selected,1,2,0.12830699314008132,0.01655968192615898,0.12830699314008132,0.14731250011417135,0.16390935831685322,0.1671648059151684,0,213,213
hcp83,32,qsf,ordinary_selected,1,3,0.09904216098047053,0.009948723279033051,0.09904216098047053,0.12074478911005604,0.13468027421307335,0.1502530573536642,0,213,213
hcp83,32,qsf,ordinary_selected,2,1,0.08063531431901073,0.006748323142405093,0.08063531431901073,0.1117115912137599,0.12876870631792053,0.1459126278528254,0,211,211
hcp83,32,qsf,ordinary_selected,2,2,0.128360925307415,0.016580844528760432,0.128360925307415,0.14895840151045725,0.1617939198264467,0.164102188872184,0,211,211
hcp83,32,qsf,ordinary_selected,2,3,0.09916820922262772,0.010012661868729712,0.09916820922262772,0.12803427807671947,0.141025972040028,0.1490769477153383,0,211,211
hcp83,32,qsf,ordinary_selected,3,1,0.08152633734471414,0.0069460941426950085,0.08152633734471414,0.11368879735383905,0.13873962689908012,0.1664333660890769,0,213,213
hcp83,32,qsf,ordinary_selected,3,2,0.1292053122921612,0.016821350986309342,0.1292053122921612,0.15065557227427628,0.16616587157991775,0.1691997768726883,0,213,213
hcp83,32,qsf,ordinary_selected,3,3,0.10131137724398932,0.010477490364737612,0.10131137724398932,0.12722900646665103,0.14640989779982344,0.1811341206455645,0,213,213
hcp83,32,qsf,ordinary_selected,4,1,0.0804488835457617,0.006651402946658882,0.0804488835457617,0.10354310051597557,0.11769976940267014,0.1231722812677016,0,213,213
hcp83,32,qsf,ordinary_selected,4,2,0.129610973096445,0.01689654211149124,0.129610973096445,0.1478585804416005,0.15696320477866052,0.1620349143518012,0,213,213
hcp83,32,qsf,ordinary_selected,4,3,0.10032721834942461,0.010195135560263099,0.10032721834942461,0.12122986597107943,0.1291840058169654,0.1511188348097041,0,213,213
hcp83,32,qsf,ordinary_selected,5,1,0.08033738668016048,0.006671858739914875,0.08033738668016048,0.10447517603003252,0.12566873853743538,0.1394457316090432,0,213,213
hcp83,32,qsf,ordinary_selected,5,2,0.13019311994376517,0.017062394920944232,0.13019311994376517,0.15067538200537778,0.15986429034467892,0.1690084910732611,0,213,213
hcp83,32,qsf,ordinary_selected,5,3,0.09961738970503935,0.010069753691419296,0.09961738970503935,0.12238512447713672,0.13398303849275922,0.1643865960768115,0,213,213
hcp83,32,qsf,random_bounded_residual,1,1,0.08587580510629157,0.007569858296979205,0.08587580510629157,0.10898824023624863,0.1279637905932669,0.1326747120472249,0,213,213
hcp83,32,qsf,random_bounded_residual,1,2,0.1296605897307483,0.016877592857108468,0.1296605897307483,0.14561000966580934,0.15118026876217996,0.1546625856968612,0,213,213
hcp83,32,qsf,random_bounded_residual,1,3,0.09934266615600844,0.010002503484948756,0.09934266615600844,0.12088416174605779,0.1323408369075806,0.1646726079433685,0,213,213
hcp83,32,qsf,random_bounded_residual,2,1,0.08153792850898206,0.006865135196419662,0.08153792850898206,0.11159250336395915,0.13637135700841554,0.1372031123263921,0,211,211
hcp83,32,qsf,random_bounded_residual,2,2,0.12870176145098278,0.016634419146048157,0.12870176145098278,0.1440963639815925,0.15057183254894088,0.1553839917370229,0,211,211
hcp83,32,qsf,random_bounded_residual,2,3,0.10136768293162425,0.010475721406095418,0.10136768293162425,0.12757737887608261,0.1588232002148431,0.1741451488289132,0,211,211
hcp83,32,qsf,random_bounded_residual,3,1,0.0833291467277074,0.007210924762581777,0.0833291467277074,0.11069774124774964,0.14602767244466466,0.1547316982922029,0,213,213
hcp83,32,qsf,random_bounded_residual,3,2,0.1299399190539036,0.016999175357215512,0.1299399190539036,0.1475602993168212,0.1613063925808756,0.1864887172526512,0,213,213
hcp83,32,qsf,random_bounded_residual,3,3,0.10041923509810087,0.010266709656852216,0.10041923509810087,0.12175513738583238,0.14494616490916193,0.1756785713534997,0,213,213
hcp83,32,qsf,random_bounded_residual,4,1,0.08455717866015447,0.007355249205762926,0.08455717866015447,0.11238453387321308,0.12732275859328604,0.1421424292323984,0,213,213
hcp83,32,qsf,random_bounded_residual,4,2,0.12855945690379192,0.016611717552920423,0.12855945690379192,0.14424798425598223,0.15587305686272349,0.1575515494574696,0,213,213
hcp83,32,qsf,random_bounded_residual,4,3,0.10299475302354166,0.01073447299842845,0.10299475302354166,0.12339670754666074,0.1329941132945561,0.1542919603354183,0,213,213
hcp83,32,qsf,random_bounded_residual,5,1,0.08216516536536726,0.006956555026659163,0.08216516536536726,0.1084095535248358,0.12289376722744512,0.1332447484189124,0,213,213
hcp83,32,qsf,random_bounded_residual,5,2,0.12872309476165383,0.016670401518661806,0.12872309476165383,0.14767958307232984,0.1595769602015235,0.1730052524856063,0,213,213
hcp83,32,qsf,random_bounded_residual,5,3,0.10224032635550463,0.010592773747405733,0.10224032635550463,0.12273878171169258,0.13964650960606365,0.1758340927373142,0,213,213
hcp83,32,qsf,random_ordinary,1,1,0.08952332725226561,0.008253061592033942,0.08952332725226561,0.11925008630792765,0.13009242411795877,0.149042541431605,0,213,213
hcp83,32,qsf,random_ordinary,1,2,0.13262842155280855,0.017691697753031317,0.13262842155280855,0.15199580834217533,0.16511075748180978,0.1713686434742358,0,213,213
hcp83,32,qsf,random_ordinary,1,3,0.10149155503736833,0.010466902528841783,0.10149155503736833,0.12460433374032862,0.15035127896213674,0.169295931244876,0,213,213
hcp83,32,qsf,random_ordinary,2,1,0.08599319674775159,0.0076818955200792325,0.08599319674775159,0.1244432040024517,0.13444162310626392,0.1551183331583442,0,211,211
hcp83,32,qsf,random_ordinary,2,2,0.13160075768553692,0.017420120810660952,0.13160075768553692,0.14971960985991775,0.16171012390484046,0.1756262065307289,0,211,211
hcp83,32,qsf,random_ordinary,2,3,0.10443347490248048,0.011320432037067774,0.10443347490248048,0.1337034484598955,0.16943427187998908,0.3075259769503191,0,211,211
hcp83,32,qsf,random_ordinary,3,1,0.08711032255118636,0.007922384116940236,0.08711032255118636,0.11990976398507447,0.14719400026682036,0.1697281709738006,0,213,213
hcp83,32,qsf,random_ordinary,3,2,0.13356242484619937,0.018000189055075468,0.13356242484619937,0.1564520683061158,0.17340501127731436,0.1909764590958715,0,213,213
hcp83,32,qsf,random_ordinary,3,3,0.10367576428486194,0.010950882655440098,0.10367576428486194,0.13100627588406963,0.15144121109788572,0.1752631682506876,0,213,213
hcp83,32,qsf,random_ordinary,4,1,0.08981761611581307,0.008306903551404352,0.08981761611581307,0.11980267798425526,0.1320784693717663,0.1434800467567032,0,213,213
hcp83,32,qsf,random_ordinary,4,2,0.13122863648852334,0.01731885289127519,0.13122863648852334,0.15066348291993598,0.15754851546055074,0.1602202245297081,0,213,213
hcp83,32,qsf,random_ordinary,4,3,0.10548144819482695,0.011274370665762578,0.10548144819482695,0.1259817154545079,0.144417590735721,0.1612255501379135,0,213,213
hcp83,32,qsf,random_ordinary,5,1,0.08641875907974186,0.0077230409301960665,0.08641875907974186,0.11431988185222024,0.13158514883122815,0.1565413570326097,0,213,213
hcp83,32,qsf,random_ordinary,5,2,0.13165570467643353,0.017449253363188876,0.13165570467643353,0.15364869711841686,0.16295817271049867,0.1737722635605592,0,213,213
hcp83,32,qsf,random_ordinary,5,3,0.10453437059825804,0.011089036792989787,0.10453437059825804,0.12694712294325594,0.14044591266542963,0.1878381696520454,0,213,213
hcp83,32,qsf,random_projection,1,1,0.08952332725226561,0.008253061592033942,0.08952332725226561,0.11925008630792765,0.13009242411795877,0.149042541431605,0,213,213
hcp83,32,qsf,random_projection,1,2,0.13262842155280855,0.017691697753031317,0.13262842155280855,0.15199580834217533,0.16511075748180978,0.1713686434742358,0,213,213
hcp83,32,qsf,random_projection,1,3,0.10139596474193716,0.0104438568018613,0.10139596474193716,0.12460433374032862,0.1502745493390128,0.169295931244876,0,213,213
hcp83,32,qsf,random_projection,2,1,0.08599319674775159,0.0076818955200792325,0.08599319674775159,0.1244432040024517,0.13444162310626392,0.1551183331583442,0,211,211
hcp83,32,qsf,random_projection,2,2,0.13135580896601892,0.01735029373570108,0.13135580896601892,0.14935853441423916,0.16102426937195086,0.1678179119198517,0,211,211
hcp83,32,qsf,random_projection,2,3,0.1035509035821479,0.01093977860659307,0.1035509035821479,0.13351808459966963,0.16431298931569502,0.1723052022667745,0,211,211
hcp83,32,qsf,random_projection,3,1,0.08711032255118636,0.007922384116940236,0.08711032255118636,0.11990976398507447,0.14719400026682036,0.1697281709738006,0,213,213
hcp83,32,qsf,random_projection,3,2,0.13356242484619937,0.018000189055075468,0.13356242484619937,0.1564520683061158,0.17340501127731436,0.1909764590958715,0,213,213
hcp83,32,qsf,random_projection,3,3,0.10288579539540599,0.010781451205178748,0.10288579539540599,0.12974150064322754,0.14870456402937768,0.1738643537333891,0,213,213
hcp83,32,qsf,random_projection,4,1,0.08981761611581307,0.008306903551404352,0.08981761611581307,0.11980267798425526,0.1320784693717663,0.1434800467567032,0,213,213
hcp83,32,qsf,random_projection,4,2,0.13122863648852334,0.01731885289127519,0.13122863648852334,0.15066348291993598,0.15754851546055074,0.1602202245297081,0,213,213
hcp83,32,qsf,random_projection,4,3,0.10538721742516763,0.011252800564645525,0.10538721742516763,0.126003012136519,0.14382142218419033,0.1599230303571238,0,213,213
hcp83,32,qsf,random_projection,5,1,0.08641875907974186,0.0077230409301960665,0.08641875907974186,0.11431988185222024,0.13158514883122815,0.1565413570326097,0,213,213
hcp83,32,qsf,random_projection,5,2,0.1314035720858183,0.017378331651862648,0.1314035720858183,0.15211784684228352,0.16182151219564844,0.1729237292239155,0,213,213
hcp83,32,qsf,random_projection,5,3,0.10453437059825804,0.011089036792989787,0.10453437059825804,0.12694712294325594,0.14044591266542963,0.1878381696520454,0,213,213
hcp83,32,qsf,random_robust,1,1,0.08587580510629157,0.007569858296979205,0.08587580510629157,0.10898824023624863,0.1279637905932669,0.1326747120472249,0,213,213
hcp83,32,qsf,random_robust,1,2,0.1296605897307483,0.016877592857108468,0.1296605897307483,0.14561000966580934,0.15118026876217996,0.1546625856968612,0,213,213
hcp83,32,qsf,random_robust,1,3,0.09934266615600844,0.010002503484948756,0.09934266615600844,0.12088416174605779,0.1323408369075806,0.1646726079433685,0,213,213
hcp83,32,qsf,random_robust,2,1,0.08153792850898206,0.006865135196419662,0.08153792850898206,0.11159250336395915,0.13637135700841554,0.1372031123263921,0,211,211
hcp83,32,qsf,random_robust,2,2,0.12870176145098278,0.016634419146048157,0.12870176145098278,0.1440963639815925,0.15057183254894088,0.1553839917370229,0,211,211
hcp83,32,qsf,random_robust,2,3,0.10136768293162425,0.010475721406095418,0.10136768293162425,0.12757737887608261,0.1588232002148431,0.1741451488289132,0,211,211
hcp83,32,qsf,random_robust,3,1,0.0833291467277074,0.007210924762581777,0.0833291467277074,0.11069774124774964,0.14602767244466466,0.1547316982922029,0,213,213
hcp83,32,qsf,random_robust,3,2,0.1299399190539036,0.016999175357215512,0.1299399190539036,0.1475602993168212,0.1613063925808756,0.1864887172526512,0,213,213
hcp83,32,qsf,random_robust,3,3,0.10041923509810087,0.010266709656852216,0.10041923509810087,0.12175513738583238,0.14494616490916193,0.1756785713534997,0,213,213
hcp83,32,qsf,random_robust,4,1,0.08455717866015447,0.007355249205762926,0.08455717866015447,0.11238453387321308,0.12732275859328604,0.1421424292323984,0,213,213
hcp83,32,qsf,random_robust,4,2,0.12855945690379192,0.016611717552920423,0.12855945690379192,0.14424798425598223,0.15587305686272349,0.1575515494574696,0,213,213
hcp83,32,qsf,random_robust,4,3,0.10299475302354166,0.01073447299842845,0.10299475302354166,0.12339670754666074,0.1329941132945561,0.1542919603354183,0,213,213
hcp83,32,qsf,random_robust,5,1,0.08216516536536726,0.006956555026659163,0.08216516536536726,0.1084095535248358,0.12289376722744512,0.1332447484189124,0,213,213
hcp83,32,qsf,random_robust,5,2,0.12872309476165383,0.016670401518661806,0.12872309476165383,0.14767958307232984,0.1595769602015235,0.1730052524856063,0,213,213
hcp83,32,qsf,random_robust,5,3,0.10224032635550463,0.010592773747405733,0.10224032635550463,0.12273878171169258,0.13964650960606365,0.1758340927373142,0,213,213
hcp83,32,qsf,selected_bounded_residual,1,1,0.0770599849173815,0.006098850720166511,0.0770599849173815,0.09601393243443078,0.12446261696850447,0.1287286996540007,0,213,213
hcp83,32,qsf,selected_bounded_residual,1,2,0.12551355404036452,0.01581603573844316,0.12551355404036452,0.1408589982413798,0.14711197160109685,0.1528266999599655,0,213,213
hcp83,32,qsf,selected_bounded_residual,1,3,0.09672837062092413,0.009472145436678374,0.09672837062092413,0.117711402937381,0.12717114656972472,0.1428093713616171,0,213,213
hcp83,32,qsf,selected_bounded_residual,2,1,0.07652681940102542,0.00604593763815299,0.07652681940102542,0.0997938532167428,0.12811241830022818,0.1358236379233584,0,211,211
hcp83,32,qsf,selected_bounded_residual,2,2,0.12521312630284245,0.015754674735331438,0.12521312630284245,0.13865755226063925,0.14752341089083085,0.1499041067160291,0,211,211
hcp83,32,qsf,selected_bounded_residual,2,3,0.09689560483728885,0.009540113968139969,0.09689560483728885,0.12264127300227401,0.13374173881214071,0.1412637762276697,0,211,211
hcp83,32,qsf,selected_bounded_residual,3,1,0.07760773221074863,0.006254300655523275,0.07760773221074863,0.10733944996494067,0.13018421196098515,0.1421074973316953,0,213,213
hcp83,32,qsf,selected_bounded_residual,3,2,0.12738998667636767,0.016328110511902326,0.12738998667636767,0.1462188367321741,0.1587154701784215,0.1743228528862367,0,213,213
hcp83,32,qsf,selected_bounded_residual,3,3,0.09815552111597611,0.00979693388243893,0.09815552111597611,0.11855046362256356,0.13858371765846375,0.1726205582445019,0,213,213
hcp83,32,qsf,selected_bounded_residual,4,1,0.07607128688625316,0.005931925633315951,0.07607128688625316,0.09684259102202394,0.11176938535734622,0.1224549298364543,0,213,213
hcp83,32,qsf,selected_bounded_residual,4,2,0.12665061719972204,0.01612386636641202,0.12665061719972204,0.14219691893238473,0.15285155547792745,0.160760755776317,0,213,213
hcp83,32,qsf,selected_bounded_residual,4,3,0.0974596376998495,0.009615005409581963,0.0974596376998495,0.11986837630902288,0.12537582422851812,0.1428707023445349,0,213,213
hcp83,32,qsf,selected_bounded_residual,5,1,0.07638179330601569,0.006017404441661609,0.07638179330601569,0.09878386222986038,0.11578940147418494,0.1314194708121055,0,213,213
hcp83,32,qsf,selected_bounded_residual,5,2,0.1269994471428127,0.01622600603624003,0.1269994471428127,0.1459625918307942,0.15841282758327557,0.1663960238586072,0,213,213
hcp83,32,qsf,selected_bounded_residual,5,3,0.09675789812312752,0.009497497165204627,0.09675789812312752,0.12002659986412414,0.13287579864185564,0.1595542278895443,0,213,213
hcp83,32,qsf,selected_projection,1,1,0.08125799490931848,0.0068065615327899944,0.08125799490931848,0.10499492583414899,0.13233608734463542,0.141112709397086,0,213,213
hcp83,32,qsf,selected_projection,1,2,0.12805213519937153,0.01648694696663021,0.12805213519937153,0.1473400428285274,0.1566810411809987,0.1671648059151684,0,213,213
hcp83,32,qsf,selected_projection,1,3,0.09904216098047053,0.009948723279033051,0.09904216098047053,0.12074478911005604,0.13468027421307335,0.1502530573536642,0,213,213
hcp83,32,qsf,selected_projection,2,1,0.08063531431901073,0.006748323142405093,0.08063531431901073,0.1117115912137599,0.12876870631792053,0.1459126278528254,0,211,211
hcp83,32,qsf,selected_projection,2,2,0.1282925375954145,0.01656054973951186,0.1282925375954145,0.14826662352413694,0.15780014381344792,0.164102188872184,0,211,211
hcp83,32,qsf,selected_projection,2,3,0.09916820922262772,0.010012661868729712,0.09916820922262772,0.12803427807671947,0.141025972040028,0.1490769477153383,0,211,211
hcp83,32,qsf,selected_projection,3,1,0.08152633734471414,0.0069460941426950085,0.08152633734471414,0.11368879735383905,0.13873962689908012,0.1664333660890769,0,213,213
hcp83,32,qsf,selected_projection,3,2,0.13066641144635202,0.017204976935506613,0.13066641144635202,0.15378811651286436,0.1680071440042834,0.1742203245911157,0,213,213
hcp83,32,qsf,selected_projection,3,3,0.10044640007377957,0.010273420568217144,0.10044640007377957,0.12711743016885144,0.13928210262582721,0.1700092117675694,0,213,213
hcp83,32,qsf,selected_projection,4,1,0.0804488835457617,0.006651402946658882,0.0804488835457617,0.10354310051597557,0.11769976940267014,0.1231722812677016,0,213,213
hcp83,32,qsf,selected_projection,4,2,0.12957598186243227,0.01688607518873293,0.12957598186243227,0.14670496244929299,0.15700706408375423,0.1626973422593397,0,213,213
hcp83,32,qsf,selected_projection,4,3,0.10032721834942461,0.010195135560263099,0.10032721834942461,0.12122986597107943,0.1291840058169654,0.1511188348097041,0,213,213
hcp83,32,qsf,selected_projection,5,1,0.08033738668016048,0.006671858739914875,0.08033738668016048,0.10447517603003252,0.12566873853743538,0.1394457316090432,0,213,213
hcp83,32,qsf,selected_projection,5,2,0.1301900732846873,0.017062565967331203,0.1301900732846873,0.15125602167924687,0.1606066181192397,0.1690084910732611,0,213,213
hcp83,32,qsf,selected_projection,5,3,0.09961738970503935,0.010069753691419296,0.09961738970503935,0.12238512447713672,0.13398303849275922,0.1643865960768115,0,213,213
hcp83,32,qsf,selected_robust,1,1,0.0770599849173815,0.006098850720166511,0.0770599849173815,0.09601393243443078,0.12446261696850447,0.1287286996540007,0,213,213
hcp83,32,qsf,selected_robust,1,2,0.12551355404036452,0.01581603573844316,0.12551355404036452,0.1408589982413798,0.14711197160109685,0.1528266999599655,0,213,213
hcp83,32,qsf,selected_robust,1,3,0.09672837062092413,0.009472145436678374,0.09672837062092413,0.117711402937381,0.12717114656972472,0.1428093713616171,0,213,213
hcp83,32,qsf,selected_robust,2,1,0.07652681940102542,0.00604593763815299,0.07652681940102542,0.0997938532167428,0.12811241830022818,0.1358236379233584,0,211,211
hcp83,32,qsf,selected_robust,2,2,0.12521312630284245,0.015754674735331438,0.12521312630284245,0.13865755226063925,0.14752341089083085,0.1499041067160291,0,211,211
hcp83,32,qsf,selected_robust,2,3,0.09689560483728885,0.009540113968139969,0.09689560483728885,0.12264127300227401,0.13374173881214071,0.1412637762276697,0,211,211
hcp83,32,qsf,selected_robust,3,1,0.07760773221074863,0.006254300655523275,0.07760773221074863,0.10733944996494067,0.13018421196098515,0.1421074973316953,0,213,213
hcp83,32,qsf,selected_robust,3,2,0.12738998667636767,0.016328110511902326,0.12738998667636767,0.1462188367321741,0.1587154701784215,0.1743228528862367,0,213,213
hcp83,32,qsf,selected_robust,3,3,0.09815552111597611,0.00979693388243893,0.09815552111597611,0.11855046362256356,0.13858371765846375,0.1726205582445019,0,213,213
hcp83,32,qsf,selected_robust,4,1,0.07607128688625316,0.005931925633315951,0.07607128688625316,0.09684259102202394,0.11176938535734622,0.1224549298364543,0,213,213
hcp83,32,qsf,selected_robust,4,2,0.12665061719972204,0.01612386636641202,0.12665061719972204,0.14219691893238473,0.15285155547792745,0.160760755776317,0,213,213
hcp83,32,qsf,selected_robust,4,3,0.0974596376998495,0.009615005409581963,0.0974596376998495,0.11986837630902288,0.12537582422851812,0.1428707023445349,0,213,213
hcp83,32,qsf,selected_robust,5,1,0.07638179330601569,0.006017404441661609,0.07638179330601569,0.09878386222986038,0.11578940147418494,0.1314194708121055,0,213,213
hcp83,32,qsf,selected_robust,5,2,0.1269994471428127,0.01622600603624003,0.1269994471428127,0.1459625918307942,0.15841282758327557,0.1663960238586072,0,213,213
hcp83,32,qsf,selected_robust,5,3,0.09675789812312752,0.009497497165204627,0.09675789812312752,0.12002659986412414,0.13287579864185564,0.1595542278895443,0,213,213
hcp83,32,qsf,selected_sources_ordinary,1,1,0.08125799490931848,0.0068065615327899944,0.08125799490931848,0.10499492583414899,0.13233608734463542,0.141112709397086,0,213,213
hcp83,32,qsf,selected_sources_ordinary,1,2,0.12830699314008132,0.01655968192615898,0.12830699314008132,0.14731250011417135,0.16390935831685322,0.1671648059151684,0,213,213
hcp83,32,qsf,selected_sources_ordinary,1,3,0.09904216098047053,0.009948723279033051,0.09904216098047053,0.12074478911005604,0.13468027421307335,0.1502530573536642,0,213,213
hcp83,32,qsf,selected_sources_ordinary,2,1,0.08063531431901073,0.006748323142405093,0.08063531431901073,0.1117115912137599,0.12876870631792053,0.1459126278528254,0,211,211
hcp83,32,qsf,selected_sources_ordinary,2,2,0.128360925307415,0.016580844528760432,0.128360925307415,0.14895840151045725,0.1617939198264467,0.164102188872184,0,211,211
hcp83,32,qsf,selected_sources_ordinary,2,3,0.09916820922262772,0.010012661868729712,0.09916820922262772,0.12803427807671947,0.141025972040028,0.1490769477153383,0,211,211
hcp83,32,qsf,selected_sources_ordinary,3,1,0.08152633734471414,0.0069460941426950085,0.08152633734471414,0.11368879735383905,0.13873962689908012,0.1664333660890769,0,213,213
hcp83,32,qsf,selected_sources_ordinary,3,2,0.13073267090051138,0.01722464112451522,0.13073267090051138,0.15314951905794247,0.1681331644685587,0.1754301911218967,0,213,213
hcp83,32,qsf,selected_sources_ordinary,3,3,0.10044640007377957,0.010273420568217144,0.10044640007377957,0.12711743016885144,0.13928210262582721,0.1700092117675694,0,213,213
hcp83,32,qsf,selected_sources_ordinary,4,1,0.0804488835457617,0.006651402946658882,0.0804488835457617,0.10354310051597557,0.11769976940267014,0.1231722812677016,0,213,213
hcp83,32,qsf,selected_sources_ordinary,4,2,0.129610973096445,0.01689654211149124,0.129610973096445,0.1478585804416005,0.15696320477866052,0.1620349143518012,0,213,213
hcp83,32,qsf,selected_sources_ordinary,4,3,0.10032721834942461,0.010195135560263099,0.10032721834942461,0.12122986597107943,0.1291840058169654,0.1511188348097041,0,213,213
hcp83,32,qsf,selected_sources_ordinary,5,1,0.08033738668016048,0.006671858739914875,0.08033738668016048,0.10447517603003252,0.12566873853743538,0.1394457316090432,0,213,213
hcp83,32,qsf,selected_sources_ordinary,5,2,0.13019311994376517,0.017062394920944232,0.13019311994376517,0.15067538200537778,0.15986429034467892,0.1690084910732611,0,213,213
hcp83,32,qsf,selected_sources_ordinary,5,3,0.09961738970503935,0.010069753691419296,0.09961738970503935,0.12238512447713672,0.13398303849275922,0.1643865960768115,0,213,213
hcp83,32,qsf,spatial_robust,1,1,0.08044138839104066,0.006631071352965325,0.08044138839104066,0.10254627911864474,0.12628262858865683,0.1282044747079114,0,213,213
hcp83,32,qsf,spatial_robust,1,2,0.12594459983974904,0.01592419213903682,0.12594459983974904,0.14286667846488457,0.14587726212985977,0.15246913342592,0,213,213
hcp83,32,qsf,spatial_robust,1,3,0.10171721654857858,0.010475200101473346,0.10171721654857858,0.12192792929327018,0.13929573343247043,0.1652106158377912,0,213,213
hcp83,32,qsf,spatial_robust,2,1,0.08005842383040007,0.006619659191693517,0.08005842383040007,0.1088229849872927,0.13177960010597853,0.1380299453957965,0,211,211
hcp83,32,qsf,spatial_robust,2,2,0.1250193188981326,0.015705606964134422,0.1250193188981326,0.1400387382015616,0.14662646282837583,0.153974699015199,0,211,211
hcp83,32,qsf,spatial_robust,2,3,0.1017081362272646,0.010532354642145334,0.1017081362272646,0.12802477618279234,0.1524910671158505,0.1612173159477112,0,211,211
hcp83,32,qsf,spatial_robust,3,1,0.08061442105278406,0.006722725468138588,0.08061442105278406,0.1086614685342977,0.13343790938326203,0.1454298765667897,0,213,213
hcp83,32,qsf,spatial_robust,3,2,0.12661456521238604,0.016126308548594356,0.12661456521238604,0.1449468344469672,0.15543715657247037,0.1718621966868666,0,213,213
hcp83,32,qsf,spatial_robust,3,3,0.10174690920014767,0.010540175917674302,0.10174690920014767,0.12296619403592898,0.15058289776392725,0.1797956415092712,0,213,213
hcp83,32,qsf,spatial_robust,4,1,0.07900738609004049,0.006401741433032963,0.07900738609004049,0.10307360645039616,0.11520601416640015,0.1242935057239235,0,213,213
hcp83,32,qsf,spatial_robust,4,2,0.12610025838509734,0.01598296796850171,0.12610025838509734,0.14196080418199084,0.15321731796051036,0.1557422767179071,0,213,213
hcp83,32,qsf,spatial_robust,4,3,0.10149458746476187,0.01044187962383698,0.10149458746476187,0.12301722029377272,0.13424752739742993,0.1658875537493643,0,213,213
hcp83,32,qsf,spatial_robust,5,1,0.08075792704280475,0.006715990309296235,0.08075792704280475,0.10558293460835781,0.11845021822851429,0.1259835960223052,0,213,213
hcp83,32,qsf,spatial_robust,5,2,0.12631124316971473,0.016056449725511217,0.12631124316971473,0.14575846070470974,0.15708384513162496,0.1693063508497051,0,213,213
hcp83,32,qsf,spatial_robust,5,3,0.10069849960352706,0.010285502533447462,0.10069849960352706,0.12216356843137181,0.14592132632727142,0.1682480161620526,0,213,213
hcp83,32,qsf,template_random_bounded_residual,1,1,0.029887671836133365,0.0010042933571700339,0.029887671836133365,0.04936281118966332,0.0607158307646798,0.0944142775427308,0,213,213
hcp83,32,qsf,template_random_bounded_residual,1,2,0.03302669523244955,0.0012224914779422624,0.03302669523244955,0.053001901640351096,0.06637041108566163,0.1055330216644893,0,213,213
hcp83,32,qsf,template_random_bounded_residual,1,3,0.027668680239878507,0.0008362587100341704,0.027668680239878507,0.044244995921949075,0.05358226314386435,0.0735651410903696,0,213,213
hcp83,32,qsf,template_random_bounded_residual,2,1,0.02756195742719725,0.00084965891272318,0.02756195742719725,0.044393435342393095,0.057757162018125585,0.0966900671731798,0,211,211
hcp83,32,qsf,template_random_bounded_residual,2,2,0.030595057611036786,0.0010455180812945018,0.030595057611036786,0.048726369813150955,0.0654105802144531,0.1007848087923716,0,211,211
hcp83,32,qsf,template_random_bounded_residual,2,3,0.02888994985603424,0.0009236480652036738,0.02888994985603424,0.0450294880343046,0.061992938629025475,0.0973027436457552,0,211,211
hcp83,32,qsf,template_random_bounded_residual,3,1,0.02789903550389801,0.0008772286056822155,0.02789903550389801,0.047325546338207035,0.06321442697433681,0.0880824978096113,0,213,213
hcp83,32,qsf,template_random_bounded_residual,3,2,0.033005827696246035,0.0012755695502104183,0.033005827696246035,0.06177010791493103,0.07868992525474094,0.1067924775550764,0,213,213
hcp83,32,qsf,template_random_bounded_residual,3,3,0.02791233791623414,0.0008725885572625126,0.02791233791623414,0.047844552855208604,0.06218582334955504,0.0781584384110575,0,213,213
hcp83,32,qsf,template_random_bounded_residual,4,1,0.02696841210947935,0.0007931055946031831,0.02696841210947935,0.04008881309703563,0.05666147487393371,0.0712882310181213,0,213,213
hcp83,32,qsf,template_random_bounded_residual,4,2,0.032377287299684726,0.001176263435402132,0.032377287299684726,0.05110269018526497,0.07023740837655613,0.0930227709673393,0,213,213
hcp83,32,qsf,template_random_bounded_residual,4,3,0.028965371018605173,0.0009173411004671671,0.028965371018605173,0.04545689419430722,0.05871436399966253,0.0804066185002693,0,213,213
hcp83,32,qsf,template_random_bounded_residual,5,1,0.02812091129139313,0.0008874059691941053,0.02812091129139313,0.04496122688591696,0.062462991182763515,0.0913474551930995,0,213,213
hcp83,32,qsf,template_random_bounded_residual,5,2,0.03147620500188725,0.0011074189265042958,0.03147620500188725,0.05196957572353704,0.06777730520542577,0.0843279628953001,0,213,213
hcp83,32,qsf,template_random_bounded_residual,5,3,0.03043323969029087,0.0010427681982329376,0.03043323969029087,0.052095938567534035,0.06841167037952764,0.0847451359151545,0,213,213
hcp83,32,qsf,template_random_projection,1,1,0.03143607378656087,0.0011111613654280806,0.03143607378656087,0.05100257678114366,0.0654164310698357,0.1024425260492018,0,213,213
hcp83,32,qsf,template_random_projection,1,2,0.03443237285660675,0.0013228140083171673,0.03443237285660675,0.05453253300076595,0.06584787963437366,0.105895075876883,0,213,213
hcp83,32,qsf,template_random_projection,1,3,0.02887796214032577,0.0009148265629999539,0.02887796214032577,0.04554160509676384,0.055893027463636835,0.0836913186885278,0,213,213
hcp83,32,qsf,template_random_projection,2,1,0.029200853902582265,0.000966489062059411,0.029200853902582265,0.046093444099212,0.07368328592499285,0.1023479856481967,0,211,211
hcp83,32,qsf,template_random_projection,2,2,0.0327324672600951,0.0011930701425500257,0.0327324672600951,0.050510056877585904,0.07619130348316921,0.101336832036486,0,211,211
hcp83,32,qsf,template_random_projection,2,3,0.03088794938588135,0.001073768343599955,0.03088794938588135,0.046917063823821104,0.06925820566299966,0.1015460901836641,0,211,211
hcp83,32,qsf,template_random_projection,3,1,0.029463851176362514,0.000997065916279264,0.029463851176362514,0.051310683911641244,0.07098107501550498,0.1012395081354754,0,213,213
hcp83,32,qsf,template_random_projection,3,2,0.03507450415286495,0.0014203034250106846,0.03507450415286495,0.06340625084624212,0.08274559669094607,0.1102794941293078,0,213,213
hcp83,32,qsf,template_random_projection,3,3,0.029001337268894818,0.0009444574006040655,0.029001337268894818,0.04838874489843929,0.06357687531665156,0.0863921945679716,0,213,213
hcp83,32,qsf,template_random_projection,4,1,0.02853195339995753,0.0008918499371321815,0.02853195339995753,0.042839007817571224,0.06111525479619676,0.076282629124616,0,213,213
hcp83,32,qsf,template_random_projection,4,2,0.03396728083670144,0.0012758575291860208,0.03396728083670144,0.0522168496178203,0.06909844395444872,0.0922178988324434,0,213,213
hcp83,32,qsf,template_random_projection,4,3,0.03015088341821889,0.0009847047178267352,0.03015088341821889,0.045991284847216575,0.05893238029032644,0.0800078755278908,0,213,213
hcp83,32,qsf,template_random_projection,5,1,0.029468192993825734,0.0009655621170886042,0.029468192993825734,0.048441280127845716,0.060649171891087365,0.0930601490725265,0,213,213
hcp83,32,qsf,template_random_projection,5,2,0.032731820452386866,0.00118735162278311,0.032731820452386866,0.05488164299441113,0.0680212859906629,0.0829280417124716,0,213,213
hcp83,32,qsf,template_random_projection,5,3,0.03250764061600335,0.0011758972039857876,0.03250764061600335,0.05260302163240124,0.06910637469004546,0.087158833334344,0,213,213
hcp83,32,qsf,template_random_robust,1,1,0.029887671836133365,0.0010042933571700339,0.029887671836133365,0.04936281118966332,0.0607158307646798,0.0944142775427308,0,213,213
hcp83,32,qsf,template_random_robust,1,2,0.03302669523244955,0.0012224914779422624,0.03302669523244955,0.053001901640351096,0.06637041108566163,0.1055330216644893,0,213,213
hcp83,32,qsf,template_random_robust,1,3,0.027668680239878507,0.0008362587100341704,0.027668680239878507,0.044244995921949075,0.05358226314386435,0.0735651410903696,0,213,213
hcp83,32,qsf,template_random_robust,2,1,0.02756195742719725,0.00084965891272318,0.02756195742719725,0.044393435342393095,0.057757162018125585,0.0966900671731798,0,211,211
hcp83,32,qsf,template_random_robust,2,2,0.030595057611036786,0.0010455180812945018,0.030595057611036786,0.048726369813150955,0.0654105802144531,0.1007848087923716,0,211,211
hcp83,32,qsf,template_random_robust,2,3,0.02888994985603424,0.0009236480652036738,0.02888994985603424,0.0450294880343046,0.061992938629025475,0.0973027436457552,0,211,211
hcp83,32,qsf,template_random_robust,3,1,0.02789903550389801,0.0008772286056822155,0.02789903550389801,0.047325546338207035,0.06321442697433681,0.0880824978096113,0,213,213
hcp83,32,qsf,template_random_robust,3,2,0.033005827696246035,0.0012755695502104183,0.033005827696246035,0.06177010791493103,0.07868992525474094,0.1067924775550764,0,213,213
hcp83,32,qsf,template_random_robust,3,3,0.02791233791623414,0.0008725885572625126,0.02791233791623414,0.047844552855208604,0.06218582334955504,0.0781584384110575,0,213,213
hcp83,32,qsf,template_random_robust,4,1,0.02696841210947935,0.0007931055946031831,0.02696841210947935,0.04008881309703563,0.05666147487393371,0.0712882310181213,0,213,213
hcp83,32,qsf,template_random_robust,4,2,0.032377287299684726,0.001176263435402132,0.032377287299684726,0.05110269018526497,0.07023740837655613,0.0930227709673393,0,213,213
hcp83,32,qsf,template_random_robust,4,3,0.028965371018605173,0.0009173411004671671,0.028965371018605173,0.04545689419430722,0.05871436399966253,0.0804066185002693,0,213,213
hcp83,32,qsf,template_random_robust,5,1,0.02812091129139313,0.0008874059691941053,0.02812091129139313,0.04496122688591696,0.062462991182763515,0.0913474551930995,0,213,213
hcp83,32,qsf,template_random_robust,5,2,0.03147620500188725,0.0011074189265042958,0.03147620500188725,0.05196957572353704,0.06777730520542577,0.0843279628953001,0,213,213
hcp83,32,qsf,template_random_robust,5,3,0.03043323969029087,0.0010427681982329376,0.03043323969029087,0.052095938567534035,0.06841167037952764,0.0847451359151545,0,213,213
hcp83,32,qsf,template_selected_bounded_residual,1,1,0.026472069368091506,0.0007669570792631469,0.026472069368091506,0.041879395284732654,0.05220252612953265,0.0757074127219492,0,213,213
hcp83,32,qsf,template_selected_bounded_residual,1,2,0.02967473963085015,0.000979292173729995,0.02967473963085015,0.04624297641817753,0.05845165030559939,0.0898436341621691,0,213,213
hcp83,32,qsf,template_selected_bounded_residual,1,3,0.029823201681201672,0.0009928825705719136,0.029823201681201672,0.048081706401956276,0.06134488914649579,0.0930449381309502,0,213,213
hcp83,32,qsf,template_selected_bounded_residual,2,1,0.02618722613354528,0.0007566043475315432,0.02618722613354528,0.0408996930540957,0.055727822845846146,0.0882437780839792,0,211,211
hcp83,32,qsf,template_selected_bounded_residual,2,2,0.028805199379517005,0.0009202288597321752,0.028805199379517005,0.0451648232541627,0.06021678628603414,0.0919163521457336,0,211,211
hcp83,32,qsf,template_selected_bounded_residual,2,3,0.029644758808031305,0.0009772731887880122,0.029644758808031305,0.0477159388495724,0.06357978715287756,0.1018582804966282,0,211,211
hcp83,32,qsf,template_selected_bounded_residual,3,1,0.026682048005700103,0.0008063346135491079,0.026682048005700103,0.04450869115671071,0.05948314653850287,0.0912390936357695,0,213,213
hcp83,32,qsf,template_selected_bounded_residual,3,2,0.029487106047539922,0.0009764178379348133,0.029487106047539922,0.051626576580156916,0.0630269251762417,0.0869747861352952,0,213,213
hcp83,32,qsf,template_selected_bounded_residual,3,3,0.030094463342674245,0.001031700936989921,0.030094463342674245,0.05416886212503696,0.07117051392542241,0.0952989965536635,0,213,213
hcp83,32,qsf,template_selected_bounded_residual,4,1,0.02575868866768211,0.0007196709406719971,0.02575868866768211,0.03857086453514816,0.05320912346377827,0.0650073355509802,0,213,213
hcp83,32,qsf,template_selected_bounded_residual,4,2,0.02840235129185017,0.0008870462189315658,0.02840235129185017,0.04268121749148848,0.05737464274072278,0.078190522107591,0,213,213
hcp83,32,qsf,template_selected_bounded_residual,4,3,0.029486569739385477,0.0009643957057245995,0.029486569739385477,0.047324264375585574,0.06532913892842321,0.090753770187204,0,213,213
hcp83,32,qsf,template_selected_bounded_residual,5,1,0.026458200017060948,0.000782059929648191,0.026458200017060948,0.042697027155708084,0.05576805291350681,0.0922578087284012,0,213,213
hcp83,32,qsf,template_selected_bounded_residual,5,2,0.029361025277668557,0.0009470624945005225,0.029361025277668557,0.04832717531435692,0.05994692647629559,0.074842708730302,0,213,213
hcp83,32,qsf,template_selected_bounded_residual,5,3,0.030002430379006472,0.00100308296808483,0.030002430379006472,0.05152081619294159,0.0649537315733491,0.0799504497454197,0,213,213
hcp83,32,qsf,template_selected_projection,1,1,0.027730525626189193,0.0008538656494245557,0.027730525626189193,0.0442703171182888,0.05911584533110597,0.0927334822784302,0,213,213
hcp83,32,qsf,template_selected_projection,1,2,0.030955043872435677,0.001061435580088553,0.030955043872435677,0.048975155417709665,0.058160337529925756,0.0929143397867345,0,213,213
hcp83,32,qsf,template_selected_projection,1,3,0.031048960529600808,0.0010820335911802983,0.031048960529600808,0.04843007823384154,0.06784146910663559,0.1067439704401071,0,213,213
hcp83,32,qsf,template_selected_projection,2,1,0.02787371034352684,0.000887409015697198,0.02787371034352684,0.043505165907950796,0.06682456558260153,0.1014457721603262,0,211,211
hcp83,32,qsf,template_selected_projection,2,2,0.030515165217966274,0.001029183193566755,0.030515165217966274,0.0478864342158771,0.06864484434468734,0.0917549767332212,0,211,211
hcp83,32,qsf,template_selected_projection,2,3,0.031380823838755616,0.0011188265776175736,0.031380823838755616,0.0498004365885078,0.06438130832528685,0.1097519179316867,0,211,211
hcp83,32,qsf,template_selected_projection,3,1,0.02807222548508716,0.000901981723889138,0.02807222548508716,0.04847623386604125,0.06413755217762232,0.0921174562577352,0,213,213
hcp83,32,qsf,template_selected_projection,3,2,0.031050515146466305,0.001075869986678568,0.031050515146466305,0.056293798504987363,0.06402578277567686,0.0883205246758856,0,213,213
hcp83,32,qsf,template_selected_projection,3,3,0.031327256624638894,0.0011216191524798444,0.031327256624638894,0.0551173174482595,0.07125645912121378,0.1087853702788423,0,213,213
hcp83,32,qsf,template_selected_projection,4,1,0.027049949132510083,0.0007943361776837667,0.027049949132510083,0.041110394877914874,0.05380642827266166,0.0679319375543367,0,213,213
hcp83,32,qsf,template_selected_projection,4,2,0.02985844748254099,0.0009683820120270675,0.02985844748254099,0.04417512933618225,0.05685163294044262,0.0783512989960735,0,213,213
hcp83,32,qsf,template_selected_projection,4,3,0.030687292434419366,0.0010362574738145972,0.030687292434419366,0.046895721478062855,0.06559941447156806,0.0905843322794631,0,213,213
hcp83,32,qsf,template_selected_projection,5,1,0.027663251915042316,0.0008502669389080018,0.027663251915042316,0.04575441436380428,0.05481579822063704,0.0924487433100039,0,213,213
hcp83,32,qsf,template_selected_projection,5,2,0.03065164524561852,0.0010230291377699352,0.03065164524561852,0.05014855742207569,0.059151284159483716,0.0736993048389005,0,213,213
hcp83,32,qsf,template_selected_projection,5,3,0.031126334359922795,0.0010691415456566464,0.031126334359922795,0.051692102686868184,0.06692526833398443,0.0826894337992231,0,213,213
hcp83,32,qsf,template_selected_robust,1,1,0.026472069368091506,0.0007669570792631469,0.026472069368091506,0.041879395284732654,0.05220252612953265,0.0757074127219492,0,213,213
hcp83,32,qsf,template_selected_robust,1,2,0.02967473963085015,0.000979292173729995,0.02967473963085015,0.04624297641817753,0.05845165030559939,0.0898436341621691,0,213,213
hcp83,32,qsf,template_selected_robust,1,3,0.029823201681201672,0.0009928825705719136,0.029823201681201672,0.048081706401956276,0.06134488914649579,0.0930449381309502,0,213,213
hcp83,32,qsf,template_selected_robust,2,1,0.02618722613354528,0.0007566043475315432,0.02618722613354528,0.0408996930540957,0.055727822845846146,0.0882437780839792,0,211,211
hcp83,32,qsf,template_selected_robust,2,2,0.028805199379517005,0.0009202288597321752,0.028805199379517005,0.0451648232541627,0.06021678628603414,0.0919163521457336,0,211,211
hcp83,32,qsf,template_selected_robust,2,3,0.029644758808031305,0.0009772731887880122,0.029644758808031305,0.0477159388495724,0.06357978715287756,0.1018582804966282,0,211,211
hcp83,32,qsf,template_selected_robust,3,1,0.026682048005700103,0.0008063346135491079,0.026682048005700103,0.04450869115671071,0.05948314653850287,0.0912390936357695,0,213,213
hcp83,32,qsf,template_selected_robust,3,2,0.029487106047539922,0.0009764178379348133,0.029487106047539922,0.051626576580156916,0.0630269251762417,0.0869747861352952,0,213,213
hcp83,32,qsf,template_selected_robust,3,3,0.030094463342674245,0.001031700936989921,0.030094463342674245,0.05416886212503696,0.07117051392542241,0.0952989965536635,0,213,213
hcp83,32,qsf,template_selected_robust,4,1,0.02575868866768211,0.0007196709406719971,0.02575868866768211,0.03857086453514816,0.05320912346377827,0.0650073355509802,0,213,213
hcp83,32,qsf,template_selected_robust,4,2,0.02840235129185017,0.0008870462189315658,0.02840235129185017,0.04268121749148848,0.05737464274072278,0.078190522107591,0,213,213
hcp83,32,qsf,template_selected_robust,4,3,0.029486569739385477,0.0009643957057245995,0.029486569739385477,0.047324264375585574,0.06532913892842321,0.090753770187204,0,213,213
hcp83,32,qsf,template_selected_robust,5,1,0.026458200017060948,0.000782059929648191,0.026458200017060948,0.042697027155708084,0.05576805291350681,0.0922578087284012,0,213,213
hcp83,32,qsf,template_selected_robust,5,2,0.029361025277668557,0.0009470624945005225,0.029361025277668557,0.04832717531435692,0.05994692647629559,0.074842708730302,0,213,213
hcp83,32,qsf,template_selected_robust,5,3,0.030002430379006472,0.00100308296808483,0.030002430379006472,0.05152081619294159,0.0649537315733491,0.0799504497454197,0,213,213
oasis,8,heat_norm18,atlas_random_aligned,1,1,0.026851077305594596,0.0008333138690184208,0.026851077305594596,0.03553294743446522,0.07762847184334225,0.1104039286132078,0,139,139
oasis,8,heat_norm18,atlas_random_aligned,1,2,0.02439798019976364,0.0006517904719192057,0.02439798019976364,0.035655200350622654,0.05320624322260922,0.0805268522065625,0,139,139
oasis,8,heat_norm18,atlas_random_aligned,1,3,0.02689616188028387,0.0007788340867329784,0.02689616188028387,0.03841167956729547,0.06396251453700762,0.0728980506123042,0,139,139
oasis,8,heat_norm18,atlas_random_aligned,2,1,0.026393366579583313,0.0007350074460054791,0.026393366579583313,0.03630777537427131,0.051898347282816074,0.0568440218060804,0,139,139
oasis,8,heat_norm18,atlas_random_aligned,2,2,0.02549211135570515,0.0006894382735969086,0.02549211135570515,0.035940545943387074,0.047593921760146624,0.0559225121274613,0,139,139
oasis,8,heat_norm18,atlas_random_aligned,2,3,0.028089401160157144,0.0008408644609586538,0.028089401160157144,0.041705845891588524,0.05401986767033436,0.0549049129404817,0,139,139
oasis,8,heat_norm18,atlas_random_aligned,3,1,0.024637986238792875,0.00063704916193251,0.024637986238792875,0.031560999089987433,0.04692124687217259,0.0552182226783314,0,139,139
oasis,8,heat_norm18,atlas_random_aligned,3,2,0.023585990117589807,0.000577837940920721,0.023585990117589807,0.031171004305119373,0.037925807539387936,0.0470295592905317,0,139,139
oasis,8,heat_norm18,atlas_random_aligned,3,3,0.02594639220429382,0.0007057953224602482,0.02594639220429382,0.03547693865731784,0.04512850787553546,0.0559974715840856,0,139,139
oasis,8,heat_norm18,atlas_random_aligned,4,1,0.02519311260323718,0.0006858089390837152,0.02519311260323718,0.033362144537008975,0.047763851862300206,0.0841000746418034,0,139,139
oasis,8,heat_norm18,atlas_random_aligned,4,2,0.023860442463118723,0.0006019380322795877,0.023860442463118723,0.03202469474628883,0.03958594821699694,0.0629617684122484,0,139,139
oasis,8,heat_norm18,atlas_random_aligned,4,3,0.02542214051961889,0.0006821407614338172,0.02542214051961889,0.03493514225231083,0.040502936936120164,0.0678614520244748,0,139,139
oasis,8,heat_norm18,atlas_random_aligned,5,1,0.02562980499987919,0.0006922716608301359,0.02562980499987919,0.03769144951557616,0.04086610511170931,0.0628351338472356,0,139,139
oasis,8,heat_norm18,atlas_random_aligned,5,2,0.025071340966330277,0.0006616843470432058,0.025071340966330277,0.033106529159991405,0.04283729015223421,0.0546508658851117,0,139,139
oasis,8,heat_norm18,atlas_random_aligned,5,3,0.026763930921968545,0.0007541707137238273,0.026763930921968545,0.03864566882627032,0.04743423267640457,0.0555411802829086,0,139,139
oasis,8,heat_norm18,atlas_random_mean,1,1,0.13738900210118868,0.02140982883650365,0.13738900210118868,0.18478341861266312,0.36456627439512634,0.3836173298436859,0,139,139
oasis,8,heat_norm18,atlas_random_mean,1,2,0.13727881644694773,0.02138825183467159,0.13727881644694773,0.18759460673418374,0.368734895575849,0.3743018720868541,0,139,139
oasis,8,heat_norm18,atlas_random_mean,1,3,0.13903943412806524,0.021832937456548,0.13903943412806524,0.19699904098030357,0.3588275844555267,0.3754811214122378,0,139,139
oasis,8,heat_norm18,atlas_random_mean,2,1,0.13693555489463874,0.020842967912880685,0.13693555489463874,0.1798566958500616,0.31362525572075234,0.4432654098062407,0,139,139
oasis,8,heat_norm18,atlas_random_mean,2,2,0.13689040927802051,0.020924246538336053,0.13689040927802051,0.18351130680778382,0.31866589381172705,0.4520439834810298,0,139,139
oasis,8,heat_norm18,atlas_random_mean,2,3,0.13785354023501215,0.02116794147676493,0.13785354023501215,0.19091247629054683,0.31092438791306204,0.4394109999429702,0,139,139
oasis,8,heat_norm18,atlas_random_mean,3,1,0.13391619642797628,0.02001309125942919,0.13391619642797628,0.18083880013749218,0.31250534075283476,0.4433409607023069,0,139,139
oasis,8,heat_norm18,atlas_random_mean,3,2,0.1334711432110502,0.01998174020398534,0.1334711432110502,0.1818104402851129,0.31629127039203725,0.4519113574515719,0,139,139
oasis,8,heat_norm18,atlas_random_mean,3,3,0.13580162242122784,0.020578430414160426,0.13580162242122784,0.1951617083635982,0.3081464655900118,0.4393632425379693,0,139,139
oasis,8,heat_norm18,atlas_random_mean,4,1,0.13558225884294461,0.020134298648463247,0.13558225884294461,0.2008489173010991,0.3028958208398889,0.3595446954336959,0,139,139
oasis,8,heat_norm18,atlas_random_mean,4,2,0.13522465487977828,0.020109982565534514,0.13522465487977828,0.20065337126468027,0.3056558056571383,0.3650004752232471,0,139,139
oasis,8,heat_norm18,atlas_random_mean,4,3,0.13704322826429036,0.02057534552927918,0.13704322826429036,0.20628766182654837,0.2962380242987523,0.358787796336711,0,139,139
oasis,8,heat_norm18,atlas_random_mean,5,1,0.1347143505163465,0.019946556261100507,0.1347143505163465,0.18153280275771458,0.2719429316233429,0.443780504356907,0,139,139
oasis,8,heat_norm18,atlas_random_mean,5,2,0.1341768562326266,0.019879958975019818,0.1341768562326266,0.18014134254970993,0.27816070630655937,0.4524658031541464,0,139,139
oasis,8,heat_norm18,atlas_random_mean,5,3,0.13614764567938262,0.020440180520362644,0.13614764567938262,0.19503062928443168,0.27925921364740164,0.4400289128220818,0,139,139
oasis,8,heat_norm18,atlas_selected_aligned,1,1,0.025082293103600602,0.0006921337492232941,0.025082293103600602,0.035194822806712746,0.05989470248700288,0.0797624096088854,0,139,139
oasis,8,heat_norm18,atlas_selected_aligned,1,2,0.02337937407023742,0.0006107325174548747,0.02337937407023742,0.03277846123936322,0.06263278957916174,0.0838489061279694,0,139,139
oasis,8,heat_norm18,atlas_selected_aligned,1,3,0.02632711641003208,0.0007543827710632626,0.02632711641003208,0.037641444343147853,0.0671398941879161,0.0756051339327789,0,139,139
oasis,8,heat_norm18,atlas_selected_aligned,2,1,0.025351370871930238,0.0006759962386066828,0.025351370871930238,0.03437682464342871,0.04964275684124417,0.0554079361412075,0,139,139
oasis,8,heat_norm18,atlas_selected_aligned,2,2,0.024851044793534605,0.000658517795278164,0.024851044793534605,0.03705289528094908,0.05037638474716035,0.0542254232877308,0,139,139
oasis,8,heat_norm18,atlas_selected_aligned,2,3,0.02545441312100746,0.0006806113129364835,0.02545441312100746,0.03545901246721066,0.045132361820054104,0.0583032855216926,0,139,139
oasis,8,heat_norm18,atlas_selected_aligned,3,1,0.024231656433222615,0.0006168073798815152,0.024231656433222615,0.0324141036949983,0.04687324311826796,0.0492321869982014,0,139,139
oasis,8,heat_norm18,atlas_selected_aligned,3,2,0.021888257619405972,0.000500363986057254,0.021888257619405972,0.028664474050069166,0.03640280812783304,0.0517233607459804,0,139,139
oasis,8,heat_norm18,atlas_selected_aligned,3,3,0.025251029718945776,0.0006794579712092617,0.025251029718945776,0.03468765504729164,0.050413930904494454,0.0704532983053338,0,139,139
oasis,8,heat_norm18,atlas_selected_aligned,4,1,0.02456270128146174,0.0006512083650324094,0.02456270128146174,0.03486144361219536,0.046581826772586044,0.0773564908830369,0,139,139
oasis,8,heat_norm18,atlas_selected_aligned,4,2,0.02265814807757989,0.0005450526628183093,0.02265814807757989,0.03046070832623315,0.03661140074641042,0.0687722314033807,0,139,139
oasis,8,heat_norm18,atlas_selected_aligned,4,3,0.025183650616121718,0.0006746659538334734,0.025183650616121718,0.03356727003036728,0.04165232757467684,0.0736439071879492,0,139,139
oasis,8,heat_norm18,atlas_selected_aligned,5,1,0.02562980499987919,0.0006922716608301359,0.02562980499987919,0.03769144951557616,0.04086610511170931,0.0628351338472356,0,139,139
oasis,8,heat_norm18,atlas_selected_aligned,5,2,0.022883102443158585,0.0005525941624103964,0.022883102443158585,0.03211402776452779,0.043440636319724786,0.051500109617252,0,139,139
oasis,8,heat_norm18,atlas_selected_aligned,5,3,0.025809096842360744,0.0006990751660899022,0.025809096842360744,0.03634779659422204,0.04518111361961054,0.0583456884521001,0,139,139
oasis,8,heat_norm18,atlas_selected_mean,1,1,0.13738900210118868,0.02140982883650365,0.13738900210118868,0.18478341861266312,0.36456627439512634,0.3836173298436859,0,139,139
oasis,8,heat_norm18,atlas_selected_mean,1,2,0.13727881644694773,0.02138825183467159,0.13727881644694773,0.18759460673418374,0.368734895575849,0.3743018720868541,0,139,139
oasis,8,heat_norm18,atlas_selected_mean,1,3,0.13903943412806524,0.021832937456548,0.13903943412806524,0.19699904098030357,0.3588275844555267,0.3754811214122378,0,139,139
oasis,8,heat_norm18,atlas_selected_mean,2,1,0.13693555489463874,0.020842967912880685,0.13693555489463874,0.1798566958500616,0.31362525572075234,0.4432654098062407,0,139,139
oasis,8,heat_norm18,atlas_selected_mean,2,2,0.13689040927802051,0.020924246538336053,0.13689040927802051,0.18351130680778382,0.31866589381172705,0.4520439834810298,0,139,139
oasis,8,heat_norm18,atlas_selected_mean,2,3,0.13785354023501215,0.02116794147676493,0.13785354023501215,0.19091247629054683,0.31092438791306204,0.4394109999429702,0,139,139
oasis,8,heat_norm18,atlas_selected_mean,3,1,0.13391619642797628,0.02001309125942919,0.13391619642797628,0.18083880013749218,0.31250534075283476,0.4433409607023069,0,139,139
oasis,8,heat_norm18,atlas_selected_mean,3,2,0.1334711432110502,0.01998174020398534,0.1334711432110502,0.1818104402851129,0.31629127039203725,0.4519113574515719,0,139,139
oasis,8,heat_norm18,atlas_selected_mean,3,3,0.13580162242122784,0.020578430414160426,0.13580162242122784,0.1951617083635982,0.3081464655900118,0.4393632425379693,0,139,139
oasis,8,heat_norm18,atlas_selected_mean,4,1,0.13558225884294461,0.020134298648463247,0.13558225884294461,0.2008489173010991,0.3028958208398889,0.3595446954336959,0,139,139
oasis,8,heat_norm18,atlas_selected_mean,4,2,0.13522465487977828,0.020109982565534514,0.13522465487977828,0.20065337126468027,0.3056558056571383,0.3650004752232471,0,139,139
oasis,8,heat_norm18,atlas_selected_mean,4,3,0.13704322826429036,0.02057534552927918,0.13704322826429036,0.20628766182654837,0.2962380242987523,0.358787796336711,0,139,139
oasis,8,heat_norm18,atlas_selected_mean,5,1,0.1347143505163465,0.019946556261100507,0.1347143505163465,0.18153280275771458,0.2719429316233429,0.443780504356907,0,139,139
oasis,8,heat_norm18,atlas_selected_mean,5,2,0.1341768562326266,0.019879958975019818,0.1341768562326266,0.18014134254970993,0.27816070630655937,0.4524658031541464,0,139,139
oasis,8,heat_norm18,atlas_selected_mean,5,3,0.13614764567938262,0.020440180520362644,0.13614764567938262,0.19503062928443168,0.27925921364740164,0.4400289128220818,0,139,139
oasis,8,heat_norm18,floor_random_robust,1,1,0.12394407369834234,0.015618351796116205,0.12394407369834234,0.14314905625182153,0.1964427754740974,0.2174526529490364,0,139,139
oasis,8,heat_norm18,floor_random_robust,1,2,0.10040349849889442,0.010553021962714798,0.10040349849889442,0.1324968795491948,0.18865864642365526,0.273376508762331,0,139,139
oasis,8,heat_norm18,floor_random_robust,1,3,0.11777969336715817,0.014374128725142469,0.11777969336715817,0.15703660685643211,0.22701912965510293,0.2561181670481331,0,139,139
oasis,8,heat_norm18,floor_random_robust,2,1,0.11217959519374487,0.012834876370378783,0.11217959519374487,0.13228955112153376,0.18627010462068572,0.2088906704972991,0,139,139
oasis,8,heat_norm18,floor_random_robust,2,2,0.11709041633708889,0.014558705619240192,0.11709041633708889,0.16174468933894276,0.23859624856386755,0.2655481373917985,0,139,139
oasis,8,heat_norm18,floor_random_robust,2,3,0.10532990940510888,0.011582315553202016,0.10532990940510888,0.14716530203058875,0.19308529500927601,0.2184460286044953,0,139,139
oasis,8,heat_norm18,floor_random_robust,3,1,0.11393098396706913,0.013202395392895248,0.11393098396706913,0.13523366141229132,0.1682735046172071,0.202142411901581,0,139,139
oasis,8,heat_norm18,floor_random_robust,3,2,0.10354197656948748,0.011007370097610015,0.10354197656948748,0.12742377645635283,0.17941180171715,0.2084971470303685,0,139,139
oasis,8,heat_norm18,floor_random_robust,3,3,0.1084171492595557,0.011957212037430748,0.1084171492595557,0.13361647198106016,0.15199526908921832,0.1864302772411911,0,139,139
oasis,8,heat_norm18,floor_random_robust,4,1,0.10025269202649065,0.010232546843241335,0.10025269202649065,0.11895155714961855,0.1559923664401927,0.1807474516596473,0,139,139
oasis,8,heat_norm18,floor_random_robust,4,2,0.10165266243488577,0.010689577480816758,0.10165266243488577,0.12157956271694022,0.15318211481068242,0.2799854203491846,0,139,139
oasis,8,heat_norm18,floor_random_robust,4,3,0.10824036123995877,0.011957754870826924,0.10824036123995877,0.12769135837719628,0.16108427873932263,0.2276238021435202,0,139,139
oasis,8,heat_norm18,floor_random_robust,5,1,0.0993412349908167,0.010096963985929637,0.0993412349908167,0.12989187661313764,0.15213037968681656,0.1626484909746555,0,139,139
oasis,8,heat_norm18,floor_random_robust,5,2,0.12728872237988828,0.016391685121300206,0.12728872237988828,0.15404334341674947,0.16639018555109844,0.1713876968548016,0,139,139
oasis,8,heat_norm18,floor_random_robust,5,3,0.109132065476634,0.012341036367336218,0.109132065476634,0.14256191422746073,0.2047326797792419,0.2273922377940082,0,139,139
oasis,8,heat_norm18,ordinary_selected,1,1,0.1063868816781438,0.01212411187793805,0.1063868816781438,0.13823116646019326,0.2502006266145909,0.3185637026921574,0,139,139
oasis,8,heat_norm18,ordinary_selected,1,2,0.10238101989282944,0.011378161962636817,0.10238101989282944,0.12946018129652245,0.19564347741115024,0.3834593561080113,0,139,139
oasis,8,heat_norm18,ordinary_selected,1,3,0.10591411746209468,0.012043258180756527,0.10591411746209468,0.127460619759023,0.24678533379300868,0.342619667884418,0,139,139
oasis,8,heat_norm18,ordinary_selected,2,1,0.10637686964635253,0.01224546595401394,0.10637686964635253,0.1396754479828405,0.23844381845237075,0.3460191288492442,0,139,139
oasis,8,heat_norm18,ordinary_selected,2,2,0.10244619192057924,0.011460897325483315,0.10244619192057924,0.13630529968401373,0.2768938615864563,0.3068474832983594,0,139,139
oasis,8,heat_norm18,ordinary_selected,2,3,0.10492496199790362,0.011671083446925927,0.10492496199790362,0.12761747960743508,0.20193397996452275,0.3376280575731981,0,139,139
oasis,8,heat_norm18,ordinary_selected,3,1,0.10665602056073865,0.011835061313784274,0.10665602056073865,0.12044161115421276,0.2295675133641623,0.2594830834215989,0,139,139
oasis,8,heat_norm18,ordinary_selected,3,2,0.0944669037910048,0.009217910505822956,0.0944669037910048,0.11216057915133665,0.1693682437867771,0.2344653973377042,0,139,139
oasis,8,heat_norm18,ordinary_selected,3,3,0.10866939173024888,0.011971661182947195,0.10866939173024888,0.12702958736689152,0.16068815011050064,0.1705262611190094,0,139,139
oasis,8,heat_norm18,ordinary_selected,4,1,0.10328103429182293,0.011139999067466799,0.10328103429182293,0.12378809454974476,0.20289963111660203,0.2874463916021688,0,139,139
oasis,8,heat_norm18,ordinary_selected,4,2,0.09284164458700941,0.009100181646258705,0.09284164458700941,0.10869413355466517,0.16410915783984678,0.3105338701528983,0,139,139
oasis,8,heat_norm18,ordinary_selected,4,3,0.1039597606200502,0.011563331212039998,0.1039597606200502,0.11911502930764645,0.163684498868481,0.398168516655911,0,139,139
oasis,8,heat_norm18,ordinary_selected,5,1,0.10668657320084995,0.011853447176465465,0.10668657320084995,0.12439881520594875,0.23132388824431382,0.2444483127126541,0,139,139
oasis,8,heat_norm18,ordinary_selected,5,2,0.09379902547796387,0.00903924617480863,0.09379902547796387,0.1147448719273167,0.16215135765342395,0.1975783076180879,0,139,139
oasis,8,heat_norm18,ordinary_selected,5,3,0.10345721457964437,0.01116043541079206,0.10345721457964437,0.12034121502093388,0.20642540505524332,0.2599773957315996,0,139,139
oasis,8,heat_norm18,random_bounded_residual,1,1,0.12616561130293308,0.016246138277280938,0.12616561130293308,0.1437170825518726,0.2117905271820421,0.2526867132152762,0,139,139
oasis,8,heat_norm18,random_bounded_residual,1,2,0.107477525989301,0.012084509138524326,0.107477525989301,0.1325849560802754,0.21355820273298165,0.2746705724252892,0,139,139
oasis,8,heat_norm18,random_bounded_residual,1,3,0.12426555692721201,0.016100613702149102,0.12426555692721201,0.1553001998880462,0.23070883145433257,0.3284934054134335,0,139,139
oasis,8,heat_norm18,random_bounded_residual,2,1,0.11469968580710388,0.01343493821763429,0.11469968580710388,0.13284014976203445,0.1932868053336293,0.2088981284929532,0,139,139
oasis,8,heat_norm18,random_bounded_residual,2,2,0.12241427983695366,0.015528005628824093,0.12241427983695366,0.14601106673508185,0.23751204503571774,0.2641618023837169,0,139,139
oasis,8,heat_norm18,random_bounded_residual,2,3,0.11311916133090939,0.013425236147951694,0.11311916133090939,0.13605281116960494,0.2369529302998466,0.2854760015968907,0,139,139
oasis,8,heat_norm18,random_bounded_residual,3,1,0.11743412345368787,0.01417470038974713,0.11743412345368787,0.13837809504975854,0.16795581802402676,0.2881104130119933,0,139,139
oasis,8,heat_norm18,random_bounded_residual,3,2,0.1082588052098027,0.012122886129046358,0.1082588052098027,0.13091177661519757,0.20420858772362946,0.2551478273390911,0,139,139
oasis,8,heat_norm18,random_bounded_residual,3,3,0.11578668116150277,0.013638722395861613,0.11578668116150277,0.13907985723738614,0.17929319396612883,0.2116003587386416,0,139,139
oasis,8,heat_norm18,random_bounded_residual,4,1,0.10402343650580677,0.011411968198674276,0.10402343650580677,0.12244267266823115,0.1705052271700379,0.3505836453141221,0,139,139
oasis,8,heat_norm18,random_bounded_residual,4,2,0.11034187025517037,0.012886728255715112,0.11034187025517037,0.1308500065540087,0.19286214239865596,0.3785944126235449,0,139,139
oasis,8,heat_norm18,random_bounded_residual,4,3,0.1128858949241276,0.013179574605398077,0.1128858949241276,0.1316897579381993,0.16075019271466906,0.3201458333980302,0,139,139
oasis,8,heat_norm18,random_bounded_residual,5,1,0.107554972874998,0.011816151904174337,0.107554972874998,0.1369419705341198,0.17066836708726718,0.1916826862977369,0,139,139
oasis,8,heat_norm18,random_bounded_residual,5,2,0.12708985510200596,0.016546350788349283,0.12708985510200596,0.16673294340050682,0.19559020787041453,0.2597719097165967,0,139,139
oasis,8,heat_norm18,random_bounded_residual,5,3,0.10918031883579833,0.012326984880100065,0.10918031883579833,0.1373364475526507,0.1861928063121448,0.2628538602408505,0,139,139
oasis,8,heat_norm18,random_ordinary,1,1,0.12878481503127434,0.017345582961339815,0.12878481503127434,0.1542256301899781,0.2415589962690134,0.3732622101596156,0,139,139
oasis,8,heat_norm18,random_ordinary,1,2,0.11144933359144134,0.013405524187311994,0.11144933359144134,0.1402146956047118,0.261954078359688,0.3566684747367644,0,139,139
oasis,8,heat_norm18,random_ordinary,1,3,0.1280412829131009,0.01736388246511162,0.1280412829131009,0.16090639441345228,0.24797731738143217,0.4063853419396366,0,139,139
oasis,8,heat_norm18,random_ordinary,2,1,0.11675958698679809,0.01427918122933904,0.11675958698679809,0.1345854724172128,0.23904948288865818,0.3217229767203324,0,139,139
oasis,8,heat_norm18,random_ordinary,2,2,0.12277196148922251,0.0157144069682757,0.12277196148922251,0.1480683285476276,0.24067669425191296,0.3014898470428993,0,139,139
oasis,8,heat_norm18,random_ordinary,2,3,0.11583947887556874,0.015022721639694512,0.11583947887556874,0.14367220623363383,0.28665677048059063,0.4780866128068547,0,139,139
oasis,8,heat_norm18,random_ordinary,3,1,0.12120551990990822,0.015236901762004425,0.12120551990990822,0.14476598022641557,0.19178847565934623,0.3259525973622551,0,139,139
oasis,8,heat_norm18,random_ordinary,3,2,0.11601902017822693,0.014148858896844098,0.11601902017822693,0.139889109716444,0.24730364133196533,0.320766221629121,0,139,139
oasis,8,heat_norm18,random_ordinary,3,3,0.11923194492021116,0.014548064196578038,0.11923194492021116,0.14145732332299446,0.17710802790908153,0.2711583668555113,0,139,139
oasis,8,heat_norm18,random_ordinary,4,1,0.1044534922503647,0.011563989153124456,0.1044534922503647,0.12328767418720145,0.17726138974022754,0.363686464042806,0,139,139
oasis,8,heat_norm18,random_ordinary,4,2,0.11215835168821332,0.014366272512325253,0.11215835168821332,0.134142251528129,0.2238929000129529,0.568943973680767,0,139,139
oasis,8,heat_norm18,random_ordinary,4,3,0.11585944132738792,0.014244018865808051,0.11585944132738792,0.1336701754719884,0.1631488909056715,0.4263555199485254,0,139,139
oasis,8,heat_norm18,random_ordinary,5,1,0.11307509987349422,0.013778408111461573,0.11307509987349422,0.14661933405847713,0.27244625691152163,0.3605914010102644,0,139,139
oasis,8,heat_norm18,random_ordinary,5,2,0.13252405643573878,0.018793885086056356,0.13252405643573878,0.16963469946933915,0.29953535386882696,0.4068863349786237,0,139,139
oasis,8,heat_norm18,random_ordinary,5,3,0.11088853533342408,0.013009208871792721,0.11088853533342408,0.13732902218498438,0.23555772320419435,0.2940309409698017,0,139,139
oasis,8,heat_norm18,random_projection,1,1,0.12636525643772337,0.01633518093456069,0.12636525643772337,0.1458060385944269,0.21753410144190877,0.2612549423979989,0,139,139
oasis,8,heat_norm18,random_projection,1,2,0.10829948288197642,0.012324051982771997,0.10829948288197642,0.13357269845084807,0.2312550252129593,0.2797867807505552,0,139,139
oasis,8,heat_norm18,random_projection,1,3,0.12449667761546027,0.01619491345030035,0.12449667761546027,0.15955909310475894,0.2330606384021926,0.34043815398377,0,139,139
oasis,8,heat_norm18,random_projection,2,1,0.11495536031282481,0.0134831617475023,0.11495536031282481,0.13237517074290084,0.194295681729175,0.2080566062619749,0,139,139
oasis,8,heat_norm18,random_projection,2,2,0.12263851034690704,0.01564544447574235,0.12263851034690704,0.14790529095121094,0.23338007572066946,0.2974977539392022,0,139,139
oasis,8,heat_norm18,random_projection,2,3,0.11415198204934883,0.01386084059421619,0.11415198204934883,0.1418928760887598,0.2574696783870401,0.3270615010339085,0,139,139
oasis,8,heat_norm18,random_projection,3,1,0.11790318484483425,0.014310333611571777,0.11790318484483425,0.1369376474532423,0.16362270414709695,0.3002220586777136,0,139,139
oasis,8,heat_norm18,random_projection,3,2,0.10863026178583102,0.012251054600354297,0.10863026178583102,0.13140994982528661,0.2031962702980444,0.2744607724337942,0,139,139
oasis,8,heat_norm18,random_projection,3,3,0.11622577162163925,0.013759734270822528,0.11622577162163925,0.14215360876671038,0.18561079451239737,0.2179775498765075,0,139,139
oasis,8,heat_norm18,random_projection,4,1,0.10435272494386345,0.0115027979734183,0.10435272494386345,0.12328767418720145,0.17580434338567852,0.3535141409511045,0,139,139
oasis,8,heat_norm18,random_projection,4,2,0.11038365483419435,0.01292064022246844,0.11038365483419435,0.134142251528129,0.19019257764558356,0.386442305772352,0,139,139
oasis,8,heat_norm18,random_projection,4,3,0.11318775387902405,0.013222301718648079,0.11318775387902405,0.13218073724839946,0.1633243212756188,0.3109679763325795,0,139,139
oasis,8,heat_norm18,random_projection,5,1,0.10793049493069387,0.011900737844604358,0.10793049493069387,0.13554168815599027,0.17144622324324965,0.1934236924057306,0,139,139
oasis,8,heat_norm18,random_projection,5,2,0.12752776250899905,0.01670644939301377,0.12752776250899905,0.16801212458472606,0.1992479317376033,0.2782327942620389,0,139,139
oasis,8,heat_norm18,random_projection,5,3,0.10961227036572853,0.012481325399614338,0.10961227036572853,0.13732902218498438,0.20044749602252354,0.2712740585970479,0,139,139
oasis,8,heat_norm18,random_robust,1,1,0.12636525643772337,0.01633518093456069,0.12636525643772337,0.1458060385944269,0.21753410144190877,0.2612549423979989,0,139,139
oasis,8,heat_norm18,random_robust,1,2,0.107477525989301,0.012084509138524326,0.107477525989301,0.1325849560802754,0.21355820273298165,0.2746705724252892,0,139,139
oasis,8,heat_norm18,random_robust,1,3,0.12449667761546027,0.01619491345030035,0.12449667761546027,0.15955909310475894,0.2330606384021926,0.34043815398377,0,139,139
oasis,8,heat_norm18,random_robust,2,1,0.11495536031282481,0.0134831617475023,0.11495536031282481,0.13237517074290084,0.194295681729175,0.2080566062619749,0,139,139
oasis,8,heat_norm18,random_robust,2,2,0.12263851034690704,0.01564544447574235,0.12263851034690704,0.14790529095121094,0.23338007572066946,0.2974977539392022,0,139,139
oasis,8,heat_norm18,random_robust,2,3,0.11415198204934883,0.01386084059421619,0.11415198204934883,0.1418928760887598,0.2574696783870401,0.3270615010339085,0,139,139
oasis,8,heat_norm18,random_robust,3,1,0.11790318484483425,0.014310333611571777,0.11790318484483425,0.1369376474532423,0.16362270414709695,0.3002220586777136,0,139,139
oasis,8,heat_norm18,random_robust,3,2,0.10863026178583102,0.012251054600354297,0.10863026178583102,0.13140994982528661,0.2031962702980444,0.2744607724337942,0,139,139
oasis,8,heat_norm18,random_robust,3,3,0.11578668116150277,0.013638722395861613,0.11578668116150277,0.13907985723738614,0.17929319396612883,0.2116003587386416,0,139,139
oasis,8,heat_norm18,random_robust,4,1,0.10402343650580677,0.011411968198674276,0.10402343650580677,0.12244267266823115,0.1705052271700379,0.3505836453141221,0,139,139
oasis,8,heat_norm18,random_robust,4,2,0.11038365483419435,0.01292064022246844,0.11038365483419435,0.134142251528129,0.19019257764558356,0.386442305772352,0,139,139
oasis,8,heat_norm18,random_robust,4,3,0.11318775387902405,0.013222301718648079,0.11318775387902405,0.13218073724839946,0.1633243212756188,0.3109679763325795,0,139,139
oasis,8,heat_norm18,random_robust,5,1,0.107554972874998,0.011816151904174337,0.107554972874998,0.1369419705341198,0.17066836708726718,0.1916826862977369,0,139,139
oasis,8,heat_norm18,random_robust,5,2,0.12708985510200596,0.016546350788349283,0.12708985510200596,0.16673294340050682,0.19559020787041453,0.2597719097165967,0,139,139
oasis,8,heat_norm18,random_robust,5,3,0.10961227036572853,0.012481325399614338,0.10961227036572853,0.13732902218498438,0.20044749602252354,0.2712740585970479,0,139,139
oasis,8,heat_norm18,selected_bounded_residual,1,1,0.10584690703606238,0.01198415150805468,0.10584690703606238,0.13666138164935154,0.25771178837640774,0.3057243114793971,0,139,139
oasis,8,heat_norm18,selected_bounded_residual,1,2,0.09769230346518487,0.00987410909977485,0.09769230346518487,0.11416249108653265,0.19256573303514626,0.2120528255424462,0,139,139
oasis,8,heat_norm18,selected_bounded_residual,1,3,0.1033962294194173,0.011241630082419792,0.1033962294194173,0.12605401717868994,0.22195415337880334,0.2774365225264575,0,139,139
oasis,8,heat_norm18,selected_bounded_residual,2,1,0.10380105356368022,0.011248905454584289,0.10380105356368022,0.12965249607798787,0.21091470219796646,0.2531502777742312,0,139,139
oasis,8,heat_norm18,selected_bounded_residual,2,2,0.09893511407662177,0.010115140542401669,0.09893511407662177,0.11979156692570375,0.1825020876681753,0.2003599420948857,0,139,139
oasis,8,heat_norm18,selected_bounded_residual,2,3,0.10286879380470257,0.010856324368947456,0.10286879380470257,0.12517597405608719,0.17020826172109882,0.2179789365716327,0,139,139
oasis,8,heat_norm18,selected_bounded_residual,3,1,0.10471094227143724,0.011208446280109908,0.10471094227143724,0.12070146687970311,0.1756906893466225,0.2254533583513236,0,139,139
oasis,8,heat_norm18,selected_bounded_residual,3,2,0.09177934729448944,0.008627768625915895,0.09177934729448944,0.10834525825949054,0.16628559139798701,0.1796613190343566,0,139,139
oasis,8,heat_norm18,selected_bounded_residual,3,3,0.10852308391226478,0.011959709266530864,0.10852308391226478,0.1274627376384165,0.16550827403258572,0.1822619820013221,0,139,139
oasis,8,heat_norm18,selected_bounded_residual,4,1,0.1025598973196854,0.011395442136925026,0.1025598973196854,0.12053934237253236,0.21946696063557058,0.3889112517043619,0,139,139
oasis,8,heat_norm18,selected_bounded_residual,4,2,0.09148517772994577,0.008618751894033962,0.09148517772994577,0.10892164634185915,0.15466959829259416,0.2245869140889713,0,139,139
oasis,8,heat_norm18,selected_bounded_residual,4,3,0.10308787384699022,0.011069269389765888,0.10308787384699022,0.11858106666692254,0.15754727794882992,0.3147114330442785,0,139,139
oasis,8,heat_norm18,selected_bounded_residual,5,1,0.107554972874998,0.011816151904174337,0.107554972874998,0.1369419705341198,0.17066836708726718,0.1916826862977369,0,139,139
oasis,8,heat_norm18,selected_bounded_residual,5,2,0.09169376773655522,0.008614159765721762,0.09169376773655522,0.11360497954506481,0.15135207283918123,0.1903558446792669,0,139,139
oasis,8,heat_norm18,selected_bounded_residual,5,3,0.10230661572769026,0.010767043251791415,0.10230661572769026,0.11902547244375608,0.17150597021593803,0.2294522395287322,0,139,139
oasis,8,heat_norm18,selected_projection,1,1,0.10622641365674483,0.012070979632252635,0.10622641365674483,0.13823116646019326,0.2473652689423143,0.3185637026921574,0,139,139
oasis,8,heat_norm18,selected_projection,1,2,0.09847077991714108,0.010061476412013284,0.09847077991714108,0.11587800205754674,0.1911969457894055,0.2366760139342205,0,139,139
oasis,8,heat_norm18,selected_projection,1,3,0.10360135812442704,0.01120863348864051,0.10360135812442704,0.12743691656660514,0.21439403267956403,0.2580620637238236,0,139,139
oasis,8,heat_norm18,selected_projection,2,1,0.10370723407198988,0.011204589580074609,0.10370723407198988,0.1299339167302366,0.20960637381037656,0.2438459346418418,0,139,139
oasis,8,heat_norm18,selected_projection,2,2,0.0991272719645318,0.010140916142460387,0.0991272719645318,0.12100403417531361,0.17337568706588333,0.2026253652121771,0,139,139
oasis,8,heat_norm18,selected_projection,2,3,0.10346434531746766,0.01098261043722204,0.10346434531746766,0.12669439078331654,0.17018434926732667,0.2203771444585014,0,139,139
oasis,8,heat_norm18,selected_projection,3,1,0.105175570752542,0.011317882037947506,0.105175570752542,0.12209878423126737,0.1765546429941153,0.2306662214014136,0,139,139
oasis,8,heat_norm18,selected_projection,3,2,0.0926661003321301,0.008864493912881568,0.0926661003321301,0.11001474529558625,0.1638562974632096,0.2288573013490108,0,139,139
oasis,8,heat_norm18,selected_projection,3,3,0.10882487919982586,0.01200246857985101,0.10882487919982586,0.12728458341374033,0.16068815011050064,0.1688625472061712,0,139,139
oasis,8,heat_norm18,selected_projection,4,1,0.10297905609225706,0.011015175729983834,0.10297905609225706,0.12378809454974476,0.17723885147276888,0.2874463916021688,0,139,139
oasis,8,heat_norm18,selected_projection,4,2,0.0922423430404596,0.008791913956334172,0.0922423430404596,0.10887856224037751,0.15548165533168234,0.2416489938770251,0,139,139
oasis,8,heat_norm18,selected_projection,4,3,0.1034039950555359,0.011121916775675996,0.1034039950555359,0.11911502930764645,0.16244739414436654,0.3080565517110702,0,139,139
oasis,8,heat_norm18,selected_projection,5,1,0.10793049493069387,0.011900737844604358,0.10793049493069387,0.13554168815599027,0.17144622324324965,0.1934236924057306,0,139,139
oasis,8,heat_norm18,selected_projection,5,2,0.0935633705556802,0.008967448766066309,0.0935633705556802,0.1147448719273167,0.15204969038480384,0.1941687395525092,0,139,139
oasis,8,heat_norm18,selected_projection,5,3,0.10345721457964437,0.01116043541079206,0.10345721457964437,0.12034121502093388,0.20642540505524332,0.2599773957315996,0,139,139
oasis,8,heat_norm18,selected_robust,1,1,0.10584690703606238,0.01198415150805468,0.10584690703606238,0.13666138164935154,0.25771178837640774,0.3057243114793971,0,139,139
oasis,8,heat_norm18,selected_robust,1,2,0.09769230346518487,0.00987410909977485,0.09769230346518487,0.11416249108653265,0.19256573303514626,0.2120528255424462,0,139,139
oasis,8,heat_norm18,selected_robust,1,3,0.1033962294194173,0.011241630082419792,0.1033962294194173,0.12605401717868994,0.22195415337880334,0.2774365225264575,0,139,139
oasis,8,heat_norm18,selected_robust,2,1,0.10370723407198988,0.011204589580074609,0.10370723407198988,0.1299339167302366,0.20960637381037656,0.2438459346418418,0,139,139
oasis,8,heat_norm18,selected_robust,2,2,0.0991272719645318,0.010140916142460387,0.0991272719645318,0.12100403417531361,0.17337568706588333,0.2026253652121771,0,139,139
oasis,8,heat_norm18,selected_robust,2,3,0.10286879380470257,0.010856324368947456,0.10286879380470257,0.12517597405608719,0.17020826172109882,0.2179789365716327,0,139,139
oasis,8,heat_norm18,selected_robust,3,1,0.105175570752542,0.011317882037947506,0.105175570752542,0.12209878423126737,0.1765546429941153,0.2306662214014136,0,139,139
oasis,8,heat_norm18,selected_robust,3,2,0.09177934729448944,0.008627768625915895,0.09177934729448944,0.10834525825949054,0.16628559139798701,0.1796613190343566,0,139,139
oasis,8,heat_norm18,selected_robust,3,3,0.10882487919982586,0.01200246857985101,0.10882487919982586,0.12728458341374033,0.16068815011050064,0.1688625472061712,0,139,139
oasis,8,heat_norm18,selected_robust,4,1,0.1025598973196854,0.011395442136925026,0.1025598973196854,0.12053934237253236,0.21946696063557058,0.3889112517043619,0,139,139
oasis,8,heat_norm18,selected_robust,4,2,0.09148517772994577,0.008618751894033962,0.09148517772994577,0.10892164634185915,0.15466959829259416,0.2245869140889713,0,139,139
oasis,8,heat_norm18,selected_robust,4,3,0.1034039950555359,0.011121916775675996,0.1034039950555359,0.11911502930764645,0.16244739414436654,0.3080565517110702,0,139,139
oasis,8,heat_norm18,selected_robust,5,1,0.107554972874998,0.011816151904174337,0.107554972874998,0.1369419705341198,0.17066836708726718,0.1916826862977369,0,139,139
oasis,8,heat_norm18,selected_robust,5,2,0.09169376773655522,0.008614159765721762,0.09169376773655522,0.11360497954506481,0.15135207283918123,0.1903558446792669,0,139,139
oasis,8,heat_norm18,selected_robust,5,3,0.10345721457964437,0.01116043541079206,0.10345721457964437,0.12034121502093388,0.20642540505524332,0.2599773957315996,0,139,139
oasis,8,heat_norm18,selected_sources_ordinary,1,1,0.1063868816781438,0.01212411187793805,0.1063868816781438,0.13823116646019326,0.2502006266145909,0.3185637026921574,0,139,139
oasis,8,heat_norm18,selected_sources_ordinary,1,2,0.10073591147544902,0.010624128082940673,0.10073591147544902,0.11944630662596815,0.20108884077810427,0.2787159699787011,0,139,139
oasis,8,heat_norm18,selected_sources_ordinary,1,3,0.10591411746209468,0.012043258180756527,0.10591411746209468,0.127460619759023,0.24678533379300868,0.342619667884418,0,139,139
oasis,8,heat_norm18,selected_sources_ordinary,2,1,0.10637686964635253,0.01224546595401394,0.10637686964635253,0.1396754479828405,0.23844381845237075,0.3460191288492442,0,139,139
oasis,8,heat_norm18,selected_sources_ordinary,2,2,0.10244619192057924,0.011460897325483315,0.10244619192057924,0.13630529968401373,0.2768938615864563,0.3068474832983594,0,139,139
oasis,8,heat_norm18,selected_sources_ordinary,2,3,0.10492496199790362,0.011671083446925927,0.10492496199790362,0.12761747960743508,0.20193397996452275,0.3376280575731981,0,139,139
oasis,8,heat_norm18,selected_sources_ordinary,3,1,0.106857677918494,0.011737036157639437,0.106857677918494,0.12623722293559153,0.19540496283913922,0.2371198328732831,0,139,139
oasis,8,heat_norm18,selected_sources_ordinary,3,2,0.0944669037910048,0.009217910505822956,0.0944669037910048,0.11216057915133665,0.1693682437867771,0.2344653973377042,0,139,139
oasis,8,heat_norm18,selected_sources_ordinary,3,3,0.10866939173024888,0.011971661182947195,0.10866939173024888,0.12702958736689152,0.16068815011050064,0.1705262611190094,0,139,139
oasis,8,heat_norm18,selected_sources_ordinary,4,1,0.10328103429182293,0.011139999067466799,0.10328103429182293,0.12378809454974476,0.20289963111660203,0.2874463916021688,0,139,139
oasis,8,heat_norm18,selected_sources_ordinary,4,2,0.09284164458700941,0.009100181646258705,0.09284164458700941,0.10869413355466517,0.16410915783984678,0.3105338701528983,0,139,139
oasis,8,heat_norm18,selected_sources_ordinary,4,3,0.1039597606200502,0.011563331212039998,0.1039597606200502,0.11911502930764645,0.163684498868481,0.398168516655911,0,139,139
oasis,8,heat_norm18,selected_sources_ordinary,5,1,0.11307509987349422,0.013778408111461573,0.11307509987349422,0.14661933405847713,0.27244625691152163,0.3605914010102644,0,139,139
oasis,8,heat_norm18,selected_sources_ordinary,5,2,0.09379902547796387,0.00903924617480863,0.09379902547796387,0.1147448719273167,0.16215135765342395,0.1975783076180879,0,139,139
oasis,8,heat_norm18,selected_sources_ordinary,5,3,0.10345721457964437,0.01116043541079206,0.10345721457964437,0.12034121502093388,0.20642540505524332,0.2599773957315996,0,139,139
oasis,8,heat_norm18,spatial_robust,1,1,0.10899680619656428,0.01242293902938879,0.10899680619656428,0.1291599171535668,0.20253995017410978,0.3165704498242364,0,139,139
oasis,8,heat_norm18,spatial_robust,1,2,0.09508079148186137,0.009426769225911426,0.09508079148186137,0.1207358119368183,0.17299325233869992,0.2382159527717615,0,139,139
oasis,8,heat_norm18,spatial_robust,1,3,0.10079827472656525,0.01056972523084137,0.10079827472656525,0.11935345272871865,0.1906214125023061,0.2618700261163406,0,139,139
oasis,8,heat_norm18,spatial_robust,2,1,0.10792486382108514,0.011982868448853809,0.10792486382108514,0.12343967872354941,0.19662809175444088,0.2473466438367177,0,139,139
oasis,8,heat_norm18,spatial_robust,2,2,0.09350909352825142,0.009165451181011114,0.09350909352825142,0.1145443220394026,0.1888775988694308,0.2154212381141177,0,139,139
oasis,8,heat_norm18,spatial_robust,2,3,0.10189201184542075,0.01077609783768371,0.10189201184542075,0.12330439228808762,0.19233492825093604,0.2503841885931998,0,139,139
oasis,8,heat_norm18,spatial_robust,3,1,0.10829621305610199,0.011926587177482613,0.10829621305610199,0.12429885696524723,0.15989093620944564,0.2089748391179952,0,139,139
oasis,8,heat_norm18,spatial_robust,3,2,0.09392667144683489,0.00924299924357042,0.09392667144683489,0.11254283394606135,0.20544797099175283,0.2365462801464102,0,139,139
oasis,8,heat_norm18,spatial_robust,3,3,0.10197416715427836,0.01072715505230656,0.10197416715427836,0.12024076975451903,0.15928894497305035,0.2582526683414411,0,139,139
oasis,8,heat_norm18,spatial_robust,4,1,0.10780841305751972,0.012327871774162575,0.10780841305751972,0.12827690446913417,0.17088948688421998,0.3858177058064352,0,139,139
oasis,8,heat_norm18,spatial_robust,4,2,0.09276396310226728,0.008971913446523785,0.09276396310226728,0.11506011111588343,0.16571224258109601,0.2551696652784899,0,139,139
oasis,8,heat_norm18,spatial_robust,4,3,0.10065511317014274,0.01048770759373409,0.10065511317014274,0.11326904247969229,0.15167114844596272,0.2828359095709442,0,139,139
oasis,8,heat_norm18,spatial_robust,5,1,0.10874000460755165,0.012078267872862699,0.10874000460755165,0.13562761468563223,0.17634999176460783,0.2183288189806211,0,139,139
oasis,8,heat_norm18,spatial_robust,5,2,0.09334091517162808,0.00908621892643316,0.09334091517162808,0.11212397996363853,0.1799506846031951,0.2234552385631721,0,139,139
oasis,8,heat_norm18,spatial_robust,5,3,0.10070424483049847,0.010514805375964218,0.10070424483049847,0.13225861214877008,0.18567431349494082,0.2441331924405779,0,139,139
oasis,8,heat_norm18,template_random_bounded_residual,1,1,0.04103689581845007,0.0019711753250277134,0.04103689581845007,0.07079958725249355,0.11175148002642067,0.1461273772352914,0,139,139
oasis,8,heat_norm18,template_random_bounded_residual,1,2,0.03698262382020852,0.001624059066926039,0.03698262382020852,0.06671149795158156,0.08067827453010568,0.1500981666716551,0,139,139
oasis,8,heat_norm18,template_random_bounded_residual,1,3,0.041907074233327186,0.0020811925181480236,0.041907074233327186,0.07975063549594019,0.10303031067744446,0.126769883393439,0,139,139
oasis,8,heat_norm18,template_random_bounded_residual,2,1,0.03723726451000901,0.0015098358805280116,0.03723726451000901,0.05585228679311897,0.06747303337871566,0.0820174651601452,0,139,139
oasis,8,heat_norm18,template_random_bounded_residual,2,2,0.03920728338184836,0.0017570661348539128,0.03920728338184836,0.06229972328587546,0.07922827180727748,0.1550068153640319,0,139,139
oasis,8,heat_norm18,template_random_bounded_residual,2,3,0.040673839835050844,0.001879288668362872,0.040673839835050844,0.07051683572369383,0.08837912303160358,0.0981865955447429,0,139,139
oasis,8,heat_norm18,template_random_bounded_residual,3,1,0.03849031612807955,0.0016726492084183058,0.03849031612807955,0.06668325169565434,0.08174308652520852,0.0935679290578165,0,139,139
oasis,8,heat_norm18,template_random_bounded_residual,3,2,0.0370222071212394,0.0015316432572105596,0.0370222071212394,0.0616528331806131,0.07957498587323582,0.0929030535537888,0,139,139
oasis,8,heat_norm18,template_random_bounded_residual,3,3,0.03981681055735448,0.0018211893925717878,0.03981681055735448,0.06783017425281308,0.09573639630439122,0.1059630742399263,0,139,139
oasis,8,heat_norm18,template_random_bounded_residual,4,1,0.039307097884223645,0.001721294036902412,0.039307097884223645,0.06555716680315027,0.08822378434728444,0.1067055110945832,0,139,139
oasis,8,heat_norm18,template_random_bounded_residual,4,2,0.03643928199465975,0.0014760678772316681,0.03643928199465975,0.059766424601550926,0.07585328072493135,0.1006188140905452,0,139,139
oasis,8,heat_norm18,template_random_bounded_residual,4,3,0.037279162300000564,0.0015997913246963064,0.037279162300000564,0.06286585416964613,0.08164548076098134,0.1195066362262615,0,139,139
oasis,8,heat_norm18,template_random_bounded_residual,5,1,0.039839981105207214,0.0017647890301664972,0.039839981105207214,0.06899052271037971,0.07829023540431426,0.0872394684008462,0,139,139
oasis,8,heat_norm18,template_random_bounded_residual,5,2,0.037207099216177264,0.001562282036751128,0.037207099216177264,0.06537146487592535,0.07541420293824415,0.0854946547758313,0,139,139
oasis,8,heat_norm18,template_random_bounded_residual,5,3,0.04126647120229421,0.0019502354854104042,0.04126647120229421,0.07418253517906447,0.09168267640528423,0.0940165521141724,0,139,139
oasis,8,heat_norm18,template_random_projection,1,1,0.042505577157079866,0.002143328011889636,0.042505577157079866,0.07221952469787764,0.12526983243169132,0.1621158154240188,0,139,139
oasis,8,heat_norm18,template_random_projection,1,2,0.039247753952221846,0.0018565812199380328,0.039247753952221846,0.07032914588329386,0.09225463273899974,0.1744550717765758,0,139,139
oasis,8,heat_norm18,template_random_projection,1,3,0.042985416915896045,0.002178076770960348,0.042985416915896045,0.084494834073225,0.10248922372518895,0.1348848843621869,0,139,139
oasis,8,heat_norm18,template_random_projection,2,1,0.03902659977153661,0.0016539398818789619,0.03902659977153661,0.06005474671729713,0.07317599934784123,0.0836080067470118,0,139,139
oasis,8,heat_norm18,template_random_projection,2,2,0.0411859195750092,0.0019273350382409315,0.0411859195750092,0.06688760081564112,0.08044462971012166,0.1588997219043596,0,139,139
oasis,8,heat_norm18,template_random_projection,2,3,0.04228157738704657,0.002024783506896107,0.04228157738704657,0.06962501116750516,0.09506840197667787,0.1104008096377328,0,139,139
oasis,8,heat_norm18,template_random_projection,3,1,0.03965425197871862,0.0017621962343736114,0.03965425197871862,0.06940321452446667,0.08087078152980243,0.0929225485992203,0,139,139
oasis,8,heat_norm18,template_random_projection,3,2,0.03866697722709132,0.0016884704011010329,0.03866697722709132,0.06403785808803479,0.08827718339321385,0.1069035647003396,0,139,139
oasis,8,heat_norm18,template_random_projection,3,3,0.041043715918265576,0.0019257749638556926,0.041043715918265576,0.0708605418164739,0.0946475073388959,0.1066270251932261,0,139,139
oasis,8,heat_norm18,template_random_projection,4,1,0.040936491746607094,0.0018879646333090218,0.040936491746607094,0.06658389890349026,0.09077909878829044,0.1296802803032078,0,139,139
oasis,8,heat_norm18,template_random_projection,4,2,0.03837779063564082,0.0016531581844804325,0.03837779063564082,0.06383783360098573,0.09288923825903528,0.1050501554805528,0,139,139
oasis,8,heat_norm18,template_random_projection,4,3,0.038617200084862864,0.0017090298329928103,0.038617200084862864,0.06352369044742988,0.08787557817665058,0.1214667551754349,0,139,139
oasis,8,heat_norm18,template_random_projection,5,1,0.041873215063402344,0.001954269015150334,0.041873215063402344,0.07189247825126201,0.08534065016386785,0.0975425237705038,0,139,139
oasis,8,heat_norm18,template_random_projection,5,2,0.03902877135500657,0.0017234435852404007,0.03902877135500657,0.06780559991814432,0.0836381746404836,0.096856045133311,0,139,139
oasis,8,heat_norm18,template_random_projection,5,3,0.04285541056934753,0.002093531044858628,0.04285541056934753,0.07692700758097003,0.09411974757130742,0.0978322465481321,0,139,139
oasis,8,heat_norm18,template_random_robust,1,1,0.04103689581845007,0.0019711753250277134,0.04103689581845007,0.07079958725249355,0.11175148002642067,0.1461273772352914,0,139,139
oasis,8,heat_norm18,template_random_robust,1,2,0.03698262382020852,0.001624059066926039,0.03698262382020852,0.06671149795158156,0.08067827453010568,0.1500981666716551,0,139,139
oasis,8,heat_norm18,template_random_robust,1,3,0.041907074233327186,0.0020811925181480236,0.041907074233327186,0.07975063549594019,0.10303031067744446,0.126769883393439,0,139,139
oasis,8,heat_norm18,template_random_robust,2,1,0.03723726451000901,0.0015098358805280116,0.03723726451000901,0.05585228679311897,0.06747303337871566,0.0820174651601452,0,139,139
oasis,8,heat_norm18,template_random_robust,2,2,0.03920728338184836,0.0017570661348539128,0.03920728338184836,0.06229972328587546,0.07922827180727748,0.1550068153640319,0,139,139
oasis,8,heat_norm18,template_random_robust,2,3,0.040673839835050844,0.001879288668362872,0.040673839835050844,0.07051683572369383,0.08837912303160358,0.0981865955447429,0,139,139
oasis,8,heat_norm18,template_random_robust,3,1,0.03849031612807955,0.0016726492084183058,0.03849031612807955,0.06668325169565434,0.08174308652520852,0.0935679290578165,0,139,139
oasis,8,heat_norm18,template_random_robust,3,2,0.0370222071212394,0.0015316432572105596,0.0370222071212394,0.0616528331806131,0.07957498587323582,0.0929030535537888,0,139,139
oasis,8,heat_norm18,template_random_robust,3,3,0.03981681055735448,0.0018211893925717878,0.03981681055735448,0.06783017425281308,0.09573639630439122,0.1059630742399263,0,139,139
oasis,8,heat_norm18,template_random_robust,4,1,0.039307097884223645,0.001721294036902412,0.039307097884223645,0.06555716680315027,0.08822378434728444,0.1067055110945832,0,139,139
oasis,8,heat_norm18,template_random_robust,4,2,0.03643928199465975,0.0014760678772316681,0.03643928199465975,0.059766424601550926,0.07585328072493135,0.1006188140905452,0,139,139
oasis,8,heat_norm18,template_random_robust,4,3,0.037279162300000564,0.0015997913246963064,0.037279162300000564,0.06286585416964613,0.08164548076098134,0.1195066362262615,0,139,139
oasis,8,heat_norm18,template_random_robust,5,1,0.039839981105207214,0.0017647890301664972,0.039839981105207214,0.06899052271037971,0.07829023540431426,0.0872394684008462,0,139,139
oasis,8,heat_norm18,template_random_robust,5,2,0.037207099216177264,0.001562282036751128,0.037207099216177264,0.06537146487592535,0.07541420293824415,0.0854946547758313,0,139,139
oasis,8,heat_norm18,template_random_robust,5,3,0.04126647120229421,0.0019502354854104042,0.04126647120229421,0.07418253517906447,0.09168267640528423,0.0940165521141724,0,139,139
oasis,8,heat_norm18,template_selected_bounded_residual,1,1,0.03802863876797459,0.0016323283670089195,0.03802863876797459,0.059530558830721746,0.07956210790880676,0.1340785571688355,0,139,139
oasis,8,heat_norm18,template_selected_bounded_residual,1,2,0.031893406187939524,0.001145988941843639,0.031893406187939524,0.05249505451095976,0.07315609369772623,0.0952352060809223,0,139,139
oasis,8,heat_norm18,template_selected_bounded_residual,1,3,0.03681486876449731,0.0016183960304423375,0.03681486876449731,0.0656562671146962,0.09243460233013301,0.1560863439406552,0,139,139
oasis,8,heat_norm18,template_selected_bounded_residual,2,1,0.03642066214850428,0.0015095351929321633,0.03642066214850428,0.05681107970938383,0.0824757421943465,0.1256642359168814,0,139,139
oasis,8,heat_norm18,template_selected_bounded_residual,2,2,0.03517155860061792,0.001345481278515218,0.03517155860061792,0.05635310574020931,0.06681625984480265,0.0714003889925364,0,139,139
oasis,8,heat_norm18,template_selected_bounded_residual,2,3,0.035824521056781196,0.0014188080784848273,0.035824521056781196,0.05557554616650801,0.07645751563054179,0.0806101886860668,0,139,139
oasis,8,heat_norm18,template_selected_bounded_residual,3,1,0.03822227079326912,0.0016783661500608174,0.03822227079326912,0.06640413123765954,0.08674550535198408,0.1153513716797811,0,139,139
oasis,8,heat_norm18,template_selected_bounded_residual,3,2,0.03473627529677998,0.001349025994725095,0.03473627529677998,0.058442346251330046,0.07638303437871162,0.0862947925229043,0,139,139
oasis,8,heat_norm18,template_selected_bounded_residual,3,3,0.03715902768456904,0.0016013386893072381,0.03715902768456904,0.06723515960515891,0.08122728462786308,0.106615438521922,0,139,139
oasis,8,heat_norm18,template_selected_bounded_residual,4,1,0.0359567806580333,0.0014371604490503065,0.0359567806580333,0.0601970601895286,0.07852143993952532,0.0885255916743533,0,139,139
oasis,8,heat_norm18,template_selected_bounded_residual,4,2,0.03386744188442451,0.0012481707883839352,0.03386744188442451,0.05273181379089138,0.06877799367322925,0.0850143036790158,0,139,139
oasis,8,heat_norm18,template_selected_bounded_residual,4,3,0.03538860948209663,0.0014209660517872547,0.03538860948209663,0.057419114753890464,0.08835203704341463,0.1048492157185685,0,139,139
oasis,8,heat_norm18,template_selected_bounded_residual,5,1,0.039839981105207214,0.0017647890301664972,0.039839981105207214,0.06899052271037971,0.07829023540431426,0.0872394684008462,0,139,139
oasis,8,heat_norm18,template_selected_bounded_residual,5,2,0.034731929326500086,0.0013225679126625087,0.034731929326500086,0.05684213346260423,0.06994084145493053,0.0721044294112351,0,139,139
oasis,8,heat_norm18,template_selected_bounded_residual,5,3,0.03648441792977926,0.0015022197253455928,0.03648441792977926,0.06545328444415224,0.07686394670229851,0.0784501953543256,0,139,139
oasis,8,heat_norm18,template_selected_projection,1,1,0.039609880264879695,0.001760196460566702,0.039609880264879695,0.06633318300258174,0.08045529304721162,0.1384687948574822,0,139,139
oasis,8,heat_norm18,template_selected_projection,1,2,0.034016878439488515,0.0013232714227193682,0.034016878439488515,0.05817051818124865,0.09069702247186572,0.1119140841176142,0,139,139
oasis,8,heat_norm18,template_selected_projection,1,3,0.03851575469441623,0.001757439664681639,0.03851575469441623,0.06785429567092038,0.09576930188203986,0.1541188889995393,0,139,139
oasis,8,heat_norm18,template_selected_projection,2,1,0.038087913770547474,0.0016471358774218289,0.038087913770547474,0.05970203943446707,0.08596235738353979,0.1293880082942599,0,139,139
oasis,8,heat_norm18,template_selected_projection,2,2,0.036952106660445294,0.0014954342905752127,0.036952106660445294,0.05947810635830412,0.07194440219288632,0.0899597919955048,0,139,139
oasis,8,heat_norm18,template_selected_projection,2,3,0.0374735786499987,0.0015516672207239303,0.0374735786499987,0.058070404152034474,0.08080055777273482,0.0888146467926325,0,139,139
oasis,8,heat_norm18,template_selected_projection,3,1,0.03980638742832523,0.0018149315564835707,0.03980638742832523,0.0697735032297839,0.08796550029207338,0.1259254259240664,0,139,139
oasis,8,heat_norm18,template_selected_projection,3,2,0.03643921934374659,0.0014844008909682231,0.03643921934374659,0.06185271588808055,0.08469645059541117,0.0899160421123782,0,139,139
oasis,8,heat_norm18,template_selected_projection,3,3,0.038656268859876906,0.0017155203412148714,0.038656268859876906,0.07227062837588004,0.08131087711369744,0.1106210820116398,0,139,139
oasis,8,heat_norm18,template_selected_projection,4,1,0.037771525455109894,0.001574685668141116,0.037771525455109894,0.06407267903756544,0.08050629475081472,0.0901510948823,0,139,139
oasis,8,heat_norm18,template_selected_projection,4,2,0.03566561750392239,0.0013946258118395344,0.03566561750392239,0.05898654500743605,0.07792768053581786,0.0934489888828276,0,139,139
oasis,8,heat_norm18,template_selected_projection,4,3,0.0368611903854266,0.001545250832447143,0.0368611903854266,0.060680368603976076,0.09270704225203591,0.1099432921673984,0,139,139
oasis,8,heat_norm18,template_selected_projection,5,1,0.041873215063402344,0.001954269015150334,0.041873215063402344,0.07189247825126201,0.08534065016386785,0.0975425237705038,0,139,139
oasis,8,heat_norm18,template_selected_projection,5,2,0.03667406886207818,0.0014736142508190706,0.03667406886207818,0.057314337973267286,0.07173489450384113,0.0867447848130236,0,139,139
oasis,8,heat_norm18,template_selected_projection,5,3,0.038126969455420455,0.0016427708874438914,0.038126969455420455,0.06867573784948228,0.0805735753565428,0.0847077294053437,0,139,139
oasis,8,heat_norm18,template_selected_robust,1,1,0.03802863876797459,0.0016323283670089195,0.03802863876797459,0.059530558830721746,0.07956210790880676,0.1340785571688355,0,139,139
oasis,8,heat_norm18,template_selected_robust,1,2,0.031893406187939524,0.001145988941843639,0.031893406187939524,0.05249505451095976,0.07315609369772623,0.0952352060809223,0,139,139
oasis,8,heat_norm18,template_selected_robust,1,3,0.03681486876449731,0.0016183960304423375,0.03681486876449731,0.0656562671146962,0.09243460233013301,0.1560863439406552,0,139,139
oasis,8,heat_norm18,template_selected_robust,2,1,0.03642066214850428,0.0015095351929321633,0.03642066214850428,0.05681107970938383,0.0824757421943465,0.1256642359168814,0,139,139
oasis,8,heat_norm18,template_selected_robust,2,2,0.03517155860061792,0.001345481278515218,0.03517155860061792,0.05635310574020931,0.06681625984480265,0.0714003889925364,0,139,139
oasis,8,heat_norm18,template_selected_robust,2,3,0.035824521056781196,0.0014188080784848273,0.035824521056781196,0.05557554616650801,0.07645751563054179,0.0806101886860668,0,139,139
oasis,8,heat_norm18,template_selected_robust,3,1,0.03822227079326912,0.0016783661500608174,0.03822227079326912,0.06640413123765954,0.08674550535198408,0.1153513716797811,0,139,139
oasis,8,heat_norm18,template_selected_robust,3,2,0.03473627529677998,0.001349025994725095,0.03473627529677998,0.058442346251330046,0.07638303437871162,0.0862947925229043,0,139,139
oasis,8,heat_norm18,template_selected_robust,3,3,0.03715902768456904,0.0016013386893072381,0.03715902768456904,0.06723515960515891,0.08122728462786308,0.106615438521922,0,139,139
oasis,8,heat_norm18,template_selected_robust,4,1,0.0359567806580333,0.0014371604490503065,0.0359567806580333,0.0601970601895286,0.07852143993952532,0.0885255916743533,0,139,139
oasis,8,heat_norm18,template_selected_robust,4,2,0.03386744188442451,0.0012481707883839352,0.03386744188442451,0.05273181379089138,0.06877799367322925,0.0850143036790158,0,139,139
oasis,8,heat_norm18,template_selected_robust,4,3,0.03538860948209663,0.0014209660517872547,0.03538860948209663,0.057419114753890464,0.08835203704341463,0.1048492157185685,0,139,139
oasis,8,heat_norm18,template_selected_robust,5,1,0.039839981105207214,0.0017647890301664972,0.039839981105207214,0.06899052271037971,0.07829023540431426,0.0872394684008462,0,139,139
oasis,8,heat_norm18,template_selected_robust,5,2,0.034731929326500086,0.0013225679126625087,0.034731929326500086,0.05684213346260423,0.06994084145493053,0.0721044294112351,0,139,139
oasis,8,heat_norm18,template_selected_robust,5,3,0.03648441792977926,0.0015022197253455928,0.03648441792977926,0.06545328444415224,0.07686394670229851,0.0784501953543256,0,139,139
oasis,8,heat_raw18,atlas_random_aligned,1,1,0.026851077305594596,0.0008333138690184208,0.026851077305594596,0.03553294743446522,0.07762847184334225,0.1104039286132078,0,139,139
oasis,8,heat_raw18,atlas_random_aligned,1,2,0.02439798019976364,0.0006517904719192057,0.02439798019976364,0.035655200350622654,0.05320624322260922,0.0805268522065625,0,139,139
oasis,8,heat_raw18,atlas_random_aligned,1,3,0.02689616188028387,0.0007788340867329784,0.02689616188028387,0.03841167956729547,0.06396251453700762,0.0728980506123042,0,139,139
oasis,8,heat_raw18,atlas_random_aligned,2,1,0.026393366579583313,0.0007350074460054791,0.026393366579583313,0.03630777537427131,0.051898347282816074,0.0568440218060804,0,139,139
oasis,8,heat_raw18,atlas_random_aligned,2,2,0.02549211135570515,0.0006894382735969086,0.02549211135570515,0.035940545943387074,0.047593921760146624,0.0559225121274613,0,139,139
oasis,8,heat_raw18,atlas_random_aligned,2,3,0.028089401160157144,0.0008408644609586538,0.028089401160157144,0.041705845891588524,0.05401986767033436,0.0549049129404817,0,139,139
oasis,8,heat_raw18,atlas_random_aligned,3,1,0.024637986238792875,0.00063704916193251,0.024637986238792875,0.031560999089987433,0.04692124687217259,0.0552182226783314,0,139,139
oasis,8,heat_raw18,atlas_random_aligned,3,2,0.023585990117589807,0.000577837940920721,0.023585990117589807,0.031171004305119373,0.037925807539387936,0.0470295592905317,0,139,139
oasis,8,heat_raw18,atlas_random_aligned,3,3,0.02594639220429382,0.0007057953224602482,0.02594639220429382,0.03547693865731784,0.04512850787553546,0.0559974715840856,0,139,139
oasis,8,heat_raw18,atlas_random_aligned,4,1,0.02519311260323718,0.0006858089390837152,0.02519311260323718,0.033362144537008975,0.047763851862300206,0.0841000746418034,0,139,139
oasis,8,heat_raw18,atlas_random_aligned,4,2,0.023860442463118723,0.0006019380322795877,0.023860442463118723,0.03202469474628883,0.03958594821699694,0.0629617684122484,0,139,139
oasis,8,heat_raw18,atlas_random_aligned,4,3,0.02542214051961889,0.0006821407614338172,0.02542214051961889,0.03493514225231083,0.040502936936120164,0.0678614520244748,0,139,139
oasis,8,heat_raw18,atlas_random_aligned,5,1,0.02562980499987919,0.0006922716608301359,0.02562980499987919,0.03769144951557616,0.04086610511170931,0.0628351338472356,0,139,139
oasis,8,heat_raw18,atlas_random_aligned,5,2,0.025071340966330277,0.0006616843470432058,0.025071340966330277,0.033106529159991405,0.04283729015223421,0.0546508658851117,0,139,139
oasis,8,heat_raw18,atlas_random_aligned,5,3,0.026763930921968545,0.0007541707137238273,0.026763930921968545,0.03864566882627032,0.04743423267640457,0.0555411802829086,0,139,139
oasis,8,heat_raw18,atlas_random_mean,1,1,0.13738900210118868,0.02140982883650365,0.13738900210118868,0.18478341861266312,0.36456627439512634,0.3836173298436859,0,139,139
oasis,8,heat_raw18,atlas_random_mean,1,2,0.13727881644694773,0.02138825183467159,0.13727881644694773,0.18759460673418374,0.368734895575849,0.3743018720868541,0,139,139
oasis,8,heat_raw18,atlas_random_mean,1,3,0.13903943412806524,0.021832937456548,0.13903943412806524,0.19699904098030357,0.3588275844555267,0.3754811214122378,0,139,139
oasis,8,heat_raw18,atlas_random_mean,2,1,0.13693555489463874,0.020842967912880685,0.13693555489463874,0.1798566958500616,0.31362525572075234,0.4432654098062407,0,139,139
oasis,8,heat_raw18,atlas_random_mean,2,2,0.13689040927802051,0.020924246538336053,0.13689040927802051,0.18351130680778382,0.31866589381172705,0.4520439834810298,0,139,139
oasis,8,heat_raw18,atlas_random_mean,2,3,0.13785354023501215,0.02116794147676493,0.13785354023501215,0.19091247629054683,0.31092438791306204,0.4394109999429702,0,139,139
oasis,8,heat_raw18,atlas_random_mean,3,1,0.13391619642797628,0.02001309125942919,0.13391619642797628,0.18083880013749218,0.31250534075283476,0.4433409607023069,0,139,139
oasis,8,heat_raw18,atlas_random_mean,3,2,0.1334711432110502,0.01998174020398534,0.1334711432110502,0.1818104402851129,0.31629127039203725,0.4519113574515719,0,139,139
oasis,8,heat_raw18,atlas_random_mean,3,3,0.13580162242122784,0.020578430414160426,0.13580162242122784,0.1951617083635982,0.3081464655900118,0.4393632425379693,0,139,139
oasis,8,heat_raw18,atlas_random_mean,4,1,0.13558225884294461,0.020134298648463247,0.13558225884294461,0.2008489173010991,0.3028958208398889,0.3595446954336959,0,139,139
oasis,8,heat_raw18,atlas_random_mean,4,2,0.13522465487977828,0.020109982565534514,0.13522465487977828,0.20065337126468027,0.3056558056571383,0.3650004752232471,0,139,139
oasis,8,heat_raw18,atlas_random_mean,4,3,0.13704322826429036,0.02057534552927918,0.13704322826429036,0.20628766182654837,0.2962380242987523,0.358787796336711,0,139,139
oasis,8,heat_raw18,atlas_random_mean,5,1,0.1347143505163465,0.019946556261100507,0.1347143505163465,0.18153280275771458,0.2719429316233429,0.443780504356907,0,139,139
oasis,8,heat_raw18,atlas_random_mean,5,2,0.1341768562326266,0.019879958975019818,0.1341768562326266,0.18014134254970993,0.27816070630655937,0.4524658031541464,0,139,139
oasis,8,heat_raw18,atlas_random_mean,5,3,0.13614764567938262,0.020440180520362644,0.13614764567938262,0.19503062928443168,0.27925921364740164,0.4400289128220818,0,139,139
oasis,8,heat_raw18,atlas_selected_aligned,1,1,0.025082293103600602,0.0006921337492232941,0.025082293103600602,0.035194822806712746,0.05989470248700288,0.0797624096088854,0,139,139
oasis,8,heat_raw18,atlas_selected_aligned,1,2,0.024560429700783672,0.000665621645212628,0.024560429700783672,0.032668308034842684,0.0633774945234378,0.0783964607666556,0,139,139
oasis,8,heat_raw18,atlas_selected_aligned,1,3,0.02632711641003208,0.0007543827710632626,0.02632711641003208,0.037641444343147853,0.0671398941879161,0.0756051339327789,0,139,139
oasis,8,heat_raw18,atlas_selected_aligned,2,1,0.025351370871930238,0.0006759962386066828,0.025351370871930238,0.03437682464342871,0.04964275684124417,0.0554079361412075,0,139,139
oasis,8,heat_raw18,atlas_selected_aligned,2,2,0.025163094948337544,0.0006739267622587856,0.025163094948337544,0.0375105986679733,0.04841103714317141,0.0527792448359207,0,139,139
oasis,8,heat_raw18,atlas_selected_aligned,2,3,0.02545441312100746,0.0006806113129364835,0.02545441312100746,0.03545901246721066,0.045132361820054104,0.0583032855216926,0,139,139
oasis,8,heat_raw18,atlas_selected_aligned,3,1,0.024231656433222615,0.0006168073798815152,0.024231656433222615,0.0324141036949983,0.04687324311826796,0.0492321869982014,0,139,139
oasis,8,heat_raw18,atlas_selected_aligned,3,2,0.021888257619405972,0.000500363986057254,0.021888257619405972,0.028664474050069166,0.03640280812783304,0.0517233607459804,0,139,139
oasis,8,heat_raw18,atlas_selected_aligned,3,3,0.025251029718945776,0.0006794579712092617,0.025251029718945776,0.03468765504729164,0.050413930904494454,0.0704532983053338,0,139,139
oasis,8,heat_raw18,atlas_selected_aligned,4,1,0.02519311260323718,0.0006858089390837152,0.02519311260323718,0.033362144537008975,0.047763851862300206,0.0841000746418034,0,139,139
oasis,8,heat_raw18,atlas_selected_aligned,4,2,0.02265814807757989,0.0005450526628183093,0.02265814807757989,0.03046070832623315,0.03661140074641042,0.0687722314033807,0,139,139
oasis,8,heat_raw18,atlas_selected_aligned,4,3,0.025183650616121718,0.0006746659538334734,0.025183650616121718,0.03356727003036728,0.04165232757467684,0.0736439071879492,0,139,139
oasis,8,heat_raw18,atlas_selected_aligned,5,1,0.02562980499987919,0.0006922716608301359,0.02562980499987919,0.03769144951557616,0.04086610511170931,0.0628351338472356,0,139,139
oasis,8,heat_raw18,atlas_selected_aligned,5,2,0.022883102443158585,0.0005525941624103964,0.022883102443158585,0.03211402776452779,0.043440636319724786,0.051500109617252,0,139,139
oasis,8,heat_raw18,atlas_selected_aligned,5,3,0.025809096842360744,0.0006990751660899022,0.025809096842360744,0.03634779659422204,0.04518111361961054,0.0583456884521001,0,139,139
oasis,8,heat_raw18,atlas_selected_mean,1,1,0.13738900210118868,0.02140982883650365,0.13738900210118868,0.18478341861266312,0.36456627439512634,0.3836173298436859,0,139,139
oasis,8,heat_raw18,atlas_selected_mean,1,2,0.13727881644694773,0.02138825183467159,0.13727881644694773,0.18759460673418374,0.368734895575849,0.3743018720868541,0,139,139
oasis,8,heat_raw18,atlas_selected_mean,1,3,0.13903943412806524,0.021832937456548,0.13903943412806524,0.19699904098030357,0.3588275844555267,0.3754811214122378,0,139,139
oasis,8,heat_raw18,atlas_selected_mean,2,1,0.13693555489463874,0.020842967912880685,0.13693555489463874,0.1798566958500616,0.31362525572075234,0.4432654098062407,0,139,139
oasis,8,heat_raw18,atlas_selected_mean,2,2,0.13689040927802051,0.020924246538336053,0.13689040927802051,0.18351130680778382,0.31866589381172705,0.4520439834810298,0,139,139
oasis,8,heat_raw18,atlas_selected_mean,2,3,0.13785354023501215,0.02116794147676493,0.13785354023501215,0.19091247629054683,0.31092438791306204,0.4394109999429702,0,139,139
oasis,8,heat_raw18,atlas_selected_mean,3,1,0.13391619642797628,0.02001309125942919,0.13391619642797628,0.18083880013749218,0.31250534075283476,0.4433409607023069,0,139,139
oasis,8,heat_raw18,atlas_selected_mean,3,2,0.1334711432110502,0.01998174020398534,0.1334711432110502,0.1818104402851129,0.31629127039203725,0.4519113574515719,0,139,139
oasis,8,heat_raw18,atlas_selected_mean,3,3,0.13580162242122784,0.020578430414160426,0.13580162242122784,0.1951617083635982,0.3081464655900118,0.4393632425379693,0,139,139
oasis,8,heat_raw18,atlas_selected_mean,4,1,0.13558225884294461,0.020134298648463247,0.13558225884294461,0.2008489173010991,0.3028958208398889,0.3595446954336959,0,139,139
oasis,8,heat_raw18,atlas_selected_mean,4,2,0.13522465487977828,0.020109982565534514,0.13522465487977828,0.20065337126468027,0.3056558056571383,0.3650004752232471,0,139,139
oasis,8,heat_raw18,atlas_selected_mean,4,3,0.13704322826429036,0.02057534552927918,0.13704322826429036,0.20628766182654837,0.2962380242987523,0.358787796336711,0,139,139
oasis,8,heat_raw18,atlas_selected_mean,5,1,0.1347143505163465,0.019946556261100507,0.1347143505163465,0.18153280275771458,0.2719429316233429,0.443780504356907,0,139,139
oasis,8,heat_raw18,atlas_selected_mean,5,2,0.1341768562326266,0.019879958975019818,0.1341768562326266,0.18014134254970993,0.27816070630655937,0.4524658031541464,0,139,139
oasis,8,heat_raw18,atlas_selected_mean,5,3,0.13614764567938262,0.020440180520362644,0.13614764567938262,0.19503062928443168,0.27925921364740164,0.4400289128220818,0,139,139
oasis,8,heat_raw18,floor_random_robust,1,1,0.11437996566178062,0.013517935655802452,0.11437996566178062,0.13568422819106327,0.21925400306969922,0.263344594393031,0,139,139
oasis,8,heat_raw18,floor_random_robust,1,2,0.09780228381976618,0.009943019930891002,0.09780228381976618,0.12610865576064983,0.16331168504341056,0.2572391958814008,0,139,139
oasis,8,heat_raw18,floor_random_robust,1,3,0.12211380395617004,0.015469185649665757,0.12211380395617004,0.14627743713825467,0.2460113949466185,0.2875756339372957,0,139,139
oasis,8,heat_raw18,floor_random_robust,2,1,0.105120259680963,0.011331680324454904,0.105120259680963,0.1327297202330329,0.185506075486554,0.2085333849040661,0,139,139
oasis,8,heat_raw18,floor_random_robust,2,2,0.10682689373835363,0.011762025019628797,0.10682689373835363,0.1348620865966921,0.19789874228631354,0.2146855804150031,0,139,139
oasis,8,heat_raw18,floor_random_robust,2,3,0.11215438405882669,0.012917140575174119,0.11215438405882669,0.1437043591502423,0.19509910899718233,0.2040932169188601,0,139,139
oasis,8,heat_raw18,floor_random_robust,3,1,0.10427063011382381,0.011050758278013223,0.10427063011382381,0.12546355751195248,0.14947031400250924,0.1784724259793002,0,139,139
oasis,8,heat_raw18,floor_random_robust,3,2,0.10135604379280115,0.01050863001417512,0.10135604379280115,0.1227151358539874,0.16354263278576475,0.2096296199723271,0,139,139
oasis,8,heat_raw18,floor_random_robust,3,3,0.11179418025835526,0.012675330947878176,0.11179418025835526,0.13778943719667683,0.15421629965628222,0.1909190032220997,0,139,139
oasis,8,heat_raw18,floor_random_robust,4,1,0.09647725809841272,0.009530234730776585,0.09647725809841272,0.11576345740936918,0.137733876973531,0.2252114401162387,0,139,139
oasis,8,heat_raw18,floor_random_robust,4,2,0.10154085161776003,0.010554089382723246,0.10154085161776003,0.12386205709063705,0.13471120417170745,0.2446133472915071,0,139,139
oasis,8,heat_raw18,floor_random_robust,4,3,0.1050366204795826,0.011266034998408128,0.1050366204795826,0.12467514864347831,0.15780691885854484,0.229741968973263,0,139,139
oasis,8,heat_raw18,floor_random_robust,5,1,0.09563688398051631,0.009387917166959803,0.09563688398051631,0.12770526816265174,0.15208860223124546,0.1643220902746509,0,139,139
oasis,8,heat_raw18,floor_random_robust,5,2,0.11771394252811311,0.01404801411022525,0.11771394252811311,0.14537023228435686,0.15539963609759924,0.1762606387281463,0,139,139
oasis,8,heat_raw18,floor_random_robust,5,3,0.11371948888839147,0.013199737728675977,0.11371948888839147,0.13465347825958368,0.1779650810332366,0.2324380190216941,0,139,139
oasis,8,heat_raw18,ordinary_selected,1,1,0.09812304744375358,0.01039163613259978,0.09812304744375358,0.12807240739409012,0.22975393489458276,0.2936677834793079,0,139,139
oasis,8,heat_raw18,ordinary_selected,1,2,0.09822401190489533,0.010240840607539258,0.09822401190489533,0.11615670217656843,0.22678296009979185,0.2659062744661952,0,139,139
oasis,8,heat_raw18,ordinary_selected,1,3,0.10147720946076376,0.011137930819980078,0.10147720946076376,0.12047298912995928,0.25708056301417137,0.3160785085300952,0,139,139
oasis,8,heat_raw18,ordinary_selected,2,1,0.0964472493546864,0.009794057925385253,0.0964472493546864,0.12372647910714349,0.19066469339028957,0.2362937416203607,0,139,139
oasis,8,heat_raw18,ordinary_selected,2,2,0.10097291919791236,0.011012633953408738,0.10097291919791236,0.12003514572004431,0.19850119385131654,0.3817562438433071,0,139,139
oasis,8,heat_raw18,ordinary_selected,2,3,0.1013348408930927,0.010672461953814539,0.1013348408930927,0.12866963069011844,0.20164125524042426,0.2304301610101689,0,139,139
oasis,8,heat_raw18,ordinary_selected,3,1,0.09577291168656349,0.009471216107375951,0.09577291168656349,0.11727256910654205,0.1870838400769143,0.1978009763590326,0,139,139
oasis,8,heat_raw18,ordinary_selected,3,2,0.09253137025030958,0.008855852012657404,0.09253137025030958,0.10752907493132192,0.1651339830600178,0.2309424273604436,0,139,139
oasis,8,heat_raw18,ordinary_selected,3,3,0.10208331348456622,0.010784602603305509,0.10208331348456622,0.12009486547252754,0.20652981462807438,0.2158187254881749,0,139,139
oasis,8,heat_raw18,ordinary_selected,4,1,0.09713453046748302,0.010131135992911816,0.09713453046748302,0.11688838880412618,0.1793675334115069,0.3617789992410122,0,139,139
oasis,8,heat_raw18,ordinary_selected,4,2,0.09203897601750684,0.008796091434796656,0.09203897601750684,0.10979198780649774,0.1568707106337361,0.2522497000163171,0,139,139
oasis,8,heat_raw18,ordinary_selected,4,3,0.0998773875360889,0.010565593750123357,0.0998773875360889,0.11914214871418169,0.1948857580873255,0.3229536057432207,0,139,139
oasis,8,heat_raw18,ordinary_selected,5,1,0.09845238600818816,0.010132115462240578,0.09845238600818816,0.1237786981768638,0.20014752849865733,0.2429340517263448,0,139,139
oasis,8,heat_raw18,ordinary_selected,5,2,0.09364954673152616,0.009092257370719531,0.09364954673152616,0.12375805344094228,0.16659235791102883,0.2092365910960767,0,139,139
oasis,8,heat_raw18,ordinary_selected,5,3,0.1018110580508028,0.011529942195250328,0.1018110580508028,0.13162698101769849,0.18805552982720183,0.4599404648790111,0,139,139
oasis,8,heat_raw18,random_bounded_residual,1,1,0.11697303755014248,0.01414906528235188,0.11697303755014248,0.14057450815223962,0.20550420458795038,0.2959766858025087,0,139,139
oasis,8,heat_raw18,random_bounded_residual,1,2,0.10296256594410975,0.011000313303218998,0.10296256594410975,0.12989300815299332,0.19244682795607385,0.2317856011890763,0,139,139
oasis,8,heat_raw18,random_bounded_residual,1,3,0.11763697966707876,0.014727748937431324,0.11763697966707876,0.1486863887482676,0.2676457245784156,0.3348040734039149,0,139,139
oasis,8,heat_raw18,random_bounded_residual,2,1,0.10863996945630516,0.01211311281153787,0.10863996945630516,0.13032648928076113,0.19667578915195638,0.2011721730692505,0,139,139
oasis,8,heat_raw18,random_bounded_residual,2,2,0.11471994010938187,0.013613268502145713,0.11471994010938187,0.1430971239305845,0.198033657311696,0.2674330069829657,0,139,139
oasis,8,heat_raw18,random_bounded_residual,2,3,0.11075863578886357,0.012659198009526902,0.11075863578886357,0.13843024835788686,0.18590427665014725,0.2509719758428618,0,139,139
oasis,8,heat_raw18,random_bounded_residual,3,1,0.11098172370581753,0.012688894077520711,0.11098172370581753,0.13512507892662426,0.2003558689631072,0.2291644563242472,0,139,139
oasis,8,heat_raw18,random_bounded_residual,3,2,0.10421916017166188,0.011167633147380361,0.10421916017166188,0.1255338571518319,0.18489717639654518,0.2242153676319095,0,139,139
oasis,8,heat_raw18,random_bounded_residual,3,3,0.110222285141986,0.012348355244368324,0.110222285141986,0.13370685924571024,0.17017261846617981,0.187354539953795,0,139,139
oasis,8,heat_raw18,random_bounded_residual,4,1,0.09696154114210545,0.009762319449633083,0.09696154114210545,0.11920620458409012,0.15937294139027405,0.2675294793552702,0,139,139
oasis,8,heat_raw18,random_bounded_residual,4,2,0.10324326448705788,0.010980102101980185,0.10324326448705788,0.12683179025579366,0.15703713216069112,0.2592915836408441,0,139,139
oasis,8,heat_raw18,random_bounded_residual,4,3,0.10645729426421857,0.011896397146186493,0.10645729426421857,0.12303272208107585,0.17591921920641712,0.3358246803263522,0,139,139
oasis,8,heat_raw18,random_bounded_residual,5,1,0.1007999670702869,0.010656039968048031,0.1007999670702869,0.13798010590965779,0.19548404366053576,0.2518339621286857,0,139,139
oasis,8,heat_raw18,random_bounded_residual,5,2,0.11897200342236214,0.014463815040153231,0.11897200342236214,0.14957203606232075,0.19475763048568018,0.2159172898169602,0,139,139
oasis,8,heat_raw18,random_bounded_residual,5,3,0.11074877692279307,0.012584793747832959,0.11074877692279307,0.14343684554075012,0.18984019490240714,0.2097483409976205,0,139,139
oasis,8,heat_raw18,random_ordinary,1,1,0.12059938030497792,0.015622232409657655,0.12059938030497792,0.14489346383241042,0.27326475279504986,0.3968922770678355,0,139,139
oasis,8,heat_raw18,random_ordinary,1,2,0.10601803927786292,0.011846403862179607,0.10601803927786292,0.1343973473585732,0.23123473940492245,0.2711922070423281,0,139,139
oasis,8,heat_raw18,random_ordinary,1,3,0.1225866458188069,0.015677644572944644,0.1225866458188069,0.14986956309698696,0.2493496011910582,0.2967535468330316,0,139,139
oasis,8,heat_raw18,random_ordinary,2,1,0.11028803191013052,0.012615151051272862,0.11028803191013052,0.13585407816490458,0.207552776875209,0.2584904806161384,0,139,139
oasis,8,heat_raw18,random_ordinary,2,2,0.1152933631633135,0.013914037230769635,0.1152933631633135,0.14575673395949754,0.20088663373312782,0.3265606516843588,0,139,139
oasis,8,heat_raw18,random_ordinary,2,3,0.11174190643645578,0.012920951511324877,0.11174190643645578,0.1490980850847185,0.20485472056174636,0.2457254536620183,0,139,139
oasis,8,heat_raw18,random_ordinary,3,1,0.11130496667741627,0.01274226587333806,0.11130496667741627,0.13407602319512674,0.19745760215245245,0.2220241866329141,0,139,139
oasis,8,heat_raw18,random_ordinary,3,2,0.10523547325675277,0.011467202105368376,0.10523547325675277,0.12542347877294624,0.19468811908033476,0.2558988829538243,0,139,139
oasis,8,heat_raw18,random_ordinary,3,3,0.11283050674478746,0.012976274900167265,0.11283050674478746,0.13953584546826509,0.18944597168210278,0.198464014103816,0,139,139
oasis,8,heat_raw18,random_ordinary,4,1,0.09758591780231794,0.009905997096287464,0.09758591780231794,0.11988572707902413,0.16535541496175132,0.2686832128551526,0,139,139
oasis,8,heat_raw18,random_ordinary,4,2,0.10334578209170568,0.011020983043768827,0.10334578209170568,0.12497766528982203,0.15832426926643034,0.267596478383458,0,139,139
oasis,8,heat_raw18,random_ordinary,4,3,0.1069498871902876,0.01198407960829705,0.1069498871902876,0.12363696817241578,0.1835051310495529,0.3251392260345138,0,139,139
oasis,8,heat_raw18,random_ordinary,5,1,0.10409040127611018,0.011547178136255597,0.10409040127611018,0.14222630378320633,0.21011623351415018,0.3162864721213375,0,139,139
oasis,8,heat_raw18,random_ordinary,5,2,0.11943178653735492,0.014608072326520375,0.11943178653735492,0.15284472988027833,0.1996732344279042,0.2279343322530188,0,139,139
oasis,8,heat_raw18,random_ordinary,5,3,0.11111066336046832,0.012750436436094865,0.11111066336046832,0.14799577531957622,0.2003727004202321,0.238312229643764,0,139,139
oasis,8,heat_raw18,random_projection,1,1,0.11758167054425658,0.014379808617333407,0.11758167054425658,0.14181787638663793,0.2155338060765987,0.3117536474984942,0,139,139
oasis,8,heat_raw18,random_projection,1,2,0.10403365101164214,0.011303489817525873,0.10403365101164214,0.13129491150281675,0.2060209770242217,0.2520225792164686,0,139,139
oasis,8,heat_raw18,random_projection,1,3,0.11757112602988917,0.014764938929460195,0.11757112602988917,0.14646263938143572,0.2774137299271753,0.3381173337870474,0,139,139
oasis,8,heat_raw18,random_projection,2,1,0.109246569244297,0.012250913226617945,0.109246569244297,0.130972248346102,0.19508376032997998,0.2134967768229593,0,139,139
oasis,8,heat_raw18,random_projection,2,2,0.11475749812765633,0.013625697108215207,0.11475749812765633,0.14575673395949754,0.20088663373312782,0.2682481257449191,0,139,139
oasis,8,heat_raw18,random_projection,2,3,0.11174190643645578,0.012920951511324877,0.11174190643645578,0.1490980850847185,0.20485472056174636,0.2457254536620183,0,139,139
oasis,8,heat_raw18,random_projection,3,1,0.11130496667741627,0.01274226587333806,0.11130496667741627,0.13407602319512674,0.19745760215245245,0.2220241866329141,0,139,139
oasis,8,heat_raw18,random_projection,3,2,0.10498554564941415,0.011356706962587957,0.10498554564941415,0.12542347877294624,0.18798606887756716,0.2358413495582858,0,139,139
oasis,8,heat_raw18,random_projection,3,3,0.1111062612745878,0.012580856404382135,0.1111062612745878,0.1366354784189944,0.1837334167509733,0.1972581715573724,0,139,139
oasis,8,heat_raw18,random_projection,4,1,0.09758591780231794,0.009905997096287464,0.09758591780231794,0.11988572707902413,0.16535541496175132,0.2686832128551526,0,139,139
oasis,8,heat_raw18,random_projection,4,2,0.1033391291073956,0.011018801101487606,0.1033391291073956,0.12497766528982203,0.1577509150785869,0.267596478383458,0,139,139
oasis,8,heat_raw18,random_projection,4,3,0.10693700981438635,0.011975728778155887,0.10693700981438635,0.12363696817241578,0.18350513104955288,0.323349270784242,0,139,139
oasis,8,heat_raw18,random_projection,5,1,0.10070366988058425,0.010464545312410273,0.10070366988058425,0.13650391159043643,0.17061094489529435,0.195717049403762,0,139,139
oasis,8,heat_raw18,random_projection,5,2,0.11942812258737608,0.014606403912546301,0.11942812258737608,0.15284472988027833,0.1996732344279042,0.2274250432059597,0,139,139
oasis,8,heat_raw18,random_projection,5,3,0.11111066336046832,0.012750436436094865,0.11111066336046832,0.14799577531957622,0.2003727004202321,0.238312229643764,0,139,139
oasis,8,heat_raw18,random_robust,1,1,0.11758167054425658,0.014379808617333407,0.11758167054425658,0.14181787638663793,0.2155338060765987,0.3117536474984942,0,139,139
oasis,8,heat_raw18,random_robust,1,2,0.10296256594410975,0.011000313303218998,0.10296256594410975,0.12989300815299332,0.19244682795607385,0.2317856011890763,0,139,139
oasis,8,heat_raw18,random_robust,1,3,0.11757112602988917,0.014764938929460195,0.11757112602988917,0.14646263938143572,0.2774137299271753,0.3381173337870474,0,139,139
oasis,8,heat_raw18,random_robust,2,1,0.109246569244297,0.012250913226617945,0.109246569244297,0.130972248346102,0.19508376032997998,0.2134967768229593,0,139,139
oasis,8,heat_raw18,random_robust,2,2,0.11475749812765633,0.013625697108215207,0.11475749812765633,0.14575673395949754,0.20088663373312782,0.2682481257449191,0,139,139
oasis,8,heat_raw18,random_robust,2,3,0.11174190643645578,0.012920951511324877,0.11174190643645578,0.1490980850847185,0.20485472056174636,0.2457254536620183,0,139,139
oasis,8,heat_raw18,random_robust,3,1,0.11130496667741627,0.01274226587333806,0.11130496667741627,0.13407602319512674,0.19745760215245245,0.2220241866329141,0,139,139
oasis,8,heat_raw18,random_robust,3,2,0.10421916017166188,0.011167633147380361,0.10421916017166188,0.1255338571518319,0.18489717639654518,0.2242153676319095,0,139,139
oasis,8,heat_raw18,random_robust,3,3,0.110222285141986,0.012348355244368324,0.110222285141986,0.13370685924571024,0.17017261846617981,0.187354539953795,0,139,139
oasis,8,heat_raw18,random_robust,4,1,0.09696154114210545,0.009762319449633083,0.09696154114210545,0.11920620458409012,0.15937294139027405,0.2675294793552702,0,139,139
oasis,8,heat_raw18,random_robust,4,2,0.1033391291073956,0.011018801101487606,0.1033391291073956,0.12497766528982203,0.1577509150785869,0.267596478383458,0,139,139
oasis,8,heat_raw18,random_robust,4,3,0.10645729426421857,0.011896397146186493,0.10645729426421857,0.12303272208107585,0.17591921920641712,0.3358246803263522,0,139,139
oasis,8,heat_raw18,random_robust,5,1,0.1007999670702869,0.010656039968048031,0.1007999670702869,0.13798010590965779,0.19548404366053576,0.2518339621286857,0,139,139
oasis,8,heat_raw18,random_robust,5,2,0.11897200342236214,0.014463815040153231,0.11897200342236214,0.14957203606232075,0.19475763048568018,0.2159172898169602,0,139,139
oasis,8,heat_raw18,random_robust,5,3,0.11111066336046832,0.012750436436094865,0.11111066336046832,0.14799577531957622,0.2003727004202321,0.238312229643764,0,139,139
oasis,8,heat_raw18,selected_bounded_residual,1,1,0.09727008188558427,0.010158030746582194,0.09727008188558427,0.12924142979210002,0.22609276784244742,0.2885416804810455,0,139,139
oasis,8,heat_raw18,selected_bounded_residual,1,2,0.09684259770392797,0.009758338790055712,0.09684259770392797,0.11599234869317822,0.19294428650468132,0.2191294974837042,0,139,139
oasis,8,heat_raw18,selected_bounded_residual,1,3,0.10017047785960034,0.01064546187637206,0.10017047785960034,0.11884584266914691,0.2237574669768549,0.2892267902876496,0,139,139
oasis,8,heat_raw18,selected_bounded_residual,2,1,0.09603311956458581,0.009672188390393667,0.09603311956458581,0.1212617335381847,0.19473001924015393,0.204472299197611,0,139,139
oasis,8,heat_raw18,selected_bounded_residual,2,2,0.09890288683666555,0.010107154482371579,0.09890288683666555,0.11492138095350413,0.18627991651834228,0.2271983287904384,0,139,139
oasis,8,heat_raw18,selected_bounded_residual,2,3,0.099966517069202,0.010292374828430111,0.099966517069202,0.12063065495610971,0.174598043968334,0.2209304136178849,0,139,139
oasis,8,heat_raw18,selected_bounded_residual,3,1,0.0951512976059652,0.009335229520715619,0.0951512976059652,0.11685300145225405,0.1851837261138987,0.1908799542504691,0,139,139
oasis,8,heat_raw18,selected_bounded_residual,3,2,0.09171901715915326,0.008649636481079529,0.09171901715915326,0.10543932698873718,0.17128340334764805,0.1935569351795705,0,139,139
oasis,8,heat_raw18,selected_bounded_residual,3,3,0.10082301425556862,0.010407176767274094,0.10082301425556862,0.1182272665157859,0.17678257468324382,0.1898388756451065,0,139,139
oasis,8,heat_raw18,selected_bounded_residual,4,1,0.09696154114210545,0.009762319449633083,0.09696154114210545,0.11920620458409012,0.15937294139027405,0.2675294793552702,0,139,139
oasis,8,heat_raw18,selected_bounded_residual,4,2,0.09119302482636568,0.008570453622065823,0.09119302482636568,0.10819489478187738,0.15615887761432967,0.2193518458608552,0,139,139
oasis,8,heat_raw18,selected_bounded_residual,4,3,0.0986142184421892,0.01006343416545071,0.0986142184421892,0.11756282640664881,0.1646599235151569,0.2568652016052639,0,139,139
oasis,8,heat_raw18,selected_bounded_residual,5,1,0.1007999670702869,0.010656039968048031,0.1007999670702869,0.13798010590965779,0.19548404366053576,0.2518339621286857,0,139,139
oasis,8,heat_raw18,selected_bounded_residual,5,2,0.09153570340560141,0.008640821445192006,0.09153570340560141,0.12344636157527034,0.15427350734111844,0.1879915057537872,0,139,139
oasis,8,heat_raw18,selected_bounded_residual,5,3,0.1001036939940335,0.01055238366799724,0.1001036939940335,0.12949442958083698,0.1760406597391095,0.3121699770063106,0,139,139
oasis,8,heat_raw18,selected_projection,1,1,0.097989699829916,0.010315787976694055,0.097989699829916,0.12807240739409012,0.22975393489458276,0.2751324651558847,0,139,139
oasis,8,heat_raw18,selected_projection,1,2,0.09789938197978187,0.010102176065149081,0.09789938197978187,0.11615670217656843,0.2147275319915091,0.2543672006895852,0,139,139
oasis,8,heat_raw18,selected_projection,1,3,0.10077727771607192,0.010755638096377494,0.10077727771607192,0.1209346495586683,0.22037249553859561,0.2906394662658054,0,139,139
oasis,8,heat_raw18,selected_projection,2,1,0.0964472493546864,0.009794057925385253,0.0964472493546864,0.12372647910714349,0.19066469339028957,0.2362937416203607,0,139,139
oasis,8,heat_raw18,selected_projection,2,2,0.09972538227717066,0.010278649031557245,0.09972538227717066,0.12003514572004431,0.18917920693848564,0.2256771627729481,0,139,139
oasis,8,heat_raw18,selected_projection,2,3,0.10077228235609124,0.010468414559360945,0.10077228235609124,0.11983327102841411,0.1846009092713771,0.2175744788414927,0,139,139
oasis,8,heat_raw18,selected_projection,3,1,0.09577291168656349,0.009471216107375951,0.09577291168656349,0.11727256910654205,0.1870838400769143,0.1978009763590326,0,139,139
oasis,8,heat_raw18,selected_projection,3,2,0.09235073131916466,0.008789598499963311,0.09235073131916466,0.10752965907736617,0.1643170574600329,0.2155081302248227,0,139,139
oasis,8,heat_raw18,selected_projection,3,3,0.10168403856024653,0.01057999165043367,0.10168403856024653,0.11998515004131773,0.17563475601150416,0.1895047955187307,0,139,139
oasis,8,heat_raw18,selected_projection,4,1,0.09758591780231794,0.009905997096287464,0.09758591780231794,0.11988572707902413,0.16535541496175132,0.2686832128551526,0,139,139
oasis,8,heat_raw18,selected_projection,4,2,0.09201730168677841,0.008785865448591442,0.09201730168677841,0.10979198780649774,0.15672019401551085,0.2496328891351848,0,139,139
oasis,8,heat_raw18,selected_projection,4,3,0.09927738317333701,0.010211101828367927,0.09927738317333701,0.11960492013627402,0.1743356258052487,0.2559290244542463,0,139,139
oasis,8,heat_raw18,selected_projection,5,1,0.10070366988058425,0.010464545312410273,0.10070366988058425,0.13650391159043643,0.17061094489529435,0.195717049403762,0,139,139
oasis,8,heat_raw18,selected_projection,5,2,0.09333873800271059,0.008989598205470404,0.09333873800271059,0.12242840333881937,0.16252624283409706,0.1972396693529694,0,139,139
oasis,8,heat_raw18,selected_projection,5,3,0.10085116394626417,0.010775028054076076,0.10085116394626417,0.13162698101769849,0.18805552982720183,0.3265151843481401,0,139,139
oasis,8,heat_raw18,selected_robust,1,1,0.09727008188558427,0.010158030746582194,0.09727008188558427,0.12924142979210002,0.22609276784244742,0.2885416804810455,0,139,139
oasis,8,heat_raw18,selected_robust,1,2,0.09684259770392797,0.009758338790055712,0.09684259770392797,0.11599234869317822,0.19294428650468132,0.2191294974837042,0,139,139
oasis,8,heat_raw18,selected_robust,1,3,0.10077727771607192,0.010755638096377494,0.10077727771607192,0.1209346495586683,0.22037249553859561,0.2906394662658054,0,139,139
oasis,8,heat_raw18,selected_robust,2,1,0.09603311956458581,0.009672188390393667,0.09603311956458581,0.1212617335381847,0.19473001924015393,0.204472299197611,0,139,139
oasis,8,heat_raw18,selected_robust,2,2,0.09890288683666555,0.010107154482371579,0.09890288683666555,0.11492138095350413,0.18627991651834228,0.2271983287904384,0,139,139
oasis,8,heat_raw18,selected_robust,2,3,0.099966517069202,0.010292374828430111,0.099966517069202,0.12063065495610971,0.174598043968334,0.2209304136178849,0,139,139
oasis,8,heat_raw18,selected_robust,3,1,0.0951512976059652,0.009335229520715619,0.0951512976059652,0.11685300145225405,0.1851837261138987,0.1908799542504691,0,139,139
oasis,8,heat_raw18,selected_robust,3,2,0.09171901715915326,0.008649636481079529,0.09171901715915326,0.10543932698873718,0.17128340334764805,0.1935569351795705,0,139,139
oasis,8,heat_raw18,selected_robust,3,3,0.10082301425556862,0.010407176767274094,0.10082301425556862,0.1182272665157859,0.17678257468324382,0.1898388756451065,0,139,139
oasis,8,heat_raw18,selected_robust,4,1,0.09696154114210545,0.009762319449633083,0.09696154114210545,0.11920620458409012,0.15937294139027405,0.2675294793552702,0,139,139
oasis,8,heat_raw18,selected_robust,4,2,0.09119302482636568,0.008570453622065823,0.09119302482636568,0.10819489478187738,0.15615887761432967,0.2193518458608552,0,139,139
oasis,8,heat_raw18,selected_robust,4,3,0.0986142184421892,0.01006343416545071,0.0986142184421892,0.11756282640664881,0.1646599235151569,0.2568652016052639,0,139,139
oasis,8,heat_raw18,selected_robust,5,1,0.1007999670702869,0.010656039968048031,0.1007999670702869,0.13798010590965779,0.19548404366053576,0.2518339621286857,0,139,139
oasis,8,heat_raw18,selected_robust,5,2,0.09153570340560141,0.008640821445192006,0.09153570340560141,0.12344636157527034,0.15427350734111844,0.1879915057537872,0,139,139
oasis,8,heat_raw18,selected_robust,5,3,0.1001036939940335,0.01055238366799724,0.1001036939940335,0.12949442958083698,0.1760406597391095,0.3121699770063106,0,139,139
oasis,8,heat_raw18,selected_sources_ordinary,1,1,0.09812304744375358,0.01039163613259978,0.09812304744375358,0.12807240739409012,0.22975393489458276,0.2936677834793079,0,139,139
oasis,8,heat_raw18,selected_sources_ordinary,1,2,0.09822401190489533,0.010240840607539258,0.09822401190489533,0.11615670217656843,0.22678296009979185,0.2659062744661952,0,139,139
oasis,8,heat_raw18,selected_sources_ordinary,1,3,0.10147720946076376,0.011137930819980078,0.10147720946076376,0.12047298912995928,0.25708056301417137,0.3160785085300952,0,139,139
oasis,8,heat_raw18,selected_sources_ordinary,2,1,0.0964472493546864,0.009794057925385253,0.0964472493546864,0.12372647910714349,0.19066469339028957,0.2362937416203607,0,139,139
oasis,8,heat_raw18,selected_sources_ordinary,2,2,0.10097291919791236,0.011012633953408738,0.10097291919791236,0.12003514572004431,0.19850119385131654,0.3817562438433071,0,139,139
oasis,8,heat_raw18,selected_sources_ordinary,2,3,0.1013348408930927,0.010672461953814539,0.1013348408930927,0.12866963069011844,0.20164125524042426,0.2304301610101689,0,139,139
oasis,8,heat_raw18,selected_sources_ordinary,3,1,0.09577291168656349,0.009471216107375951,0.09577291168656349,0.11727256910654205,0.1870838400769143,0.1978009763590326,0,139,139
oasis,8,heat_raw18,selected_sources_ordinary,3,2,0.09253137025030958,0.008855852012657404,0.09253137025030958,0.10752907493132192,0.1651339830600178,0.2309424273604436,0,139,139
oasis,8,heat_raw18,selected_sources_ordinary,3,3,0.10208331348456622,0.010784602603305509,0.10208331348456622,0.12009486547252754,0.20652981462807438,0.2158187254881749,0,139,139
oasis,8,heat_raw18,selected_sources_ordinary,4,1,0.09758591780231794,0.009905997096287464,0.09758591780231794,0.11988572707902413,0.16535541496175132,0.2686832128551526,0,139,139
oasis,8,heat_raw18,selected_sources_ordinary,4,2,0.09203897601750684,0.008796091434796656,0.09203897601750684,0.10979198780649774,0.1568707106337361,0.2522497000163171,0,139,139
oasis,8,heat_raw18,selected_sources_ordinary,4,3,0.0998773875360889,0.010565593750123357,0.0998773875360889,0.11914214871418169,0.1948857580873255,0.3229536057432207,0,139,139
oasis,8,heat_raw18,selected_sources_ordinary,5,1,0.10409040127611018,0.011547178136255597,0.10409040127611018,0.14222630378320633,0.21011623351415018,0.3162864721213375,0,139,139
oasis,8,heat_raw18,selected_sources_ordinary,5,2,0.09364954673152616,0.009092257370719531,0.09364954673152616,0.12375805344094228,0.16659235791102883,0.2092365910960767,0,139,139
oasis,8,heat_raw18,selected_sources_ordinary,5,3,0.1018110580508028,0.011529942195250328,0.1018110580508028,0.13162698101769849,0.18805552982720183,0.4599404648790111,0,139,139
oasis,8,heat_raw18,spatial_robust,1,1,0.10108647402183037,0.010644164664947855,0.10108647402183037,0.12357135652051254,0.19611690135498072,0.2385964671051254,0,139,139
oasis,8,heat_raw18,spatial_robust,1,2,0.09920285211717945,0.010247890257121074,0.09920285211717945,0.11877872819619144,0.19673550449203883,0.2423038987512748,0,139,139
oasis,8,heat_raw18,spatial_robust,1,3,0.10109893901973097,0.010772744169385118,0.10109893901973097,0.12014993694555426,0.21767938363166317,0.2707488334786926,0,139,139
oasis,8,heat_raw18,spatial_robust,2,1,0.10040864893638045,0.010496441047393659,0.10040864893638045,0.12450884863795106,0.19047183478816085,0.2466925847966846,0,139,139
oasis,8,heat_raw18,spatial_robust,2,2,0.09801639061220462,0.010010158093596342,0.09801639061220462,0.12428116151924926,0.19371158845762906,0.2120622464711501,0,139,139
oasis,8,heat_raw18,spatial_robust,2,3,0.10099829905717227,0.010499007128390277,0.10099829905717227,0.12410621998346505,0.17467143092040885,0.2201738566095006,0,139,139
oasis,8,heat_raw18,spatial_robust,3,1,0.10019795401966013,0.010356525532200588,0.10019795401966013,0.11834865556702948,0.18421309510859618,0.2092192478449337,0,139,139
oasis,8,heat_raw18,spatial_robust,3,2,0.09835614629967349,0.009971606249315682,0.09835614629967349,0.11768892761203023,0.19041747155574357,0.1932511159142174,0,139,139
oasis,8,heat_raw18,spatial_robust,3,3,0.1022097395440365,0.010699875267923951,0.1022097395440365,0.1250638943465122,0.17622120259681034,0.1931651036986278,0,139,139
oasis,8,heat_raw18,spatial_robust,4,1,0.09939709831681935,0.010257956600444604,0.09939709831681935,0.12196508543179826,0.18319070631587053,0.2471420627686739,0,139,139
oasis,8,heat_raw18,spatial_robust,4,2,0.09733117081465807,0.009846758133361652,0.09733117081465807,0.11841520760113332,0.18203656708730834,0.2483599812653135,0,139,139
oasis,8,heat_raw18,spatial_robust,4,3,0.10103891812313803,0.010523654806596498,0.10103891812313803,0.11604106911168159,0.15279159154455102,0.2619672319755505,0,139,139
oasis,8,heat_raw18,spatial_robust,5,1,0.1002095665719418,0.010435088074712624,0.1002095665719418,0.13362998874336887,0.18382616365345658,0.2207668553437804,0,139,139
oasis,8,heat_raw18,spatial_robust,5,2,0.09839272887971316,0.010070880099494129,0.09839272887971316,0.12896582228841236,0.18586194033295061,0.2177916548881048,0,139,139
oasis,8,heat_raw18,spatial_robust,5,3,0.0999819416969081,0.01025261458815878,0.0999819416969081,0.13213519672959623,0.17117739135222004,0.1895732397412624,0,139,139
oasis,8,heat_raw18,template_random_bounded_residual,1,1,0.044003391503661476,0.002201007023675028,0.044003391503661476,0.07217652275445827,0.11470660582389405,0.1460786522447511,0,139,139
oasis,8,heat_raw18,template_random_bounded_residual,1,2,0.03776228178332855,0.0016754471746555667,0.03776228178332855,0.06716989523676803,0.08090495013201399,0.1496427807064677,0,139,139
oasis,8,heat_raw18,template_random_bounded_residual,1,3,0.04337946824770171,0.0021880954897677833,0.04337946824770171,0.08021516338843629,0.10338217462800373,0.1269205810878993,0,139,139
oasis,8,heat_raw18,template_random_bounded_residual,2,1,0.04067272063008571,0.0017600556162901547,0.04067272063008571,0.05863663592440567,0.06916620739175997,0.0834050908338855,0,139,139
oasis,8,heat_raw18,template_random_bounded_residual,2,2,0.042081932573875935,0.0019729404354968554,0.042081932573875935,0.06381643758180149,0.08032988410832252,0.1558556085792607,0,139,139
oasis,8,heat_raw18,template_random_bounded_residual,2,3,0.042348750589335925,0.001999317306771024,0.042348750589335925,0.07113804051663697,0.08906893065182851,0.0983331342342675,0,139,139
oasis,8,heat_raw18,template_random_bounded_residual,3,1,0.03802933810351924,0.0016397886756879627,0.03802933810351924,0.0665888708900525,0.08147321787694102,0.0931854440728761,0,139,139
oasis,8,heat_raw18,template_random_bounded_residual,3,2,0.037369342947056725,0.0015540040354343626,0.037369342947056725,0.06226111807261847,0.0799779990680149,0.0931022861699775,0,139,139
oasis,8,heat_raw18,template_random_bounded_residual,3,3,0.04030075707024494,0.0018523458731179894,0.04030075707024494,0.0680462641663003,0.09535827289501572,0.1056179770312562,0,139,139
oasis,8,heat_raw18,template_random_bounded_residual,4,1,0.038592957211937555,0.0016758129330704877,0.038592957211937555,0.06488350715665446,0.08860327590020334,0.1077688885678971,0,139,139
oasis,8,heat_raw18,template_random_bounded_residual,4,2,0.037078458759036294,0.0015174277168960469,0.037078458759036294,0.05993108269857244,0.0765279430453655,0.1003113396969792,0,139,139
oasis,8,heat_raw18,template_random_bounded_residual,4,3,0.03808229942643564,0.0016508808818704336,0.03808229942643564,0.06275372114718204,0.08216529949139494,0.1188919048523491,0,139,139
oasis,8,heat_raw18,template_random_bounded_residual,5,1,0.0412213021692467,0.0018655472865282022,0.0412213021692467,0.06908459820720235,0.07865148939630466,0.0877489841655479,0,139,139
oasis,8,heat_raw18,template_random_bounded_residual,5,2,0.03905152543968993,0.0016871005973871215,0.03905152543968993,0.06610907459659329,0.07574416593993577,0.0860337287445424,0,139,139
oasis,8,heat_raw18,template_random_bounded_residual,5,3,0.042976793293393434,0.002071506333772904,0.042976793293393434,0.07460650509310814,0.09138508698492925,0.094069168720058,0,139,139
oasis,8,heat_raw18,template_random_projection,1,1,0.045335442375794524,0.002368048486238408,0.045335442375794524,0.07328180386597408,0.12827641873519444,0.1609625388809216,0,139,139
oasis,8,heat_raw18,template_random_projection,1,2,0.03998450369174168,0.0019067369185696288,0.03998450369174168,0.07082685815504008,0.09264989665239831,0.1734053915160172,0,139,139
oasis,8,heat_raw18,template_random_projection,1,3,0.044435750200418164,0.0022865620743042197,0.044435750200418164,0.08497972911190452,0.1027239057315926,0.1353116740308254,0,139,139
oasis,8,heat_raw18,template_random_projection,2,1,0.04231367889300104,0.0019028224644619372,0.04231367889300104,0.06230856043399289,0.07357549242765524,0.0848952418494369,0,139,139
oasis,8,heat_raw18,template_random_projection,2,2,0.043934297149215824,0.0021426374328459654,0.043934297149215824,0.06725628513429825,0.0815895905617734,0.1591863160376307,0,139,139
oasis,8,heat_raw18,template_random_projection,2,3,0.04390583175369087,0.002145367226599033,0.04390583175369087,0.06992168965996891,0.09494712091167981,0.1101588505415721,0,139,139
oasis,8,heat_raw18,template_random_projection,3,1,0.039236921731708,0.00173164732714026,0.039236921731708,0.06923500360174638,0.08055767782344785,0.0925955682031097,0,139,139
oasis,8,heat_raw18,template_random_projection,3,2,0.039124456866070294,0.00172268299469608,0.039124456866070294,0.06368831853463981,0.08860593382864818,0.1107061030828993,0,139,139
oasis,8,heat_raw18,template_random_projection,3,3,0.04158491223631294,0.001964653607738637,0.04158491223631294,0.07114516773161222,0.09440626450441726,0.1065539368079481,0,139,139
oasis,8,heat_raw18,template_random_projection,4,1,0.04028290506364472,0.0018442904347425188,0.04028290506364472,0.06616506251901207,0.09196991757236003,0.1299645067803908,0,139,139
oasis,8,heat_raw18,template_random_projection,4,2,0.039013150840995284,0.0016967958131801617,0.039013150840995284,0.06387559367730579,0.0934008226271549,0.1049240910588563,0,139,139
oasis,8,heat_raw18,template_random_projection,4,3,0.03942953078657015,0.0017632166195821397,0.03942953078657015,0.06345200544404217,0.08857080671641165,0.1210029210652799,0,139,139
oasis,8,heat_raw18,template_random_projection,5,1,0.04316732087075853,0.002052073870234036,0.04316732087075853,0.07251857423292336,0.08572313107725513,0.0969411525754727,0,139,139
oasis,8,heat_raw18,template_random_projection,5,2,0.04082049698738258,0.0018515456907063662,0.04082049698738258,0.06861799150739391,0.08413215237104943,0.0979313584954951,0,139,139
oasis,8,heat_raw18,template_random_projection,5,3,0.04445480011058784,0.0022102449837417587,0.04445480011058784,0.07706209484670763,0.09395149760041643,0.0957861487527446,0,139,139
oasis,8,heat_raw18,template_random_robust,1,1,0.044003391503661476,0.002201007023675028,0.044003391503661476,0.07217652275445827,0.11470660582389405,0.1460786522447511,0,139,139
oasis,8,heat_raw18,template_random_robust,1,2,0.03776228178332855,0.0016754471746555667,0.03776228178332855,0.06716989523676803,0.08090495013201399,0.1496427807064677,0,139,139
oasis,8,heat_raw18,template_random_robust,1,3,0.04337946824770171,0.0021880954897677833,0.04337946824770171,0.08021516338843629,0.10338217462800373,0.1269205810878993,0,139,139
oasis,8,heat_raw18,template_random_robust,2,1,0.04067272063008571,0.0017600556162901547,0.04067272063008571,0.05863663592440567,0.06916620739175997,0.0834050908338855,0,139,139
oasis,8,heat_raw18,template_random_robust,2,2,0.042081932573875935,0.0019729404354968554,0.042081932573875935,0.06381643758180149,0.08032988410832252,0.1558556085792607,0,139,139
oasis,8,heat_raw18,template_random_robust,2,3,0.042348750589335925,0.001999317306771024,0.042348750589335925,0.07113804051663697,0.08906893065182851,0.0983331342342675,0,139,139
oasis,8,heat_raw18,template_random_robust,3,1,0.03802933810351924,0.0016397886756879627,0.03802933810351924,0.0665888708900525,0.08147321787694102,0.0931854440728761,0,139,139
oasis,8,heat_raw18,template_random_robust,3,2,0.037369342947056725,0.0015540040354343626,0.037369342947056725,0.06226111807261847,0.0799779990680149,0.0931022861699775,0,139,139
oasis,8,heat_raw18,template_random_robust,3,3,0.04030075707024494,0.0018523458731179894,0.04030075707024494,0.0680462641663003,0.09535827289501572,0.1056179770312562,0,139,139
oasis,8,heat_raw18,template_random_robust,4,1,0.038592957211937555,0.0016758129330704877,0.038592957211937555,0.06488350715665446,0.08860327590020334,0.1077688885678971,0,139,139
oasis,8,heat_raw18,template_random_robust,4,2,0.037078458759036294,0.0015174277168960469,0.037078458759036294,0.05993108269857244,0.0765279430453655,0.1003113396969792,0,139,139
oasis,8,heat_raw18,template_random_robust,4,3,0.03808229942643564,0.0016508808818704336,0.03808229942643564,0.06275372114718204,0.08216529949139494,0.1188919048523491,0,139,139
oasis,8,heat_raw18,template_random_robust,5,1,0.0412213021692467,0.0018655472865282022,0.0412213021692467,0.06908459820720235,0.07865148939630466,0.0877489841655479,0,139,139
oasis,8,heat_raw18,template_random_robust,5,2,0.03905152543968993,0.0016871005973871215,0.03905152543968993,0.06610907459659329,0.07574416593993577,0.0860337287445424,0,139,139
oasis,8,heat_raw18,template_random_robust,5,3,0.042976793293393434,0.002071506333772904,0.042976793293393434,0.07460650509310814,0.09138508698492925,0.094069168720058,0,139,139
oasis,8,heat_raw18,template_selected_bounded_residual,1,1,0.03837204153049784,0.001655236963797172,0.03837204153049784,0.05970811895821509,0.07991512305999443,0.1344569726729904,0,139,139
oasis,8,heat_raw18,template_selected_bounded_residual,1,2,0.034300459859448296,0.0013316665324361878,0.034300459859448296,0.05530844035287273,0.08582949110606153,0.1123876393401874,0,139,139
oasis,8,heat_raw18,template_selected_bounded_residual,1,3,0.03896544666382845,0.001759293754648108,0.03896544666382845,0.06612066683836676,0.09131763635654622,0.1559892526184928,0,139,139
oasis,8,heat_raw18,template_selected_bounded_residual,2,1,0.0369156346531451,0.0015425912725167612,0.0369156346531451,0.05721748934204097,0.08218222010941167,0.1266959407679036,0,139,139
oasis,8,heat_raw18,template_selected_bounded_residual,2,2,0.03645040470192752,0.0014505281347791331,0.03645040470192752,0.05207345741021395,0.07472676123185892,0.0966824509089084,0,139,139
oasis,8,heat_raw18,template_selected_bounded_residual,2,3,0.03834253462811086,0.0015889564174949885,0.03834253462811086,0.0569034526640173,0.07668839817803377,0.0791025401631956,0,139,139
oasis,8,heat_raw18,template_selected_bounded_residual,3,1,0.03957142546249697,0.0017737027783587835,0.03957142546249697,0.06738989908803228,0.08710418862895829,0.1180402512556431,0,139,139
oasis,8,heat_raw18,template_selected_bounded_residual,3,2,0.03315707587044588,0.001253243217653925,0.03315707587044588,0.0575605563708407,0.07647635373014153,0.085673943947338,0,139,139
oasis,8,heat_raw18,template_selected_bounded_residual,3,3,0.0363186218423365,0.0015438703832300912,0.0363186218423365,0.06658718343991835,0.0810753628655765,0.1060522765144188,0,139,139
oasis,8,heat_raw18,template_selected_bounded_residual,4,1,0.038592957211937555,0.0016758129330704877,0.038592957211937555,0.06488350715665446,0.08860327590020334,0.1077688885678971,0,139,139
oasis,8,heat_raw18,template_selected_bounded_residual,4,2,0.03191641022595113,0.0011290901573496855,0.03191641022595113,0.0514067591304397,0.0677992843925399,0.0843694021592849,0,139,139
oasis,8,heat_raw18,template_selected_bounded_residual,4,3,0.03767801402022977,0.001572741219576515,0.03767801402022977,0.05770414148591062,0.08839327626413893,0.103611885463369,0,139,139
oasis,8,heat_raw18,template_selected_bounded_residual,5,1,0.0412213021692467,0.0018655472865282022,0.0412213021692467,0.06908459820720235,0.07865148939630466,0.0877489841655479,0,139,139
oasis,8,heat_raw18,template_selected_bounded_residual,5,2,0.03302887369873464,0.0012183739087384675,0.03302887369873464,0.055637508664628826,0.06965684159938318,0.0719236198289711,0,139,139
oasis,8,heat_raw18,template_selected_bounded_residual,5,3,0.03881732785987092,0.0016572875461423624,0.03881732785987092,0.06619352715042705,0.07566149882720452,0.0788187444835164,0,139,139
oasis,8,heat_raw18,template_selected_projection,1,1,0.039961155805169644,0.0017841052450540604,0.039961155805169644,0.0653752453986453,0.08080814072695958,0.1385748873986085,0,139,139
oasis,8,heat_raw18,template_selected_projection,1,2,0.03595974785816433,0.0014922034977260475,0.03595974785816433,0.057571656228300454,0.09869714739546853,0.1321892025791388,0,139,139
oasis,8,heat_raw18,template_selected_projection,1,3,0.0405835418758299,0.0018959319824994904,0.0405835418758299,0.06753115835499553,0.09386988244652462,0.1530040390255805,0,139,139
oasis,8,heat_raw18,template_selected_projection,2,1,0.038610264041680976,0.0016837743633286097,0.038610264041680976,0.06020035032493793,0.08573518815060414,0.1304988435593047,0,139,139
oasis,8,heat_raw18,template_selected_projection,2,2,0.03739506640498475,0.001532489563843703,0.03739506640498475,0.05361506837160186,0.07735829391302852,0.1071222688966763,0,139,139
oasis,8,heat_raw18,template_selected_projection,2,3,0.03988157449261057,0.0017194518848802742,0.03988157449261057,0.05973706238794199,0.08124008196880167,0.0840910934812157,0,139,139
oasis,8,heat_raw18,template_selected_projection,3,1,0.04112682102379434,0.0019113461825839971,0.04112682102379434,0.06958585779316999,0.08832745064900933,0.1277742267789995,0,139,139
oasis,8,heat_raw18,template_selected_projection,3,2,0.03492677001062342,0.0013875452208238293,0.03492677001062342,0.06103781224479329,0.08432447686316774,0.0897965502502669,0,139,139
oasis,8,heat_raw18,template_selected_projection,3,3,0.03790315295853274,0.0016634836552555533,0.03790315295853274,0.07139910460589068,0.08141516914905425,0.1102359564907375,0,139,139
oasis,8,heat_raw18,template_selected_projection,4,1,0.04028290506364472,0.0018442904347425188,0.04028290506364472,0.06616506251901207,0.09196991757236003,0.1299645067803908,0,139,139
oasis,8,heat_raw18,template_selected_projection,4,2,0.03379983513159982,0.0012747775442453202,0.03379983513159982,0.05773443105504364,0.07703112597545635,0.0927134065452909,0,139,139
oasis,8,heat_raw18,template_selected_projection,4,3,0.03908986072110777,0.0016975196329631435,0.03908986072110777,0.06219917697084119,0.09284267546951955,0.107496750758062,0,139,139
oasis,8,heat_raw18,template_selected_projection,5,1,0.04316732087075853,0.002052073870234036,0.04316732087075853,0.07251857423292336,0.08572313107725513,0.0969411525754727,0,139,139
oasis,8,heat_raw18,template_selected_projection,5,2,0.035042921309406734,0.001368106065750634,0.035042921309406734,0.056263220266154594,0.07144736642547747,0.0866141746663486,0,139,139
oasis,8,heat_raw18,template_selected_projection,5,3,0.04040039497082975,0.0017988795792893242,0.04040039497082975,0.06869948909592008,0.0797055677099496,0.0829075808519549,0,139,139
oasis,8,heat_raw18,template_selected_robust,1,1,0.03837204153049784,0.001655236963797172,0.03837204153049784,0.05970811895821509,0.07991512305999443,0.1344569726729904,0,139,139
oasis,8,heat_raw18,template_selected_robust,1,2,0.034300459859448296,0.0013316665324361878,0.034300459859448296,0.05530844035287273,0.08582949110606153,0.1123876393401874,0,139,139
oasis,8,heat_raw18,template_selected_robust,1,3,0.03896544666382845,0.001759293754648108,0.03896544666382845,0.06612066683836676,0.09131763635654622,0.1559892526184928,0,139,139
oasis,8,heat_raw18,template_selected_robust,2,1,0.0369156346531451,0.0015425912725167612,0.0369156346531451,0.05721748934204097,0.08218222010941167,0.1266959407679036,0,139,139
oasis,8,heat_raw18,template_selected_robust,2,2,0.03739506640498475,0.001532489563843703,0.03739506640498475,0.05361506837160186,0.07735829391302852,0.1071222688966763,0,139,139
oasis,8,heat_raw18,template_selected_robust,2,3,0.03834253462811086,0.0015889564174949885,0.03834253462811086,0.0569034526640173,0.07668839817803377,0.0791025401631956,0,139,139
oasis,8,heat_raw18,template_selected_robust,3,1,0.03957142546249697,0.0017737027783587835,0.03957142546249697,0.06738989908803228,0.08710418862895829,0.1180402512556431,0,139,139
oasis,8,heat_raw18,template_selected_robust,3,2,0.03315707587044588,0.001253243217653925,0.03315707587044588,0.0575605563708407,0.07647635373014153,0.085673943947338,0,139,139
oasis,8,heat_raw18,template_selected_robust,3,3,0.0363186218423365,0.0015438703832300912,0.0363186218423365,0.06658718343991835,0.0810753628655765,0.1060522765144188,0,139,139
oasis,8,heat_raw18,template_selected_robust,4,1,0.038592957211937555,0.0016758129330704877,0.038592957211937555,0.06488350715665446,0.08860327590020334,0.1077688885678971,0,139,139
oasis,8,heat_raw18,template_selected_robust,4,2,0.03191641022595113,0.0011290901573496855,0.03191641022595113,0.0514067591304397,0.0677992843925399,0.0843694021592849,0,139,139
oasis,8,heat_raw18,template_selected_robust,4,3,0.03767801402022977,0.001572741219576515,0.03767801402022977,0.05770414148591062,0.08839327626413893,0.103611885463369,0,139,139
oasis,8,heat_raw18,template_selected_robust,5,1,0.0412213021692467,0.0018655472865282022,0.0412213021692467,0.06908459820720235,0.07865148939630466,0.0877489841655479,0,139,139
oasis,8,heat_raw18,template_selected_robust,5,2,0.03302887369873464,0.0012183739087384675,0.03302887369873464,0.055637508664628826,0.06965684159938318,0.0719236198289711,0,139,139
oasis,8,heat_raw18,template_selected_robust,5,3,0.03881732785987092,0.0016572875461423624,0.03881732785987092,0.06619352715042705,0.07566149882720452,0.0788187444835164,0,139,139
oasis,8,qsf,atlas_random_aligned,1,1,0.026851077305594596,0.0008333138690184208,0.026851077305594596,0.03553294743446522,0.07762847184334225,0.1104039286132078,0,139,139
oasis,8,qsf,atlas_random_aligned,1,2,0.02439798019976364,0.0006517904719192057,0.02439798019976364,0.035655200350622654,0.05320624322260922,0.0805268522065625,0,139,139
oasis,8,qsf,atlas_random_aligned,1,3,0.02689616188028387,0.0007788340867329784,0.02689616188028387,0.03841167956729547,0.06396251453700762,0.0728980506123042,0,139,139
oasis,8,qsf,atlas_random_aligned,2,1,0.026393366579583313,0.0007350074460054791,0.026393366579583313,0.03630777537427131,0.051898347282816074,0.0568440218060804,0,139,139
oasis,8,qsf,atlas_random_aligned,2,2,0.02549211135570515,0.0006894382735969086,0.02549211135570515,0.035940545943387074,0.047593921760146624,0.0559225121274613,0,139,139
oasis,8,qsf,atlas_random_aligned,2,3,0.028089401160157144,0.0008408644609586538,0.028089401160157144,0.041705845891588524,0.05401986767033436,0.0549049129404817,0,139,139
oasis,8,qsf,atlas_random_aligned,3,1,0.024637986238792875,0.00063704916193251,0.024637986238792875,0.031560999089987433,0.04692124687217259,0.0552182226783314,0,139,139
oasis,8,qsf,atlas_random_aligned,3,2,0.023585990117589807,0.000577837940920721,0.023585990117589807,0.031171004305119373,0.037925807539387936,0.0470295592905317,0,139,139
oasis,8,qsf,atlas_random_aligned,3,3,0.02594639220429382,0.0007057953224602482,0.02594639220429382,0.03547693865731784,0.04512850787553546,0.0559974715840856,0,139,139
oasis,8,qsf,atlas_random_aligned,4,1,0.02519311260323718,0.0006858089390837152,0.02519311260323718,0.033362144537008975,0.047763851862300206,0.0841000746418034,0,139,139
oasis,8,qsf,atlas_random_aligned,4,2,0.023860442463118723,0.0006019380322795877,0.023860442463118723,0.03202469474628883,0.03958594821699694,0.0629617684122484,0,139,139
oasis,8,qsf,atlas_random_aligned,4,3,0.02542214051961889,0.0006821407614338172,0.02542214051961889,0.03493514225231083,0.040502936936120164,0.0678614520244748,0,139,139
oasis,8,qsf,atlas_random_aligned,5,1,0.02562980499987919,0.0006922716608301359,0.02562980499987919,0.03769144951557616,0.04086610511170931,0.0628351338472356,0,139,139
oasis,8,qsf,atlas_random_aligned,5,2,0.025071340966330277,0.0006616843470432058,0.025071340966330277,0.033106529159991405,0.04283729015223421,0.0546508658851117,0,139,139
oasis,8,qsf,atlas_random_aligned,5,3,0.026763930921968545,0.0007541707137238273,0.026763930921968545,0.03864566882627032,0.04743423267640457,0.0555411802829086,0,139,139
oasis,8,qsf,atlas_random_mean,1,1,0.13738900210118868,0.02140982883650365,0.13738900210118868,0.18478341861266312,0.36456627439512634,0.3836173298436859,0,139,139
oasis,8,qsf,atlas_random_mean,1,2,0.13727881644694773,0.02138825183467159,0.13727881644694773,0.18759460673418374,0.368734895575849,0.3743018720868541,0,139,139
oasis,8,qsf,atlas_random_mean,1,3,0.13903943412806524,0.021832937456548,0.13903943412806524,0.19699904098030357,0.3588275844555267,0.3754811214122378,0,139,139
oasis,8,qsf,atlas_random_mean,2,1,0.13693555489463874,0.020842967912880685,0.13693555489463874,0.1798566958500616,0.31362525572075234,0.4432654098062407,0,139,139
oasis,8,qsf,atlas_random_mean,2,2,0.13689040927802051,0.020924246538336053,0.13689040927802051,0.18351130680778382,0.31866589381172705,0.4520439834810298,0,139,139
oasis,8,qsf,atlas_random_mean,2,3,0.13785354023501215,0.02116794147676493,0.13785354023501215,0.19091247629054683,0.31092438791306204,0.4394109999429702,0,139,139
oasis,8,qsf,atlas_random_mean,3,1,0.13391619642797628,0.02001309125942919,0.13391619642797628,0.18083880013749218,0.31250534075283476,0.4433409607023069,0,139,139
oasis,8,qsf,atlas_random_mean,3,2,0.1334711432110502,0.01998174020398534,0.1334711432110502,0.1818104402851129,0.31629127039203725,0.4519113574515719,0,139,139
oasis,8,qsf,atlas_random_mean,3,3,0.13580162242122784,0.020578430414160426,0.13580162242122784,0.1951617083635982,0.3081464655900118,0.4393632425379693,0,139,139
oasis,8,qsf,atlas_random_mean,4,1,0.13558225884294461,0.020134298648463247,0.13558225884294461,0.2008489173010991,0.3028958208398889,0.3595446954336959,0,139,139
oasis,8,qsf,atlas_random_mean,4,2,0.13522465487977828,0.020109982565534514,0.13522465487977828,0.20065337126468027,0.3056558056571383,0.3650004752232471,0,139,139
oasis,8,qsf,atlas_random_mean,4,3,0.13704322826429036,0.02057534552927918,0.13704322826429036,0.20628766182654837,0.2962380242987523,0.358787796336711,0,139,139
oasis,8,qsf,atlas_random_mean,5,1,0.1347143505163465,0.019946556261100507,0.1347143505163465,0.18153280275771458,0.2719429316233429,0.443780504356907,0,139,139
oasis,8,qsf,atlas_random_mean,5,2,0.1341768562326266,0.019879958975019818,0.1341768562326266,0.18014134254970993,0.27816070630655937,0.4524658031541464,0,139,139
oasis,8,qsf,atlas_random_mean,5,3,0.13614764567938262,0.020440180520362644,0.13614764567938262,0.19503062928443168,0.27925921364740164,0.4400289128220818,0,139,139
oasis,8,qsf,atlas_selected_aligned,1,1,0.02590419513722037,0.0007295727911772431,0.02590419513722037,0.04012528742942905,0.06131672495176841,0.06861772644893,0,139,139
oasis,8,qsf,atlas_selected_aligned,1,2,0.024129458072456922,0.000624210620279813,0.024129458072456922,0.03600113668850791,0.04947050901018168,0.0623208557053135,0,139,139
oasis,8,qsf,atlas_selected_aligned,1,3,0.02632711641003208,0.0007543827710632626,0.02632711641003208,0.037641444343147853,0.0671398941879161,0.0756051339327789,0,139,139
oasis,8,qsf,atlas_selected_aligned,2,1,0.025351370871930238,0.0006759962386066828,0.025351370871930238,0.03437682464342871,0.04964275684124417,0.0554079361412075,0,139,139
oasis,8,qsf,atlas_selected_aligned,2,2,0.025163094948337544,0.0006739267622587856,0.025163094948337544,0.0375105986679733,0.04841103714317141,0.0527792448359207,0,139,139
oasis,8,qsf,atlas_selected_aligned,2,3,0.02545441312100746,0.0006806113129364835,0.02545441312100746,0.03545901246721066,0.045132361820054104,0.0583032855216926,0,139,139
oasis,8,qsf,atlas_selected_aligned,3,1,0.024719243734816636,0.0006499612131839302,0.024719243734816636,0.03173226469227465,0.05091460879818047,0.0617803139956479,0,139,139
oasis,8,qsf,atlas_selected_aligned,3,2,0.021888257619405972,0.000500363986057254,0.021888257619405972,0.028664474050069166,0.03640280812783304,0.0517233607459804,0,139,139
oasis,8,qsf,atlas_selected_aligned,3,3,0.025251029718945776,0.0006794579712092617,0.025251029718945776,0.03468765504729164,0.050413930904494454,0.0704532983053338,0,139,139
oasis,8,qsf,atlas_selected_aligned,4,1,0.02521889052127262,0.0006846941992991051,0.02521889052127262,0.03483662234608971,0.050130208168335626,0.0762896991950397,0,139,139
oasis,8,qsf,atlas_selected_aligned,4,2,0.023576409383067452,0.0005900280793588985,0.023576409383067452,0.0331542288509267,0.03861430884245619,0.0657988269489303,0,139,139
oasis,8,qsf,atlas_selected_aligned,4,3,0.025183650616121718,0.0006746659538334734,0.025183650616121718,0.03356727003036728,0.04165232757467684,0.0736439071879492,0,139,139
oasis,8,qsf,atlas_selected_aligned,5,1,0.02562980499987919,0.0006922716608301359,0.02562980499987919,0.03769144951557616,0.04086610511170931,0.0628351338472356,0,139,139
oasis,8,qsf,atlas_selected_aligned,5,2,0.022883102443158585,0.0005525941624103964,0.022883102443158585,0.03211402776452779,0.043440636319724786,0.051500109617252,0,139,139
oasis,8,qsf,atlas_selected_aligned,5,3,0.025809096842360744,0.0006990751660899022,0.025809096842360744,0.03634779659422204,0.04518111361961054,0.0583456884521001,0,139,139
oasis,8,qsf,atlas_selected_mean,1,1,0.13738900210118868,0.02140982883650365,0.13738900210118868,0.18478341861266312,0.36456627439512634,0.3836173298436859,0,139,139
oasis,8,qsf,atlas_selected_mean,1,2,0.13727881644694773,0.02138825183467159,0.13727881644694773,0.18759460673418374,0.368734895575849,0.3743018720868541,0,139,139
oasis,8,qsf,atlas_selected_mean,1,3,0.13903943412806524,0.021832937456548,0.13903943412806524,0.19699904098030357,0.3588275844555267,0.3754811214122378,0,139,139
oasis,8,qsf,atlas_selected_mean,2,1,0.13693555489463874,0.020842967912880685,0.13693555489463874,0.1798566958500616,0.31362525572075234,0.4432654098062407,0,139,139
oasis,8,qsf,atlas_selected_mean,2,2,0.13689040927802051,0.020924246538336053,0.13689040927802051,0.18351130680778382,0.31866589381172705,0.4520439834810298,0,139,139
oasis,8,qsf,atlas_selected_mean,2,3,0.13785354023501215,0.02116794147676493,0.13785354023501215,0.19091247629054683,0.31092438791306204,0.4394109999429702,0,139,139
oasis,8,qsf,atlas_selected_mean,3,1,0.13391619642797628,0.02001309125942919,0.13391619642797628,0.18083880013749218,0.31250534075283476,0.4433409607023069,0,139,139
oasis,8,qsf,atlas_selected_mean,3,2,0.1334711432110502,0.01998174020398534,0.1334711432110502,0.1818104402851129,0.31629127039203725,0.4519113574515719,0,139,139
oasis,8,qsf,atlas_selected_mean,3,3,0.13580162242122784,0.020578430414160426,0.13580162242122784,0.1951617083635982,0.3081464655900118,0.4393632425379693,0,139,139
oasis,8,qsf,atlas_selected_mean,4,1,0.13558225884294461,0.020134298648463247,0.13558225884294461,0.2008489173010991,0.3028958208398889,0.3595446954336959,0,139,139
oasis,8,qsf,atlas_selected_mean,4,2,0.13522465487977828,0.020109982565534514,0.13522465487977828,0.20065337126468027,0.3056558056571383,0.3650004752232471,0,139,139
oasis,8,qsf,atlas_selected_mean,4,3,0.13704322826429036,0.02057534552927918,0.13704322826429036,0.20628766182654837,0.2962380242987523,0.358787796336711,0,139,139
oasis,8,qsf,atlas_selected_mean,5,1,0.1347143505163465,0.019946556261100507,0.1347143505163465,0.18153280275771458,0.2719429316233429,0.443780504356907,0,139,139
oasis,8,qsf,atlas_selected_mean,5,2,0.1341768562326266,0.019879958975019818,0.1341768562326266,0.18014134254970993,0.27816070630655937,0.4524658031541464,0,139,139
oasis,8,qsf,atlas_selected_mean,5,3,0.13614764567938262,0.020440180520362644,0.13614764567938262,0.19503062928443168,0.27925921364740164,0.4400289128220818,0,139,139
oasis,8,qsf,floor_random_robust,1,1,0.10190391552540295,0.01112891961361266,0.10190391552540295,0.1311477310646308,0.23006111669315488,0.305859996406726,0,139,139
oasis,8,qsf,floor_random_robust,1,2,0.09132374167170063,0.008684373397944202,0.09132374167170063,0.12857389074635125,0.15265050948619407,0.2215022435877571,0,139,139
oasis,8,qsf,floor_random_robust,1,3,0.10628086036128388,0.01210208675414788,0.10628086036128388,0.1368219667456991,0.2480211539181677,0.309437514572646,0,139,139
oasis,8,qsf,floor_random_robust,2,1,0.09609609100982819,0.00969929035100893,0.09609609100982819,0.12181307042634722,0.19103111254458893,0.2594359681997399,0,139,139
oasis,8,qsf,floor_random_robust,2,2,0.10431688795715534,0.011323550617110404,0.10431688795715534,0.14250680628623505,0.18995068476086324,0.247593185883736,0,139,139
oasis,8,qsf,floor_random_robust,2,3,0.1002196366668179,0.01060549048543049,0.1002196366668179,0.13712481952205327,0.21973793671897046,0.2558676677502043,0,139,139
oasis,8,qsf,floor_random_robust,3,1,0.09006767725847847,0.008414018480874043,0.09006767725847847,0.11319545582567765,0.15268001072149878,0.2153979185401245,0,139,139
oasis,8,qsf,floor_random_robust,3,2,0.09258238761634724,0.00890926660896103,0.09258238761634724,0.11675701889601532,0.15390698025149607,0.2399162036312173,0,139,139
oasis,8,qsf,floor_random_robust,3,3,0.0962683434627425,0.009539288894926105,0.0962683434627425,0.1250013347628192,0.13857978324704723,0.2257757521475123,0,139,139
oasis,8,qsf,floor_random_robust,4,1,0.08743925359467469,0.00806092689209279,0.08743925359467469,0.11402082202768495,0.1609334645914032,0.2497853801858597,0,139,139
oasis,8,qsf,floor_random_robust,4,2,0.09168047014626185,0.008897386517168992,0.09168047014626185,0.11621557380835018,0.13576347749293016,0.3173275085927645,0,139,139
oasis,8,qsf,floor_random_robust,4,3,0.09159263665483332,0.008754194755998883,0.09159263665483332,0.1077527298174257,0.15426954950639837,0.2659692285946237,0,139,139
oasis,8,qsf,floor_random_robust,5,1,0.08391645376049897,0.007343230357515554,0.08391645376049897,0.1182943211091357,0.15882521810641226,0.1793126591504368,0,139,139
oasis,8,qsf,floor_random_robust,5,2,0.10508433447778359,0.011425330379800747,0.10508433447778359,0.1398221943776521,0.16800619921677787,0.2315801621975072,0,139,139
oasis,8,qsf,floor_random_robust,5,3,0.10072429920834224,0.010540029142294856,0.10072429920834224,0.13397713847548456,0.17702839015632799,0.2303230510774154,0,139,139
oasis,8,qsf,ordinary_selected,1,1,0.08461748595466483,0.007776392710940162,0.08461748595466483,0.11224464735225528,0.21006398066808973,0.2653451452406887,0,139,139
oasis,8,qsf,ordinary_selected,1,2,0.08421578478746782,0.007757313259760273,0.08421578478746782,0.12337434806635167,0.179052886768595,0.3070302833126185,0,139,139
oasis,8,qsf,ordinary_selected,1,3,0.0894541491354723,0.008484514443911557,0.0894541491354723,0.11105222104455396,0.20413470585010737,0.2401973362362123,0,139,139
oasis,8,qsf,ordinary_selected,2,1,0.08559309045083736,0.008019300260779393,0.08559309045083736,0.10989926626873664,0.18965476801616182,0.3050452070705647,0,139,139
oasis,8,qsf,ordinary_selected,2,2,0.08285374011797174,0.007629345745521255,0.08285374011797174,0.10605198979095552,0.21976220884546593,0.3037259063887891,0,139,139
oasis,8,qsf,ordinary_selected,2,3,0.08760741071546028,0.008382522694584366,0.08760741071546028,0.11611709367674995,0.19672423069954478,0.3170839193830176,0,139,139
oasis,8,qsf,ordinary_selected,3,1,0.08395284504685238,0.0073934052815377216,0.08395284504685238,0.11201402645404825,0.1631261848486546,0.2185485891598138,0,139,139
oasis,8,qsf,ordinary_selected,3,2,0.08149766886651742,0.007021146337928112,0.08149766886651742,0.101900508775377,0.15974174057298302,0.243786538355347,0,139,139
oasis,8,qsf,ordinary_selected,3,3,0.0846339483804385,0.007465349430775278,0.0846339483804385,0.10844775410677786,0.1497552857795323,0.2041386044453361,0,139,139
oasis,8,qsf,ordinary_selected,4,1,0.08023099247984408,0.006659534115886111,0.08023099247984408,0.1003676208407516,0.14333017045395074,0.1848211523268424,0,139,139
oasis,8,qsf,ordinary_selected,4,2,0.07872276406687996,0.00658584106869144,0.07872276406687996,0.10601160840275436,0.13302135973210594,0.2640906066189531,0,139,139
oasis,8,qsf,ordinary_selected,4,3,0.08702597152423773,0.007930522808968998,0.08702597152423773,0.11068182502695134,0.15312829098465244,0.2413151071858564,0,139,139
oasis,8,qsf,ordinary_selected,5,1,0.08194903191627141,0.007087536525501668,0.08194903191627141,0.1178037384453591,0.16567796736331492,0.1812167362136962,0,139,139
oasis,8,qsf,ordinary_selected,5,2,0.08096954495375595,0.007016443585137542,0.08096954495375595,0.11197188587869165,0.16970635151830132,0.2547320144448753,0,139,139
oasis,8,qsf,ordinary_selected,5,3,0.08641065328459699,0.007872745689156994,0.08641065328459699,0.11110154955281096,0.18569866249205202,0.2233450834320062,0,139,139
oasis,8,qsf,random_bounded_residual,1,1,0.09837438619763902,0.010109005245045528,0.09837438619763902,0.12879186648736876,0.19016822909151868,0.2426881060809722,0,139,139
oasis,8,qsf,random_bounded_residual,1,2,0.08705159595304653,0.008030675598782634,0.08705159595304653,0.12239096753879898,0.14914877950244207,0.2665186177749309,0,139,139
oasis,8,qsf,random_bounded_residual,1,3,0.09692449482355309,0.010017621235541048,0.09692449482355309,0.13108889309097851,0.2113531989666047,0.2621106605422332,0,139,139
oasis,8,qsf,random_bounded_residual,2,1,0.09120290396513155,0.008714232580723815,0.09120290396513155,0.11404043125360339,0.19144864281402701,0.2094148130302091,0,139,139
oasis,8,qsf,random_bounded_residual,2,2,0.10057708119817539,0.010502464347908153,0.10057708119817539,0.13151231060765767,0.18168812656407682,0.2241615722737365,0,139,139
oasis,8,qsf,random_bounded_residual,2,3,0.09476315684997053,0.00938393361709564,0.09476315684997053,0.11886455515813782,0.18545526735226675,0.2241578483969257,0,139,139
oasis,8,qsf,random_bounded_residual,3,1,0.08690442539123983,0.007798013086256984,0.08690442539123983,0.1088531085307198,0.14606429308326177,0.189328682523719,0,139,139
oasis,8,qsf,random_bounded_residual,3,2,0.08806397821761697,0.00807035265984019,0.08806397821761697,0.11891333682922986,0.14953769782868193,0.2113652363418908,0,139,139
oasis,8,qsf,random_bounded_residual,3,3,0.0908717864215802,0.008539484892699968,0.0908717864215802,0.12163063055427255,0.14497408988927207,0.2083059670989,0,139,139
oasis,8,qsf,random_bounded_residual,4,1,0.08206424066911955,0.007174939412199842,0.08206424066911955,0.10770951211811289,0.15554839910475693,0.2493138334419226,0,139,139
oasis,8,qsf,random_bounded_residual,4,2,0.08560131769213618,0.007697153348979069,0.08560131769213618,0.10746474501065441,0.14726163759047825,0.2548378951301809,0,139,139
oasis,8,qsf,random_bounded_residual,4,3,0.08941686263011454,0.008274498607000453,0.08941686263011454,0.1062767464076863,0.1383818008862286,0.2341862604141494,0,139,139
oasis,8,qsf,random_bounded_residual,5,1,0.08015781806999528,0.006733303917043186,0.08015781806999528,0.11768699160683561,0.15339492534126886,0.1595229343417736,0,139,139
oasis,8,qsf,random_bounded_residual,5,2,0.10157764086457023,0.010701435081624465,0.10157764086457023,0.13620547646392853,0.18159000483478457,0.2016615503087435,0,139,139
oasis,8,qsf,random_bounded_residual,5,3,0.09753051866776848,0.00987745200042373,0.09753051866776848,0.13139150055288218,0.1704093489968962,0.2108488432449591,0,139,139
oasis,8,qsf,random_ordinary,1,1,0.10034613515484404,0.010635404666302316,0.10034613515484404,0.13706028194937406,0.21391284752265555,0.2556190208539936,0,139,139
oasis,8,qsf,random_ordinary,1,2,0.08861413182979476,0.008450663080051112,0.08861413182979476,0.12381576762924465,0.16979988841751484,0.2962151705558588,0,139,139
oasis,8,qsf,random_ordinary,1,3,0.09754037653496175,0.010244376316231223,0.09754037653496175,0.1294480590653118,0.21828192189159054,0.2944696648983705,0,139,139
oasis,8,qsf,random_ordinary,2,1,0.09336382320804984,0.009652986645305317,0.09336382320804984,0.11607377321204372,0.20870931047607866,0.3741822897196912,0,139,139
oasis,8,qsf,random_ordinary,2,2,0.10118306248027091,0.010627395290086716,0.10118306248027091,0.13462513234971346,0.18127530734734404,0.225631883021034,0,139,139
oasis,8,qsf,random_ordinary,2,3,0.09585322099761259,0.009652965559263722,0.09585322099761259,0.12842988094086158,0.20214547996712545,0.2259599739867604,0,139,139
oasis,8,qsf,random_ordinary,3,1,0.08744089488422158,0.007904297809049408,0.08744089488422158,0.10832326414525952,0.14789738273800768,0.1973000421542819,0,139,139
oasis,8,qsf,random_ordinary,3,2,0.08902161394721815,0.00830863054868303,0.08902161394721815,0.12270327001605034,0.15285153793067108,0.2376827854887012,0,139,139
oasis,8,qsf,random_ordinary,3,3,0.09214553256388451,0.008881610837277301,0.09214553256388451,0.12560778766248556,0.16426209461954763,0.2447564756915678,0,139,139
oasis,8,qsf,random_ordinary,4,1,0.08300425078363184,0.0073599121246326685,0.08300425078363184,0.1099291499918307,0.15434921932205806,0.2599041362850074,0,139,139
oasis,8,qsf,random_ordinary,4,2,0.08670814052147348,0.007947706445935062,0.08670814052147348,0.10951454695491722,0.14920659831071273,0.2771794451394506,0,139,139
oasis,8,qsf,random_ordinary,4,3,0.0904741268661487,0.008515097359996077,0.0904741268661487,0.1099644798579119,0.16350504208559882,0.2385636257288829,0,139,139
oasis,8,qsf,random_ordinary,5,1,0.08194903191627141,0.007087536525501668,0.08194903191627141,0.1178037384453591,0.16567796736331492,0.1812167362136962,0,139,139
oasis,8,qsf,random_ordinary,5,2,0.10244730231501191,0.010932540619345786,0.10244730231501191,0.13989273779116138,0.18831941206298702,0.2168647790902278,0,139,139
oasis,8,qsf,random_ordinary,5,3,0.09819684563061905,0.010048237629797114,0.09819684563061905,0.13121401530447635,0.1810508817349819,0.2250856239644926,0,139,139
oasis,8,qsf,random_projection,1,1,0.09899857128271465,0.01031258258637089,0.09899857128271465,0.13643262335340506,0.20395103957826605,0.2505006050573405,0,139,139
oasis,8,qsf,random_projection,1,2,0.08861413182979476,0.008450663080051112,0.08861413182979476,0.12381576762924465,0.16979988841751484,0.2962151705558588,0,139,139
oasis,8,qsf,random_projection,1,3,0.09754037653496175,0.010244376316231223,0.09754037653496175,0.1294480590653118,0.21828192189159054,0.2944696648983705,0,139,139
oasis,8,qsf,random_projection,2,1,0.09189256415756555,0.008894345245920702,0.09189256415756555,0.11601613966158028,0.20326486087305892,0.2258399771284912,0,139,139
oasis,8,qsf,random_projection,2,2,0.10117858609638708,0.010626218786649974,0.10117858609638708,0.13462513234971346,0.18127530734734404,0.225631883021034,0,139,139
oasis,8,qsf,random_projection,2,3,0.09585322099761259,0.009652965559263722,0.09585322099761259,0.12842988094086158,0.20214547996712545,0.2259599739867604,0,139,139
oasis,8,qsf,random_projection,3,1,0.08744089488422158,0.007904297809049408,0.08744089488422158,0.10832326414525952,0.14789738273800768,0.1973000421542819,0,139,139
oasis,8,qsf,random_projection,3,2,0.08900003683808744,0.00826153539096894,0.08900003683808744,0.12185373602473584,0.14968031686146085,0.2191256430235629,0,139,139
oasis,8,qsf,random_projection,3,3,0.09212679188365712,0.008872485850208526,0.09212679188365712,0.12560778766248556,0.16426209461954763,0.2421515211399617,0,139,139
oasis,8,qsf,random_projection,4,1,0.08294817224421669,0.007331408784095071,0.08294817224421669,0.1099291499918307,0.15434921932205806,0.2522381704905385,0,139,139
oasis,8,qsf,random_projection,4,2,0.08670069287569353,0.007945587251579164,0.08670069287569353,0.10951454695491722,0.14881190258730248,0.2771794451394506,0,139,139
oasis,8,qsf,random_projection,4,3,0.09036384966415163,0.008464171489226726,0.09036384966415163,0.1099644798579119,0.16350504208559882,0.223235094651291,0,139,139
oasis,8,qsf,random_projection,5,1,0.08092315540772914,0.006881243229409372,0.08092315540772914,0.11599491298420367,0.1531022664163833,0.1797397383810241,0,139,139
oasis,8,qsf,random_projection,5,2,0.10244730231501191,0.010932540619345786,0.10244730231501191,0.13989273779116138,0.18831941206298702,0.2168647790902278,0,139,139
oasis,8,qsf,random_projection,5,3,0.09819684563061905,0.010048237629797114,0.09819684563061905,0.13121401530447635,0.1810508817349819,0.2250856239644926,0,139,139
oasis,8,qsf,random_robust,1,1,0.09899857128271465,0.01031258258637089,0.09899857128271465,0.13643262335340506,0.20395103957826605,0.2505006050573405,0,139,139
oasis,8,qsf,random_robust,1,2,0.08705159595304653,0.008030675598782634,0.08705159595304653,0.12239096753879898,0.14914877950244207,0.2665186177749309,0,139,139
oasis,8,qsf,random_robust,1,3,0.09692449482355309,0.010017621235541048,0.09692449482355309,0.13108889309097851,0.2113531989666047,0.2621106605422332,0,139,139
oasis,8,qsf,random_robust,2,1,0.09120290396513155,0.008714232580723815,0.09120290396513155,0.11404043125360339,0.19144864281402701,0.2094148130302091,0,139,139
oasis,8,qsf,random_robust,2,2,0.10057708119817539,0.010502464347908153,0.10057708119817539,0.13151231060765767,0.18168812656407682,0.2241615722737365,0,139,139
oasis,8,qsf,random_robust,2,3,0.09476315684997053,0.00938393361709564,0.09476315684997053,0.11886455515813782,0.18545526735226675,0.2241578483969257,0,139,139
oasis,8,qsf,random_robust,3,1,0.08690442539123983,0.007798013086256984,0.08690442539123983,0.1088531085307198,0.14606429308326177,0.189328682523719,0,139,139
oasis,8,qsf,random_robust,3,2,0.08806397821761697,0.00807035265984019,0.08806397821761697,0.11891333682922986,0.14953769782868193,0.2113652363418908,0,139,139
oasis,8,qsf,random_robust,3,3,0.0908717864215802,0.008539484892699968,0.0908717864215802,0.12163063055427255,0.14497408988927207,0.2083059670989,0,139,139
oasis,8,qsf,random_robust,4,1,0.08206424066911955,0.007174939412199842,0.08206424066911955,0.10770951211811289,0.15554839910475693,0.2493138334419226,0,139,139
oasis,8,qsf,random_robust,4,2,0.08560131769213618,0.007697153348979069,0.08560131769213618,0.10746474501065441,0.14726163759047825,0.2548378951301809,0,139,139
oasis,8,qsf,random_robust,4,3,0.08941686263011454,0.008274498607000453,0.08941686263011454,0.1062767464076863,0.1383818008862286,0.2341862604141494,0,139,139
oasis,8,qsf,random_robust,5,1,0.08015781806999528,0.006733303917043186,0.08015781806999528,0.11768699160683561,0.15339492534126886,0.1595229343417736,0,139,139
oasis,8,qsf,random_robust,5,2,0.10157764086457023,0.010701435081624465,0.10157764086457023,0.13620547646392853,0.18159000483478457,0.2016615503087435,0,139,139
oasis,8,qsf,random_robust,5,3,0.09753051866776848,0.00987745200042373,0.09753051866776848,0.13139150055288218,0.1704093489968962,0.2108488432449591,0,139,139
oasis,8,qsf,selected_bounded_residual,1,1,0.08339340512987241,0.007340381222822285,0.08339340512987241,0.11065650997448408,0.17780775076930447,0.2099174548165537,0,139,139
oasis,8,qsf,selected_bounded_residual,1,2,0.08315075025777993,0.007478641101585772,0.08315075025777993,0.12078522044485716,0.1575662108742457,0.2947152881973259,0,139,139
oasis,8,qsf,selected_bounded_residual,1,3,0.08676447298761299,0.007999683427244294,0.08676447298761299,0.11201196770068997,0.1952755569586293,0.250805097211257,0,139,139
oasis,8,qsf,selected_bounded_residual,2,1,0.08249216203373264,0.00724343644474693,0.08249216203373264,0.10517018078392625,0.18927234326636413,0.2010494748486424,0,139,139
oasis,8,qsf,selected_bounded_residual,2,2,0.08209584850046588,0.007516894325339164,0.08209584850046588,0.1043459214746955,0.2180710877641426,0.3071063192501972,0,139,139
oasis,8,qsf,selected_bounded_residual,2,3,0.08613851902740251,0.008081844358778094,0.08613851902740251,0.11255325166970483,0.17098804440758736,0.3292593828262918,0,139,139
oasis,8,qsf,selected_bounded_residual,3,1,0.08211659571722481,0.007047290258134478,0.08211659571722481,0.1046332829189004,0.14912655484634552,0.2070698185508613,0,139,139
oasis,8,qsf,selected_bounded_residual,3,2,0.07905556765423319,0.0065764654140087545,0.07905556765423319,0.10059748633071999,0.15945396298119735,0.2184435936558269,0,139,139
oasis,8,qsf,selected_bounded_residual,3,3,0.0833739266852685,0.00718502597137481,0.0833739266852685,0.10904788091182216,0.12733616101268197,0.1864154995737585,0,139,139
oasis,8,qsf,selected_bounded_residual,4,1,0.07946113829211122,0.006531257345956665,0.07946113829211122,0.0994372321206748,0.13823340578916282,0.1906505602117825,0,139,139
oasis,8,qsf,selected_bounded_residual,4,2,0.07750060063022167,0.006303324017935368,0.07750060063022167,0.10317544085835202,0.12934474886349,0.2284124290448788,0,139,139
oasis,8,qsf,selected_bounded_residual,4,3,0.0847992006285698,0.007555800628245178,0.0847992006285698,0.1087189151469993,0.12872333710571104,0.2594377497782386,0,139,139
oasis,8,qsf,selected_bounded_residual,5,1,0.08015781806999528,0.006733303917043186,0.08015781806999528,0.11768699160683561,0.15339492534126886,0.1595229343417736,0,139,139
oasis,8,qsf,selected_bounded_residual,5,2,0.07987603409834595,0.006751229711334626,0.07987603409834595,0.108492551759108,0.15640860039543011,0.2291540827739622,0,139,139
oasis,8,qsf,selected_bounded_residual,5,3,0.08521097449662335,0.007561784912455086,0.08521097449662335,0.1108891734012991,0.16702709288403636,0.1928784597572377,0,139,139
oasis,8,qsf,selected_projection,1,1,0.08461349885369135,0.0076108549819164225,0.08461349885369135,0.11187342154846494,0.18743332628132559,0.2128581382611286,0,139,139
oasis,8,qsf,selected_projection,1,2,0.0841486994403553,0.007621823999337633,0.0841486994403553,0.12144120699090163,0.17185038047699822,0.275409071385955,0,139,139
oasis,8,qsf,selected_projection,1,3,0.08752720097646317,0.008115982237210741,0.08752720097646317,0.11360237225047137,0.20226460718435066,0.2337842066254942,0,139,139
oasis,8,qsf,selected_projection,2,1,0.08455197011312544,0.0077028424817671744,0.08455197011312544,0.10804977790720818,0.19892735470820236,0.2503115182445566,0,139,139
oasis,8,qsf,selected_projection,2,2,0.08285374011797174,0.007629345745521255,0.08285374011797174,0.10605198979095552,0.21976220884546593,0.3037259063887891,0,139,139
oasis,8,qsf,selected_projection,2,3,0.08760741071546028,0.008382522694584366,0.08760741071546028,0.11611709367674995,0.19672423069954478,0.3170839193830176,0,139,139
oasis,8,qsf,selected_projection,3,1,0.08302452312518953,0.007242254739782727,0.08302452312518953,0.10714239167665993,0.14557192431023902,0.2286745315614507,0,139,139
oasis,8,qsf,selected_projection,3,2,0.08143262204358849,0.00698442985168652,0.08143262204358849,0.10179830904923723,0.1578153209820526,0.234112234236339,0,139,139
oasis,8,qsf,selected_projection,3,3,0.0846339483804385,0.007465349430775278,0.0846339483804385,0.10844775410677786,0.1497552857795323,0.2041386044453361,0,139,139
oasis,8,qsf,selected_projection,4,1,0.08012774852426711,0.006629167491488591,0.08012774852426711,0.1002472704196689,0.14044624680674211,0.1793117638119405,0,139,139
oasis,8,qsf,selected_projection,4,2,0.07884883440768917,0.006565524698512221,0.07884883440768917,0.10585916770749518,0.13300700438010654,0.2508337976730229,0,139,139
oasis,8,qsf,selected_projection,4,3,0.08626957866975524,0.007756238847027854,0.08626957866975524,0.1095972537083577,0.1393007340326963,0.2307492452592354,0,139,139
oasis,8,qsf,selected_projection,5,1,0.08092315540772914,0.006881243229409372,0.08092315540772914,0.11599491298420367,0.1531022664163833,0.1797397383810241,0,139,139
oasis,8,qsf,selected_projection,5,2,0.08067033963245616,0.006897557344324619,0.08067033963245616,0.11196771263361263,0.1585674633148926,0.2392622038213402,0,139,139
oasis,8,qsf,selected_projection,5,3,0.08641065328459699,0.007872745689156994,0.08641065328459699,0.11110154955281096,0.18569866249205202,0.2233450834320062,0,139,139
oasis,8,qsf,selected_robust,1,1,0.08339340512987241,0.007340381222822285,0.08339340512987241,0.11065650997448408,0.17780775076930447,0.2099174548165537,0,139,139
oasis,8,qsf,selected_robust,1,2,0.08315075025777993,0.007478641101585772,0.08315075025777993,0.12078522044485716,0.1575662108742457,0.2947152881973259,0,139,139
oasis,8,qsf,selected_robust,1,3,0.08676447298761299,0.007999683427244294,0.08676447298761299,0.11201196770068997,0.1952755569586293,0.250805097211257,0,139,139
oasis,8,qsf,selected_robust,2,1,0.08249216203373264,0.00724343644474693,0.08249216203373264,0.10517018078392625,0.18927234326636413,0.2010494748486424,0,139,139
oasis,8,qsf,selected_robust,2,2,0.08209584850046588,0.007516894325339164,0.08209584850046588,0.1043459214746955,0.2180710877641426,0.3071063192501972,0,139,139
oasis,8,qsf,selected_robust,2,3,0.08613851902740251,0.008081844358778094,0.08613851902740251,0.11255325166970483,0.17098804440758736,0.3292593828262918,0,139,139
oasis,8,qsf,selected_robust,3,1,0.08211659571722481,0.007047290258134478,0.08211659571722481,0.1046332829189004,0.14912655484634552,0.2070698185508613,0,139,139
oasis,8,qsf,selected_robust,3,2,0.07905556765423319,0.0065764654140087545,0.07905556765423319,0.10059748633071999,0.15945396298119735,0.2184435936558269,0,139,139
oasis,8,qsf,selected_robust,3,3,0.0833739266852685,0.00718502597137481,0.0833739266852685,0.10904788091182216,0.12733616101268197,0.1864154995737585,0,139,139
oasis,8,qsf,selected_robust,4,1,0.07946113829211122,0.006531257345956665,0.07946113829211122,0.0994372321206748,0.13823340578916282,0.1906505602117825,0,139,139
oasis,8,qsf,selected_robust,4,2,0.07750060063022167,0.006303324017935368,0.07750060063022167,0.10317544085835202,0.12934474886349,0.2284124290448788,0,139,139
oasis,8,qsf,selected_robust,4,3,0.0847992006285698,0.007555800628245178,0.0847992006285698,0.1087189151469993,0.12872333710571104,0.2594377497782386,0,139,139
oasis,8,qsf,selected_robust,5,1,0.08015781806999528,0.006733303917043186,0.08015781806999528,0.11768699160683561,0.15339492534126886,0.1595229343417736,0,139,139
oasis,8,qsf,selected_robust,5,2,0.07987603409834595,0.006751229711334626,0.07987603409834595,0.108492551759108,0.15640860039543011,0.2291540827739622,0,139,139
oasis,8,qsf,selected_robust,5,3,0.08521097449662335,0.007561784912455086,0.08521097449662335,0.1108891734012991,0.16702709288403636,0.1928784597572377,0,139,139
oasis,8,qsf,selected_sources_ordinary,1,1,0.08587872115212164,0.00783781995456605,0.08587872115212164,0.11337636488201708,0.18839916903501716,0.2208232555156395,0,139,139
oasis,8,qsf,selected_sources_ordinary,1,2,0.08421578478746782,0.007757313259760273,0.08421578478746782,0.12337434806635167,0.179052886768595,0.3070302833126185,0,139,139
oasis,8,qsf,selected_sources_ordinary,1,3,0.0894541491354723,0.008484514443911557,0.0894541491354723,0.11105222104455396,0.20413470585010737,0.2401973362362123,0,139,139
oasis,8,qsf,selected_sources_ordinary,2,1,0.08455197011312544,0.0077028424817671744,0.08455197011312544,0.10804977790720818,0.19892735470820236,0.2503115182445566,0,139,139
oasis,8,qsf,selected_sources_ordinary,2,2,0.08285374011797174,0.007629345745521255,0.08285374011797174,0.10605198979095552,0.21976220884546593,0.3037259063887891,0,139,139
oasis,8,qsf,selected_sources_ordinary,2,3,0.08760741071546028,0.008382522694584366,0.08760741071546028,0.11611709367674995,0.19672423069954478,0.3170839193830176,0,139,139
oasis,8,qsf,selected_sources_ordinary,3,1,0.08310425335189203,0.007262310886155077,0.08310425335189203,0.10714239167665993,0.1478413774673975,0.2286745315614507,0,139,139
oasis,8,qsf,selected_sources_ordinary,3,2,0.08149766886651742,0.007021146337928112,0.08149766886651742,0.101900508775377,0.15974174057298302,0.243786538355347,0,139,139
oasis,8,qsf,selected_sources_ordinary,3,3,0.0846339483804385,0.007465349430775278,0.0846339483804385,0.10844775410677786,0.1497552857795323,0.2041386044453361,0,139,139
oasis,8,qsf,selected_sources_ordinary,4,1,0.08023099247984408,0.006659534115886111,0.08023099247984408,0.1003676208407516,0.14333017045395074,0.1848211523268424,0,139,139
oasis,8,qsf,selected_sources_ordinary,4,2,0.07872276406687996,0.00658584106869144,0.07872276406687996,0.10601160840275436,0.13302135973210594,0.2640906066189531,0,139,139
oasis,8,qsf,selected_sources_ordinary,4,3,0.08702597152423773,0.007930522808968998,0.08702597152423773,0.11068182502695134,0.15312829098465244,0.2413151071858564,0,139,139
oasis,8,qsf,selected_sources_ordinary,5,1,0.08194903191627141,0.007087536525501668,0.08194903191627141,0.1178037384453591,0.16567796736331492,0.1812167362136962,0,139,139
oasis,8,qsf,selected_sources_ordinary,5,2,0.08096954495375595,0.007016443585137542,0.08096954495375595,0.11197188587869165,0.16970635151830132,0.2547320144448753,0,139,139
oasis,8,qsf,selected_sources_ordinary,5,3,0.08641065328459699,0.007872745689156994,0.08641065328459699,0.11110154955281096,0.18569866249205202,0.2233450834320062,0,139,139
oasis,8,qsf,spatial_robust,1,1,0.084489574845008,0.007520367558932067,0.084489574845008,0.11293008536440705,0.1577436646814614,0.2302591409075792,0,139,139
oasis,8,qsf,spatial_robust,1,2,0.08119148525120654,0.0068909557918771696,0.08119148525120654,0.10496312331281646,0.1608192645075842,0.1848590876508465,0,139,139
oasis,8,qsf,spatial_robust,1,3,0.08471840401620115,0.007733232961074667,0.08471840401620115,0.11164455209350357,0.1845550961248616,0.2857184281057014,0,139,139
oasis,8,qsf,spatial_robust,2,1,0.08335064038280743,0.007361956441834767,0.08335064038280743,0.1111524547899466,0.1825716248934866,0.2290473736119655,0,139,139
oasis,8,qsf,spatial_robust,2,2,0.0798591815294398,0.006675352343088239,0.0798591815294398,0.10450964824656443,0.15583803302624674,0.175979438153126,0,139,139
oasis,8,qsf,spatial_robust,2,3,0.08493520200569252,0.007651286061170262,0.08493520200569252,0.10383126581975291,0.18881388120207793,0.2395276745401099,0,139,139
oasis,8,qsf,spatial_robust,3,1,0.08257397183637524,0.007144195501633329,0.08257397183637524,0.1116164272841685,0.14458935432793046,0.2061257298320764,0,139,139
oasis,8,qsf,spatial_robust,3,2,0.07967951571116134,0.006604838211918945,0.07967951571116134,0.108870897065913,0.15430012542014349,0.1665022445832736,0,139,139
oasis,8,qsf,spatial_robust,3,3,0.08564192001426486,0.007637318298413702,0.08564192001426486,0.1072123511383815,0.15679396355373684,0.21986297157701,0,139,139
oasis,8,qsf,spatial_robust,4,1,0.08223121474661194,0.007100644365677533,0.08223121474661194,0.10751071215372048,0.1435486522702005,0.2367318907798604,0,139,139
oasis,8,qsf,spatial_robust,4,2,0.07949487480815037,0.00653418320006647,0.07949487480815037,0.1093778521844651,0.13876999680948857,0.1799499479638574,0,139,139
oasis,8,qsf,spatial_robust,4,3,0.08332595016932365,0.007331321478661506,0.08332595016932365,0.10582532568034578,0.13610168938792247,0.2718255285854656,0,139,139
oasis,8,qsf,spatial_robust,5,1,0.08423274299096825,0.007457186585535772,0.08423274299096825,0.12178139549183199,0.15801950085465175,0.2054357174173499,0,139,139
oasis,8,qsf,spatial_robust,5,2,0.0797730833742579,0.006677367378804992,0.0797730833742579,0.11042621010134926,0.1483955219988535,0.1852269510430625,0,139,139
oasis,8,qsf,spatial_robust,5,3,0.08506862672163581,0.007597445843720108,0.08506862672163581,0.11287257445633224,0.16468195140102493,0.2328779021168506,0,139,139
oasis,8,qsf,template_random_bounded_residual,1,1,0.0384361604508856,0.0018431779726411108,0.0384361604508856,0.07215648170063726,0.10621463106764431,0.1796091264727196,0,139,139
oasis,8,qsf,template_random_bounded_residual,1,2,0.037715908819528195,0.0017787791848838874,0.037715908819528195,0.07257024895839712,0.09585531619096999,0.1731261156265196,0,139,139
oasis,8,qsf,template_random_bounded_residual,1,3,0.03991592725903588,0.0018477013157871176,0.03991592725903588,0.07556150860694744,0.09480466247557419,0.1201425419075904,0,139,139
oasis,8,qsf,template_random_bounded_residual,2,1,0.03684702538850282,0.0015008501633900658,0.03684702538850282,0.056941885250335236,0.07059961610778097,0.0843536001589399,0,139,139
oasis,8,qsf,template_random_bounded_residual,2,2,0.039562611297909125,0.001968318565767717,0.039562611297909125,0.06907045662983728,0.08625918772566182,0.2118168811132311,0,139,139
oasis,8,qsf,template_random_bounded_residual,2,3,0.03855363024089571,0.0017256881548021149,0.03855363024089571,0.06247560164443686,0.0845859618146242,0.143107154629308,0,139,139
oasis,8,qsf,template_random_bounded_residual,3,1,0.0352010747509832,0.0014157306426174467,0.0352010747509832,0.06215794259086204,0.0757198796914549,0.0842820966436215,0,139,139
oasis,8,qsf,template_random_bounded_residual,3,2,0.03574387650803598,0.0015059642046823894,0.03574387650803598,0.06817126805706412,0.08196418929741459,0.1053061441226043,0,139,139
oasis,8,qsf,template_random_bounded_residual,3,3,0.03813983332540285,0.001677879946051,0.03813983332540285,0.06645929366266781,0.09180587142434825,0.1084684091785594,0,139,139
oasis,8,qsf,template_random_bounded_residual,4,1,0.038454306270754836,0.0017445065525579092,0.038454306270754836,0.07198747233297718,0.091683189306084,0.1306721950939059,0,139,139
oasis,8,qsf,template_random_bounded_residual,4,2,0.034605985381000154,0.0014097912437888661,0.034605985381000154,0.0600638821034769,0.09807671482995771,0.106824417133619,0,139,139
oasis,8,qsf,template_random_bounded_residual,4,3,0.036264437012819825,0.0014872730395964447,0.036264437012819825,0.06062659983413831,0.0787133396088287,0.1063108417931079,0,139,139
oasis,8,qsf,template_random_bounded_residual,5,1,0.035622285043781864,0.0014247684087266123,0.035622285043781864,0.0629663335544773,0.07209229088560562,0.0773559850218379,0,139,139
oasis,8,qsf,template_random_bounded_residual,5,2,0.037261703942667236,0.0015985317654989431,0.037261703942667236,0.06799119349013714,0.08105198095828796,0.0894192141749887,0,139,139
oasis,8,qsf,template_random_bounded_residual,5,3,0.038495354578238175,0.0017221807120192266,0.038495354578238175,0.06968067514133171,0.08773477270850183,0.1006046568856201,0,139,139
oasis,8,qsf,template_random_projection,1,1,0.040043674663729406,0.0020307191010909137,0.040043674663729406,0.07444125911277812,0.1174239567445899,0.2003016545214854,0,139,139
oasis,8,qsf,template_random_projection,1,2,0.03963350938929113,0.001987301801483763,0.03963350938929113,0.0799258948773086,0.10954924675729533,0.1958036076198271,0,139,139
oasis,8,qsf,template_random_projection,1,3,0.041297180893090125,0.0019737373719627607,0.041297180893090125,0.07560141518522581,0.09434531644756942,0.1327345274151349,0,139,139
oasis,8,qsf,template_random_projection,2,1,0.03866341178552033,0.0016470739892943576,0.03866341178552033,0.06302017479460544,0.0794218199785671,0.0839915295570424,0,139,139
oasis,8,qsf,template_random_projection,2,2,0.041938807256458606,0.0021660063626597905,0.041938807256458606,0.07121969676128034,0.08830897623539932,0.211800043091646,0,139,139
oasis,8,qsf,template_random_projection,2,3,0.040516026435350835,0.001900852624306223,0.040516026435350835,0.06258638653678386,0.08835505386042179,0.1560262383086673,0,139,139
oasis,8,qsf,template_random_projection,3,1,0.036407844182507705,0.0014991892617715423,0.036407844182507705,0.06534152392796418,0.07744355298612199,0.0838531589356796,0,139,139
oasis,8,qsf,template_random_projection,3,2,0.037551006406150805,0.0016706843298110415,0.037551006406150805,0.06953956596755388,0.09636934696693472,0.1074107363734387,0,139,139
oasis,8,qsf,template_random_projection,3,3,0.039654124172850844,0.0018061899719737549,0.039654124172850844,0.07024416473092238,0.09194121395909642,0.1103220594768229,0,139,139
oasis,8,qsf,template_random_projection,4,1,0.04198746357670465,0.002022724489423949,0.04198746357670465,0.07672440262740873,0.10070563841767756,0.130827784623886,0,139,139
oasis,8,qsf,template_random_projection,4,2,0.03701232369585424,0.0016028502006742093,0.03701232369585424,0.06220149575617907,0.10045959483065475,0.1209372723789636,0,139,139
oasis,8,qsf,template_random_projection,4,3,0.037862892776867996,0.0016101767830032933,0.037862892776867996,0.06221787395559611,0.08532962380377146,0.1085438131834869,0,139,139
oasis,8,qsf,template_random_projection,5,1,0.037792665711317244,0.001592538211232308,0.037792665711317244,0.064564152180802,0.07724948942842524,0.0872740295958846,0,139,139
oasis,8,qsf,template_random_projection,5,2,0.03953047056973449,0.0018015062474293487,0.03953047056973449,0.0703097135123175,0.08895299588300244,0.1098334659133352,0,139,139
oasis,8,qsf,template_random_projection,5,3,0.04017182265893291,0.0018595523335259879,0.04017182265893291,0.0700808560474266,0.09030002110901383,0.1171345177941644,0,139,139
oasis,8,qsf,template_random_robust,1,1,0.0384361604508856,0.0018431779726411108,0.0384361604508856,0.07215648170063726,0.10621463106764431,0.1796091264727196,0,139,139
oasis,8,qsf,template_random_robust,1,2,0.037715908819528195,0.0017787791848838874,0.037715908819528195,0.07257024895839712,0.09585531619096999,0.1731261156265196,0,139,139
oasis,8,qsf,template_random_robust,1,3,0.03991592725903588,0.0018477013157871176,0.03991592725903588,0.07556150860694744,0.09480466247557419,0.1201425419075904,0,139,139
oasis,8,qsf,template_random_robust,2,1,0.03684702538850282,0.0015008501633900658,0.03684702538850282,0.056941885250335236,0.07059961610778097,0.0843536001589399,0,139,139
oasis,8,qsf,template_random_robust,2,2,0.039562611297909125,0.001968318565767717,0.039562611297909125,0.06907045662983728,0.08625918772566182,0.2118168811132311,0,139,139
oasis,8,qsf,template_random_robust,2,3,0.03855363024089571,0.0017256881548021149,0.03855363024089571,0.06247560164443686,0.0845859618146242,0.143107154629308,0,139,139
oasis,8,qsf,template_random_robust,3,1,0.0352010747509832,0.0014157306426174467,0.0352010747509832,0.06215794259086204,0.0757198796914549,0.0842820966436215,0,139,139
oasis,8,qsf,template_random_robust,3,2,0.03574387650803598,0.0015059642046823894,0.03574387650803598,0.06817126805706412,0.08196418929741459,0.1053061441226043,0,139,139
oasis,8,qsf,template_random_robust,3,3,0.03813983332540285,0.001677879946051,0.03813983332540285,0.06645929366266781,0.09180587142434825,0.1084684091785594,0,139,139
oasis,8,qsf,template_random_robust,4,1,0.038454306270754836,0.0017445065525579092,0.038454306270754836,0.07198747233297718,0.091683189306084,0.1306721950939059,0,139,139
oasis,8,qsf,template_random_robust,4,2,0.034605985381000154,0.0014097912437888661,0.034605985381000154,0.0600638821034769,0.09807671482995771,0.106824417133619,0,139,139
oasis,8,qsf,template_random_robust,4,3,0.036264437012819825,0.0014872730395964447,0.036264437012819825,0.06062659983413831,0.0787133396088287,0.1063108417931079,0,139,139
oasis,8,qsf,template_random_robust,5,1,0.035622285043781864,0.0014247684087266123,0.035622285043781864,0.0629663335544773,0.07209229088560562,0.0773559850218379,0,139,139
oasis,8,qsf,template_random_robust,5,2,0.037261703942667236,0.0015985317654989431,0.037261703942667236,0.06799119349013714,0.08105198095828796,0.0894192141749887,0,139,139
oasis,8,qsf,template_random_robust,5,3,0.038495354578238175,0.0017221807120192266,0.038495354578238175,0.06968067514133171,0.08773477270850183,0.1006046568856201,0,139,139
oasis,8,qsf,template_selected_bounded_residual,1,1,0.034687192062489464,0.0013693650712483258,0.034687192062489464,0.058154981339255424,0.07915583573943251,0.1038766148539052,0,139,139
oasis,8,qsf,template_selected_bounded_residual,1,2,0.03572634724165559,0.0016728817483973979,0.03572634724165559,0.07010664910603559,0.11478804592337614,0.1895310168287554,0,139,139
oasis,8,qsf,template_selected_bounded_residual,1,3,0.03645881803196167,0.0016325328713682236,0.03645881803196167,0.06558471507397444,0.09393370975266747,0.1678576051933905,0,139,139
oasis,8,qsf,template_selected_bounded_residual,2,1,0.03572263031617958,0.0015247194806910676,0.03572263031617958,0.05397899974828798,0.07955769613570542,0.1706843854224115,0,139,139
oasis,8,qsf,template_selected_bounded_residual,2,2,0.03691184365167639,0.0015648525853959024,0.03691184365167639,0.05654049264303208,0.08215651234364382,0.1367154361989255,0,139,139
oasis,8,qsf,template_selected_bounded_residual,2,3,0.03387560190379941,0.0012889825295164432,0.03387560190379941,0.051544381856438365,0.07566000781410517,0.090761493822067,0,139,139
oasis,8,qsf,template_selected_bounded_residual,3,1,0.03610995078514907,0.0016472114258411152,0.03610995078514907,0.07172478736908405,0.11689182213377719,0.1317064525854245,0,139,139
oasis,8,qsf,template_selected_bounded_residual,3,2,0.030376306754824996,0.0010836356088372834,0.030376306754824996,0.05272031274106853,0.07364597509375015,0.1151524630899299,0,139,139
oasis,8,qsf,template_selected_bounded_residual,3,3,0.03611911585348775,0.0015408110535040697,0.03611911585348775,0.07203155152968467,0.0881436375909627,0.1024438457102024,0,139,139
oasis,8,qsf,template_selected_bounded_residual,4,1,0.03430342487374545,0.0013916296753548676,0.03430342487374545,0.05415793569069175,0.09586896663431112,0.1256123063458113,0,139,139
oasis,8,qsf,template_selected_bounded_residual,4,2,0.03299287884741361,0.001410963369441618,0.03299287884741361,0.05107162620213348,0.08977018136363486,0.1938656265768484,0,139,139
oasis,8,qsf,template_selected_bounded_residual,4,3,0.03429293475364874,0.0013443920800788173,0.03429293475364874,0.05778524480076572,0.09144138773879981,0.1027550185540485,0,139,139
oasis,8,qsf,template_selected_bounded_residual,5,1,0.035622285043781864,0.0014247684087266123,0.035622285043781864,0.0629663335544773,0.07209229088560562,0.0773559850218379,0,139,139
oasis,8,qsf,template_selected_bounded_residual,5,2,0.03039655159010341,0.0010523634694112691,0.03039655159010341,0.04977002456814895,0.058846774562738804,0.1105877975645259,0,139,139
oasis,8,qsf,template_selected_bounded_residual,5,3,0.035571242430587374,0.0014289253238639833,0.035571242430587374,0.06115797760039116,0.07792358395604712,0.0846733771179306,0,139,139
oasis,8,qsf,template_selected_projection,1,1,0.036152356030134565,0.0014946187841946444,0.036152356030134565,0.06546309100772835,0.08007506102172327,0.1208378359895775,0,139,139
oasis,8,qsf,template_selected_projection,1,2,0.03744370627299975,0.0018202728139855577,0.03744370627299975,0.07034980672408052,0.12043955604329226,0.1994474861913956,0,139,139
oasis,8,qsf,template_selected_projection,1,3,0.03830198275220241,0.0017770436439212922,0.03830198275220241,0.0699651907063685,0.09710934317873161,0.1660362433797486,0,139,139
oasis,8,qsf,template_selected_projection,2,1,0.03750555350518811,0.0016582574635495037,0.03750555350518811,0.05548749876943414,0.08046899046419531,0.168517904527305,0,139,139
oasis,8,qsf,template_selected_projection,2,2,0.03756670635462544,0.0016309409389304776,0.03756670635462544,0.057287456271335586,0.08392384379618627,0.1458579611574326,0,139,139
oasis,8,qsf,template_selected_projection,2,3,0.03664213915483578,0.001490209207524544,0.03664213915483578,0.05682363220266832,0.07978776005976193,0.097688712617922,0,139,139
oasis,8,qsf,template_selected_projection,3,1,0.03805184690990942,0.0017784041724901525,0.03805184690990942,0.07153806399231666,0.11675320371844367,0.1310101224324448,0,139,139
oasis,8,qsf,template_selected_projection,3,2,0.03229723909991235,0.0012135241832549283,0.03229723909991235,0.05725460086908103,0.07336827051571956,0.1232567066426646,0,139,139
oasis,8,qsf,template_selected_projection,3,3,0.037971361067373054,0.0016945368990681276,0.037971361067373054,0.07132021139068268,0.09729845606852408,0.1059871851164512,0,139,139
oasis,8,qsf,template_selected_projection,4,1,0.03636645880537771,0.0015327744888528584,0.03636645880537771,0.0576269508148968,0.10059887398957741,0.1224103630322702,0,139,139
oasis,8,qsf,template_selected_projection,4,2,0.034552589480821044,0.0015307530843490173,0.034552589480821044,0.05425829419095872,0.09126945105544573,0.2006104748796499,0,139,139
oasis,8,qsf,template_selected_projection,4,3,0.03597223405297037,0.0014726861894083603,0.03597223405297037,0.06063992233147187,0.0951427726212383,0.1048648784803008,0,139,139
oasis,8,qsf,template_selected_projection,5,1,0.037792665711317244,0.001592538211232308,0.037792665711317244,0.064564152180802,0.07724948942842524,0.0872740295958846,0,139,139
oasis,8,qsf,template_selected_projection,5,2,0.032383245953718845,0.0011829533520807368,0.032383245953718845,0.05179216466756242,0.05845025126989813,0.119394350828443,0,139,139
oasis,8,qsf,template_selected_projection,5,3,0.03739762196386595,0.001581549817554574,0.03739762196386595,0.06281957071432039,0.08084632024592457,0.0963928215244126,0,139,139
oasis,8,qsf,template_selected_robust,1,1,0.034687192062489464,0.0013693650712483258,0.034687192062489464,0.058154981339255424,0.07915583573943251,0.1038766148539052,0,139,139
oasis,8,qsf,template_selected_robust,1,2,0.03572634724165559,0.0016728817483973979,0.03572634724165559,0.07010664910603559,0.11478804592337614,0.1895310168287554,0,139,139
oasis,8,qsf,template_selected_robust,1,3,0.03645881803196167,0.0016325328713682236,0.03645881803196167,0.06558471507397444,0.09393370975266747,0.1678576051933905,0,139,139
oasis,8,qsf,template_selected_robust,2,1,0.03572263031617958,0.0015247194806910676,0.03572263031617958,0.05397899974828798,0.07955769613570542,0.1706843854224115,0,139,139
oasis,8,qsf,template_selected_robust,2,2,0.03756670635462544,0.0016309409389304776,0.03756670635462544,0.057287456271335586,0.08392384379618627,0.1458579611574326,0,139,139
oasis,8,qsf,template_selected_robust,2,3,0.03387560190379941,0.0012889825295164432,0.03387560190379941,0.051544381856438365,0.07566000781410517,0.090761493822067,0,139,139
oasis,8,qsf,template_selected_robust,3,1,0.03610995078514907,0.0016472114258411152,0.03610995078514907,0.07172478736908405,0.11689182213377719,0.1317064525854245,0,139,139
oasis,8,qsf,template_selected_robust,3,2,0.030376306754824996,0.0010836356088372834,0.030376306754824996,0.05272031274106853,0.07364597509375015,0.1151524630899299,0,139,139
oasis,8,qsf,template_selected_robust,3,3,0.03611911585348775,0.0015408110535040697,0.03611911585348775,0.07203155152968467,0.0881436375909627,0.1024438457102024,0,139,139
oasis,8,qsf,template_selected_robust,4,1,0.03430342487374545,0.0013916296753548676,0.03430342487374545,0.05415793569069175,0.09586896663431112,0.1256123063458113,0,139,139
oasis,8,qsf,template_selected_robust,4,2,0.03299287884741361,0.001410963369441618,0.03299287884741361,0.05107162620213348,0.08977018136363486,0.1938656265768484,0,139,139
oasis,8,qsf,template_selected_robust,4,3,0.03429293475364874,0.0013443920800788173,0.03429293475364874,0.05778524480076572,0.09144138773879981,0.1027550185540485,0,139,139
oasis,8,qsf,template_selected_robust,5,1,0.035622285043781864,0.0014247684087266123,0.035622285043781864,0.0629663335544773,0.07209229088560562,0.0773559850218379,0,139,139
oasis,8,qsf,template_selected_robust,5,2,0.03039655159010341,0.0010523634694112691,0.03039655159010341,0.04977002456814895,0.058846774562738804,0.1105877975645259,0,139,139
oasis,8,qsf,template_selected_robust,5,3,0.035571242430587374,0.0014289253238639833,0.035571242430587374,0.06115797760039116,0.07792358395604712,0.0846733771179306,0,139,139
oasis,16,heat_norm18,atlas_random_aligned,1,1,0.025078976284378725,0.0006946911405233906,0.025078976284378725,0.03428164320642178,0.06786489883564653,0.0768229357797006,0,139,139
oasis,16,heat_norm18,atlas_random_aligned,1,2,0.022808317356474296,0.0005623489529831898,0.022808317356474296,0.032715225404792395,0.046459705541303936,0.0708235672830142,0,139,139
oasis,16,heat_norm18,atlas_random_aligned,1,3,0.02522726796771937,0.0006954886539655287,0.02522726796771937,0.03601801074895823,0.06532267727826127,0.0740833005494857,0,139,139
oasis,16,heat_norm18,atlas_random_aligned,2,1,0.023909554896965453,0.000601509312715298,0.023909554896965453,0.03156047814611321,0.045363278631644535,0.0527670887657614,0,139,139
oasis,16,heat_norm18,atlas_random_aligned,2,2,0.02271114569837892,0.000546170994129531,0.02271114569837892,0.03392672380390826,0.043731846781248036,0.0486218845950531,0,139,139
oasis,16,heat_norm18,atlas_random_aligned,2,3,0.025432152804026754,0.0006807733172634546,0.025432152804026754,0.037512114903232634,0.04846152076830681,0.0521870371352323,0,139,139
oasis,16,heat_norm18,atlas_random_aligned,3,1,0.023004937542179422,0.000555239849462541,0.023004937542179422,0.028936940192461402,0.04590861695958657,0.050615914297724,0,139,139
oasis,16,heat_norm18,atlas_random_aligned,3,2,0.02211703279754784,0.0005075526238384425,0.02211703279754784,0.029100083601522074,0.03564437820042304,0.0464076458793555,0,139,139
oasis,16,heat_norm18,atlas_random_aligned,3,3,0.02455084458537459,0.0006327780920224467,0.02455084458537459,0.03351949330420498,0.046900407907222844,0.0533357548884902,0,139,139
oasis,16,heat_norm18,atlas_random_aligned,4,1,0.023722523861628212,0.0006094328130493835,0.023722523861628212,0.03201212344813921,0.047401394018139684,0.0773155151646881,0,139,139
oasis,16,heat_norm18,atlas_random_aligned,4,2,0.022584063065027388,0.0005396080842915402,0.022584063065027388,0.03120081244175172,0.035410227476501493,0.0638342618299739,0,139,139
oasis,16,heat_norm18,atlas_random_aligned,4,3,0.024115630016708495,0.0006112478818215122,0.024115630016708495,0.03175252540163017,0.038844588504845026,0.0613490889935275,0,139,139
oasis,16,heat_norm18,atlas_random_aligned,5,1,0.024353010998769343,0.0006241918011776086,0.024353010998769343,0.03576374780399823,0.0405175729346016,0.0526818171624858,0,139,139
oasis,16,heat_norm18,atlas_random_aligned,5,2,0.023146907238971733,0.0005657592984758094,0.023146907238971733,0.03241945160684409,0.042670574987054066,0.0510066821289567,0,139,139
oasis,16,heat_norm18,atlas_random_aligned,5,3,0.025160070612002938,0.0006685748924236956,0.025160070612002938,0.03633079197036891,0.04531339646263989,0.0596781610693514,0,139,139
oasis,16,heat_norm18,atlas_random_mean,1,1,0.13738900210118868,0.02140982883650365,0.13738900210118868,0.18478341861266312,0.36456627439512634,0.3836173298436859,0,139,139
oasis,16,heat_norm18,atlas_random_mean,1,2,0.13727881644694773,0.02138825183467159,0.13727881644694773,0.18759460673418374,0.368734895575849,0.3743018720868541,0,139,139
oasis,16,heat_norm18,atlas_random_mean,1,3,0.13903943412806524,0.021832937456548,0.13903943412806524,0.19699904098030357,0.3588275844555267,0.3754811214122378,0,139,139
oasis,16,heat_norm18,atlas_random_mean,2,1,0.13693555489463874,0.020842967912880685,0.13693555489463874,0.1798566958500616,0.31362525572075234,0.4432654098062407,0,139,139
oasis,16,heat_norm18,atlas_random_mean,2,2,0.13689040927802051,0.020924246538336053,0.13689040927802051,0.18351130680778382,0.31866589381172705,0.4520439834810298,0,139,139
oasis,16,heat_norm18,atlas_random_mean,2,3,0.13785354023501215,0.02116794147676493,0.13785354023501215,0.19091247629054683,0.31092438791306204,0.4394109999429702,0,139,139
oasis,16,heat_norm18,atlas_random_mean,3,1,0.13391619642797628,0.02001309125942919,0.13391619642797628,0.18083880013749218,0.31250534075283476,0.4433409607023069,0,139,139
oasis,16,heat_norm18,atlas_random_mean,3,2,0.1334711432110502,0.01998174020398534,0.1334711432110502,0.1818104402851129,0.31629127039203725,0.4519113574515719,0,139,139
oasis,16,heat_norm18,atlas_random_mean,3,3,0.13580162242122784,0.020578430414160426,0.13580162242122784,0.1951617083635982,0.3081464655900118,0.4393632425379693,0,139,139
oasis,16,heat_norm18,atlas_random_mean,4,1,0.13558225884294461,0.020134298648463247,0.13558225884294461,0.2008489173010991,0.3028958208398889,0.3595446954336959,0,139,139
oasis,16,heat_norm18,atlas_random_mean,4,2,0.13522465487977828,0.020109982565534514,0.13522465487977828,0.20065337126468027,0.3056558056571383,0.3650004752232471,0,139,139
oasis,16,heat_norm18,atlas_random_mean,4,3,0.13704322826429036,0.02057534552927918,0.13704322826429036,0.20628766182654837,0.2962380242987523,0.358787796336711,0,139,139
oasis,16,heat_norm18,atlas_random_mean,5,1,0.1347143505163465,0.019946556261100507,0.1347143505163465,0.18153280275771458,0.2719429316233429,0.443780504356907,0,139,139
oasis,16,heat_norm18,atlas_random_mean,5,2,0.1341768562326266,0.019879958975019818,0.1341768562326266,0.18014134254970993,0.27816070630655937,0.4524658031541464,0,139,139
oasis,16,heat_norm18,atlas_random_mean,5,3,0.13614764567938262,0.020440180520362644,0.13614764567938262,0.19503062928443168,0.27925921364740164,0.4400289128220818,0,139,139
oasis,16,heat_norm18,atlas_selected_aligned,1,1,0.024819856525003587,0.0006636379094480892,0.024819856525003587,0.0337956387871249,0.05751109950389475,0.0683522962629996,0,139,139
oasis,16,heat_norm18,atlas_selected_aligned,1,2,0.02240943415882803,0.0005404113475676633,0.02240943415882803,0.031211243827372236,0.05086107679362746,0.0625483664454711,0,139,139
oasis,16,heat_norm18,atlas_selected_aligned,1,3,0.02522726796771937,0.0006954886539655287,0.02522726796771937,0.03601801074895823,0.06532267727826127,0.0740833005494857,0,139,139
oasis,16,heat_norm18,atlas_selected_aligned,2,1,0.024543433498740705,0.0006309018113692784,0.024543433498740705,0.03463861712829486,0.04403093413940117,0.0507441590005624,0,139,139
oasis,16,heat_norm18,atlas_selected_aligned,2,2,0.022431290348566578,0.0005320206569333208,0.022431290348566578,0.03147153859156164,0.04439999549974846,0.0472099909212374,0,139,139
oasis,16,heat_norm18,atlas_selected_aligned,2,3,0.024283682461828528,0.0006185292760774222,0.024283682461828528,0.032490348697872866,0.04417467367758134,0.0536224937020139,0,139,139
oasis,16,heat_norm18,atlas_selected_aligned,3,1,0.023721618165208198,0.0005920987633154663,0.023721618165208198,0.03080567513750813,0.0473473668232298,0.0508414337871839,0,139,139
oasis,16,heat_norm18,atlas_selected_aligned,3,2,0.021079372555703055,0.0004621138092426647,0.021079372555703055,0.026958878894217494,0.03445680384226481,0.04557907277833,0,139,139
oasis,16,heat_norm18,atlas_selected_aligned,3,3,0.02455084458537459,0.0006327780920224467,0.02455084458537459,0.03351949330420498,0.046900407907222844,0.0533357548884902,0,139,139
oasis,16,heat_norm18,atlas_selected_aligned,4,1,0.024356683767148727,0.0006322836301614505,0.024356683767148727,0.03199498898780521,0.04653951867004546,0.0681782122048683,0,139,139
oasis,16,heat_norm18,atlas_selected_aligned,4,2,0.02194974664185862,0.000510790125100285,0.02194974664185862,0.03056247073325395,0.03525011731962525,0.0624876021417092,0,139,139
oasis,16,heat_norm18,atlas_selected_aligned,4,3,0.024115630016708495,0.0006112478818215122,0.024115630016708495,0.03175252540163017,0.038844588504845026,0.0613490889935275,0,139,139
oasis,16,heat_norm18,atlas_selected_aligned,5,1,0.024556875194605043,0.0006315780398430562,0.024556875194605043,0.033902512623652244,0.04135959067102666,0.0508570051851693,0,139,139
oasis,16,heat_norm18,atlas_selected_aligned,5,2,0.021945002766315176,0.0005069388511092935,0.021945002766315176,0.030399682714209016,0.040706412609348666,0.045413522458285,0,139,139
oasis,16,heat_norm18,atlas_selected_aligned,5,3,0.024792902276588872,0.0006462450448388518,0.024792902276588872,0.036620486239534164,0.04397993000522335,0.0525031148896761,0,139,139
oasis,16,heat_norm18,atlas_selected_mean,1,1,0.13738900210118868,0.02140982883650365,0.13738900210118868,0.18478341861266312,0.36456627439512634,0.3836173298436859,0,139,139
oasis,16,heat_norm18,atlas_selected_mean,1,2,0.13727881644694773,0.02138825183467159,0.13727881644694773,0.18759460673418374,0.368734895575849,0.3743018720868541,0,139,139
oasis,16,heat_norm18,atlas_selected_mean,1,3,0.13903943412806524,0.021832937456548,0.13903943412806524,0.19699904098030357,0.3588275844555267,0.3754811214122378,0,139,139
oasis,16,heat_norm18,atlas_selected_mean,2,1,0.13693555489463874,0.020842967912880685,0.13693555489463874,0.1798566958500616,0.31362525572075234,0.4432654098062407,0,139,139
oasis,16,heat_norm18,atlas_selected_mean,2,2,0.13689040927802051,0.020924246538336053,0.13689040927802051,0.18351130680778382,0.31866589381172705,0.4520439834810298,0,139,139
oasis,16,heat_norm18,atlas_selected_mean,2,3,0.13785354023501215,0.02116794147676493,0.13785354023501215,0.19091247629054683,0.31092438791306204,0.4394109999429702,0,139,139
oasis,16,heat_norm18,atlas_selected_mean,3,1,0.13391619642797628,0.02001309125942919,0.13391619642797628,0.18083880013749218,0.31250534075283476,0.4433409607023069,0,139,139
oasis,16,heat_norm18,atlas_selected_mean,3,2,0.1334711432110502,0.01998174020398534,0.1334711432110502,0.1818104402851129,0.31629127039203725,0.4519113574515719,0,139,139
oasis,16,heat_norm18,atlas_selected_mean,3,3,0.13580162242122784,0.020578430414160426,0.13580162242122784,0.1951617083635982,0.3081464655900118,0.4393632425379693,0,139,139
oasis,16,heat_norm18,atlas_selected_mean,4,1,0.13558225884294461,0.020134298648463247,0.13558225884294461,0.2008489173010991,0.3028958208398889,0.3595446954336959,0,139,139
oasis,16,heat_norm18,atlas_selected_mean,4,2,0.13522465487977828,0.020109982565534514,0.13522465487977828,0.20065337126468027,0.3056558056571383,0.3650004752232471,0,139,139
oasis,16,heat_norm18,atlas_selected_mean,4,3,0.13704322826429036,0.02057534552927918,0.13704322826429036,0.20628766182654837,0.2962380242987523,0.358787796336711,0,139,139
oasis,16,heat_norm18,atlas_selected_mean,5,1,0.1347143505163465,0.019946556261100507,0.1347143505163465,0.18153280275771458,0.2719429316233429,0.443780504356907,0,139,139
oasis,16,heat_norm18,atlas_selected_mean,5,2,0.1341768562326266,0.019879958975019818,0.1341768562326266,0.18014134254970993,0.27816070630655937,0.4524658031541464,0,139,139
oasis,16,heat_norm18,atlas_selected_mean,5,3,0.13614764567938262,0.020440180520362644,0.13614764567938262,0.19503062928443168,0.27925921364740164,0.4400289128220818,0,139,139
oasis,16,heat_norm18,floor_random_robust,1,1,0.09548208608790018,0.009576124319890723,0.09548208608790018,0.11548009788947855,0.1746286753668948,0.2881427534776889,0,139,139
oasis,16,heat_norm18,floor_random_robust,1,2,0.075236213436922,0.005981091395941788,0.075236213436922,0.10404109206019119,0.15214411217738955,0.2052737618489789,0,139,139
oasis,16,heat_norm18,floor_random_robust,1,3,0.08395609588141108,0.007413938083442622,0.08395609588141108,0.11017576608876853,0.17373284285698637,0.2100832585092797,0,139,139
oasis,16,heat_norm18,floor_random_robust,2,1,0.08384789046763612,0.007242362086180698,0.08384789046763612,0.10487527794850289,0.13952292346464765,0.1929764205096363,0,139,139
oasis,16,heat_norm18,floor_random_robust,2,2,0.07474742166950236,0.005888969492450362,0.07474742166950236,0.09616021720549257,0.1545359232949389,0.2004993990326093,0,139,139
oasis,16,heat_norm18,floor_random_robust,2,3,0.08643009497201545,0.007986592737992501,0.08643009497201545,0.11392942177419299,0.16501243823853978,0.2645926992861614,0,139,139
oasis,16,heat_norm18,floor_random_robust,3,1,0.08653450776354693,0.00765868827315151,0.08653450776354693,0.11159650854592261,0.13284440123625912,0.1400294893648564,0,139,139
oasis,16,heat_norm18,floor_random_robust,3,2,0.0750990410564324,0.005807097855578115,0.0750990410564324,0.09741475151058802,0.12100532187996962,0.1523293500898833,0,139,139
oasis,16,heat_norm18,floor_random_robust,3,3,0.08412995865425939,0.0073289397605388286,0.08412995865425939,0.11570953146254531,0.14031924940052445,0.1752826830005957,0,139,139
oasis,16,heat_norm18,floor_random_robust,4,1,0.08342828235749086,0.007094777473291319,0.08342828235749086,0.10559187770524409,0.13109634708775186,0.1481011916117136,0,139,139
oasis,16,heat_norm18,floor_random_robust,4,2,0.0872943881006766,0.008170164432789392,0.0872943881006766,0.10808264159777801,0.1347409284336903,0.331908307696487,0,139,139
oasis,16,heat_norm18,floor_random_robust,4,3,0.07944868786267786,0.006474643144382353,0.07944868786267786,0.09426337440347556,0.12310516021307583,0.1744528700342401,0,139,139
oasis,16,heat_norm18,floor_random_robust,5,1,0.08756802124986708,0.008002401707765016,0.08756802124986708,0.11988983667293245,0.17440494858535818,0.1975368887971828,0,139,139
oasis,16,heat_norm18,floor_random_robust,5,2,0.07928043195556198,0.006660006229673714,0.07928043195556198,0.11268175537524341,0.17810236056216927,0.1938088550528153,0,139,139
oasis,16,heat_norm18,floor_random_robust,5,3,0.08846693066484311,0.00831398453996335,0.08846693066484311,0.12616936067033727,0.17111381441217463,0.2452496806431267,0,139,139
oasis,16,heat_norm18,ordinary_selected,1,1,0.08767438980444957,0.008145684849460624,0.08767438980444957,0.11093088110106962,0.1917331589296263,0.2366054305979136,0,139,139
oasis,16,heat_norm18,ordinary_selected,1,2,0.07423302760597415,0.005847908956524201,0.07423302760597415,0.09837654427861024,0.163272407389945,0.2120528569301638,0,139,139
oasis,16,heat_norm18,ordinary_selected,1,3,0.0963683786555757,0.011489946070483169,0.0963683786555757,0.1256538093466095,0.28709870319147385,0.5474770249694383,0,139,139
oasis,16,heat_norm18,ordinary_selected,2,1,0.0857303627832016,0.008013151670220887,0.0857303627832016,0.10926460066979593,0.21167323035496693,0.2958661504607563,0,139,139
oasis,16,heat_norm18,ordinary_selected,2,2,0.0726770875603126,0.005794849132832657,0.0726770875603126,0.09008956859301812,0.1650175577305238,0.2810686286630042,0,139,139
oasis,16,heat_norm18,ordinary_selected,2,3,0.08954347057135359,0.009112589189428724,0.08954347057135359,0.10972471849061682,0.19400719751066925,0.4167703757959539,0,139,139
oasis,16,heat_norm18,ordinary_selected,3,1,0.08550520565654227,0.007713518032283426,0.08550520565654227,0.10713415660713506,0.16364067267073437,0.2605213433829385,0,139,139
oasis,16,heat_norm18,ordinary_selected,3,2,0.07283873440724563,0.0056926683843027915,0.07283873440724563,0.08832624169281068,0.15574251334711772,0.2492006924190491,0,139,139
oasis,16,heat_norm18,ordinary_selected,3,3,0.09009420352382398,0.008293986938275249,0.09009420352382398,0.10820589884939238,0.14329029016022451,0.1564885004559799,0,139,139
oasis,16,heat_norm18,ordinary_selected,4,1,0.08494983261558603,0.007673174701408444,0.08494983261558603,0.09983395003231327,0.13885531129489379,0.3043283326773712,0,139,139
oasis,16,heat_norm18,ordinary_selected,4,2,0.07244114334583687,0.005601632783525838,0.07244114334583687,0.09047362581057684,0.13383502867597247,0.2552093347643755,0,139,139
oasis,16,heat_norm18,ordinary_selected,4,3,0.08671366835332096,0.007842670897112991,0.08671366835332096,0.10447899975538323,0.13946098828342912,0.248535164367768,0,139,139
oasis,16,heat_norm18,ordinary_selected,5,1,0.08512318515490583,0.007669788299486737,0.08512318515490583,0.111192837744919,0.19384155032778047,0.2109401015824249,0,139,139
oasis,16,heat_norm18,ordinary_selected,5,2,0.07386011653171437,0.0056818677851178875,0.07386011653171437,0.09330079177636007,0.13776212574265195,0.1775704068912168,0,139,139
oasis,16,heat_norm18,ordinary_selected,5,3,0.08800819145935355,0.008159052414685683,0.08800819145935355,0.10879354772748427,0.18994633928392385,0.2390228351730022,0,139,139
oasis,16,heat_norm18,random_bounded_residual,1,1,0.09714662381738978,0.009857670772705678,0.09714662381738978,0.11679434502982095,0.16767208421431284,0.2830626964819158,0,139,139
oasis,16,heat_norm18,random_bounded_residual,1,2,0.08179938945103489,0.007157526944177653,0.08179938945103489,0.11488985543403804,0.16225666340563186,0.2566953955175822,0,139,139
oasis,16,heat_norm18,random_bounded_residual,1,3,0.09190004752632501,0.009005632126516703,0.09190004752632501,0.11510013993391009,0.2141880534776206,0.2747200291067042,0,139,139
oasis,16,heat_norm18,random_bounded_residual,2,1,0.08803871135761751,0.007955502162576884,0.08803871135761751,0.10673732266061997,0.16065885266817773,0.1796296137139543,0,139,139
oasis,16,heat_norm18,random_bounded_residual,2,2,0.07949449557318362,0.006598839811989706,0.07949449557318362,0.10313684319601081,0.16017809903869637,0.1795682280115576,0,139,139
oasis,16,heat_norm18,random_bounded_residual,2,3,0.09074023148024897,0.009766759462084568,0.09074023148024897,0.11514249634443162,0.1970083155554317,0.5015437651607878,0,139,139
oasis,16,heat_norm18,random_bounded_residual,3,1,0.09205007356250251,0.00868322360025733,0.09205007356250251,0.11247500014538665,0.1388617705987356,0.1846187414992441,0,139,139
oasis,16,heat_norm18,random_bounded_residual,3,2,0.08275705621576557,0.007235542916289446,0.08275705621576557,0.1010330340112556,0.16546997658535434,0.251103152820218,0,139,139
oasis,16,heat_norm18,random_bounded_residual,3,3,0.08920532053770434,0.008124089956939251,0.08920532053770434,0.10720965432062708,0.13653700417864256,0.1560638230260038,0,139,139
oasis,16,heat_norm18,random_bounded_residual,4,1,0.08700317661906921,0.007791785584647191,0.08700317661906921,0.10738302327611117,0.1325152120712752,0.2159380347968229,0,139,139
oasis,16,heat_norm18,random_bounded_residual,4,2,0.09357457978381079,0.009119857547980415,0.09357457978381079,0.11626892053413249,0.14638085444853655,0.2785973611624336,0,139,139
oasis,16,heat_norm18,random_bounded_residual,4,3,0.08407768104863322,0.007324834554291861,0.08407768104863322,0.09978384083814612,0.128777457603672,0.2224106821110388,0,139,139
oasis,16,heat_norm18,random_bounded_residual,5,1,0.09300230723135011,0.0090368161081927,0.09300230723135011,0.1191997899416039,0.18660224426839217,0.2301102161850005,0,139,139
oasis,16,heat_norm18,random_bounded_residual,5,2,0.08590928776712559,0.007697775823910291,0.08590928776712559,0.11598095829873785,0.14941168549942277,0.2261029299070774,0,139,139
oasis,16,heat_norm18,random_bounded_residual,5,3,0.09100557651419623,0.008827168829752385,0.09100557651419623,0.12616494551183235,0.19619037823285668,0.2570750644524544,0,139,139
oasis,16,heat_norm18,random_ordinary,1,1,0.09812190708527951,0.010389752451223578,0.09812190708527951,0.1290278349704078,0.21311288302012366,0.3399789971689471,0,139,139
oasis,16,heat_norm18,random_ordinary,1,2,0.08553636034163598,0.00806025276498598,0.08553636034163598,0.12936126353609645,0.19809752732627628,0.3098836399742281,0,139,139
oasis,16,heat_norm18,random_ordinary,1,3,0.0963683786555757,0.011489946070483169,0.0963683786555757,0.1256538093466095,0.28709870319147385,0.5474770249694383,0,139,139
oasis,16,heat_norm18,random_ordinary,2,1,0.0897555677246504,0.00841262306064586,0.0897555677246504,0.10814527213648428,0.19254227264490395,0.2251554279949021,0,139,139
oasis,16,heat_norm18,random_ordinary,2,2,0.08263745715759485,0.007227156278507612,0.08263745715759485,0.11332504877107649,0.1597503993254069,0.2319178583859737,0,139,139
oasis,16,heat_norm18,random_ordinary,2,3,0.09200033080863781,0.010527061164226281,0.09200033080863781,0.1182583821627723,0.20459877975881288,0.5797022008444697,0,139,139
oasis,16,heat_norm18,random_ordinary,3,1,0.09474785205306818,0.009226979892707342,0.09474785205306818,0.11492122886436847,0.14902069513484134,0.2075321924474017,0,139,139
oasis,16,heat_norm18,random_ordinary,3,2,0.0881021874280202,0.0081501537245921,0.0881021874280202,0.10651733739224654,0.17287848194045827,0.2533645204828662,0,139,139
oasis,16,heat_norm18,random_ordinary,3,3,0.09009420352382398,0.008293986938275249,0.09009420352382398,0.10820589884939238,0.14329029016022451,0.1564885004559799,0,139,139
oasis,16,heat_norm18,random_ordinary,4,1,0.08776419998592838,0.00805206392930164,0.08776419998592838,0.10954750223261094,0.13583876160877323,0.2677423893849908,0,139,139
oasis,16,heat_norm18,random_ordinary,4,2,0.0963540240722438,0.010832994279263378,0.0963540240722438,0.11867738572931055,0.19209086906783335,0.5249501399942165,0,139,139
oasis,16,heat_norm18,random_ordinary,4,3,0.08671366835332096,0.007842670897112991,0.08671366835332096,0.10447899975538323,0.13946098828342912,0.248535164367768,0,139,139
oasis,16,heat_norm18,random_ordinary,5,1,0.09449168151960256,0.009679514508076284,0.09449168151960256,0.11992305487981213,0.20563920461820204,0.3426669006904262,0,139,139
oasis,16,heat_norm18,random_ordinary,5,2,0.08785149107287513,0.008236676492637821,0.08785149107287513,0.11718148998860761,0.17530126082657194,0.2815168228544162,0,139,139
oasis,16,heat_norm18,random_ordinary,5,3,0.09212886931988078,0.009159999601112388,0.09212886931988078,0.12703027442930712,0.2176185009714896,0.2781539695799361,0,139,139
oasis,16,heat_norm18,random_projection,1,1,0.09749005802741272,0.009966194907936314,0.09749005802741272,0.11881227130805685,0.17412417480569106,0.2923477314198559,0,139,139
oasis,16,heat_norm18,random_projection,1,2,0.08248989790974857,0.007278008870252128,0.08248989790974857,0.11569224175588856,0.16277437020454152,0.2544536676075226,0,139,139
oasis,16,heat_norm18,random_projection,1,3,0.09249510715192552,0.009136045713479786,0.09249510715192552,0.11506014444331147,0.2251744121546901,0.2677283248546223,0,139,139
oasis,16,heat_norm18,random_projection,2,1,0.0885500076849277,0.008064793533052056,0.0885500076849277,0.1075895946582578,0.16225133757371432,0.1920901643962118,0,139,139
oasis,16,heat_norm18,random_projection,2,2,0.08019452238446213,0.006720653642665147,0.08019452238446213,0.10518393768714614,0.16030860068714,0.1828533124204901,0,139,139
oasis,16,heat_norm18,random_projection,2,3,0.09153878408671957,0.010021552390584512,0.09153878408671957,0.1182583821627723,0.20459877975881288,0.5155472064978296,0,139,139
oasis,16,heat_norm18,random_projection,3,1,0.09365064487850369,0.00896893761900112,0.09365064487850369,0.11422381335178629,0.1391409162637107,0.1837262579348269,0,139,139
oasis,16,heat_norm18,random_projection,3,2,0.0832152371316426,0.007314553429560579,0.0832152371316426,0.104088254040587,0.1623565331883585,0.2537248769840814,0,139,139
oasis,16,heat_norm18,random_projection,3,3,0.08958333794955,0.008205485817465719,0.08958333794955,0.1076789345663939,0.14115361054463785,0.1610093082258489,0,139,139
oasis,16,heat_norm18,random_projection,4,1,0.08751295228490044,0.007885406268884827,0.08751295228490044,0.10613170907680043,0.1337709938556863,0.2192176850996742,0,139,139
oasis,16,heat_norm18,random_projection,4,2,0.09408193419514617,0.009267374703929767,0.09408193419514617,0.11812738693943703,0.14529695626325814,0.2974111430132205,0,139,139
oasis,16,heat_norm18,random_projection,4,3,0.08448025664213711,0.007399363251742181,0.08448025664213711,0.10056762336423639,0.13245436729560603,0.2216628132190826,0,139,139
oasis,16,heat_norm18,random_projection,5,1,0.09351411735911795,0.009140843742245847,0.09351411735911795,0.11992305487981213,0.19330408291199982,0.2266808399737146,0,139,139
oasis,16,heat_norm18,random_projection,5,2,0.08651944517746861,0.007919025778751476,0.08651944517746861,0.11584113457357424,0.15116034374743387,0.272553503818038,0,139,139
oasis,16,heat_norm18,random_projection,5,3,0.09212886931988078,0.009159999601112388,0.09212886931988078,0.12703027442930712,0.2176185009714896,0.2781539695799361,0,139,139
oasis,16,heat_norm18,random_robust,1,1,0.09714662381738978,0.009857670772705678,0.09714662381738978,0.11679434502982095,0.16767208421431284,0.2830626964819158,0,139,139
oasis,16,heat_norm18,random_robust,1,2,0.08179938945103489,0.007157526944177653,0.08179938945103489,0.11488985543403804,0.16225666340563186,0.2566953955175822,0,139,139
oasis,16,heat_norm18,random_robust,1,3,0.09190004752632501,0.009005632126516703,0.09190004752632501,0.11510013993391009,0.2141880534776206,0.2747200291067042,0,139,139
oasis,16,heat_norm18,random_robust,2,1,0.0885500076849277,0.008064793533052056,0.0885500076849277,0.1075895946582578,0.16225133757371432,0.1920901643962118,0,139,139
oasis,16,heat_norm18,random_robust,2,2,0.07949449557318362,0.006598839811989706,0.07949449557318362,0.10313684319601081,0.16017809903869637,0.1795682280115576,0,139,139
oasis,16,heat_norm18,random_robust,2,3,0.09153878408671957,0.010021552390584512,0.09153878408671957,0.1182583821627723,0.20459877975881288,0.5155472064978296,0,139,139
oasis,16,heat_norm18,random_robust,3,1,0.09205007356250251,0.00868322360025733,0.09205007356250251,0.11247500014538665,0.1388617705987356,0.1846187414992441,0,139,139
oasis,16,heat_norm18,random_robust,3,2,0.08275705621576557,0.007235542916289446,0.08275705621576557,0.1010330340112556,0.16546997658535434,0.251103152820218,0,139,139
oasis,16,heat_norm18,random_robust,3,3,0.08920532053770434,0.008124089956939251,0.08920532053770434,0.10720965432062708,0.13653700417864256,0.1560638230260038,0,139,139
oasis,16,heat_norm18,random_robust,4,1,0.08700317661906921,0.007791785584647191,0.08700317661906921,0.10738302327611117,0.1325152120712752,0.2159380347968229,0,139,139
oasis,16,heat_norm18,random_robust,4,2,0.09408193419514617,0.009267374703929767,0.09408193419514617,0.11812738693943703,0.14529695626325814,0.2974111430132205,0,139,139
oasis,16,heat_norm18,random_robust,4,3,0.08448025664213711,0.007399363251742181,0.08448025664213711,0.10056762336423639,0.13245436729560603,0.2216628132190826,0,139,139
oasis,16,heat_norm18,random_robust,5,1,0.09300230723135011,0.0090368161081927,0.09300230723135011,0.1191997899416039,0.18660224426839217,0.2301102161850005,0,139,139
oasis,16,heat_norm18,random_robust,5,2,0.08590928776712559,0.007697775823910291,0.08590928776712559,0.11598095829873785,0.14941168549942277,0.2261029299070774,0,139,139
oasis,16,heat_norm18,random_robust,5,3,0.09100557651419623,0.008827168829752385,0.09100557651419623,0.12616494551183235,0.19619037823285668,0.2570750644524544,0,139,139
oasis,16,heat_norm18,selected_bounded_residual,1,1,0.08524478468185909,0.007783668575408888,0.08524478468185909,0.1059709353262959,0.18184400316040875,0.2790498522731828,0,139,139
oasis,16,heat_norm18,selected_bounded_residual,1,2,0.07153731128887009,0.005402630665038109,0.07153731128887009,0.09159842080588719,0.14465893293407825,0.2042181580283223,0,139,139
oasis,16,heat_norm18,selected_bounded_residual,1,3,0.09190004752632501,0.009005632126516703,0.09190004752632501,0.11510013993391009,0.2141880534776206,0.2747200291067042,0,139,139
oasis,16,heat_norm18,selected_bounded_residual,2,1,0.08413589970700817,0.007483615700787349,0.08413589970700817,0.10812695684658243,0.18794694987693175,0.2229107950793988,0,139,139
oasis,16,heat_norm18,selected_bounded_residual,2,2,0.07127040339476143,0.0054035927294273515,0.07127040339476143,0.08812754847171646,0.16562935843785223,0.2046023090948918,0,139,139
oasis,16,heat_norm18,selected_bounded_residual,2,3,0.08726480565637222,0.007909809002262893,0.08726480565637222,0.10804501238797998,0.14111370819440136,0.224784610527775,0,139,139
oasis,16,heat_norm18,selected_bounded_residual,3,1,0.08509140928228988,0.007662445075272888,0.08509140928228988,0.10465971831819719,0.17463006819487073,0.2592054779120671,0,139,139
oasis,16,heat_norm18,selected_bounded_residual,3,2,0.07199661480995967,0.005507131017560337,0.07199661480995967,0.08758147124194401,0.15202823098908305,0.2249778601494136,0,139,139
oasis,16,heat_norm18,selected_bounded_residual,3,3,0.08920532053770434,0.008124089956939251,0.08920532053770434,0.10720965432062708,0.13653700417864256,0.1560638230260038,0,139,139
oasis,16,heat_norm18,selected_bounded_residual,4,1,0.08428409625370649,0.007601424589427453,0.08428409625370649,0.09983120003225705,0.14046826551384248,0.3165311007616543,0,139,139
oasis,16,heat_norm18,selected_bounded_residual,4,2,0.07131722222901697,0.0053018110428740915,0.07131722222901697,0.08958258628248914,0.13324768063122702,0.1917476517048212,0,139,139
oasis,16,heat_norm18,selected_bounded_residual,4,3,0.08407768104863322,0.007324834554291861,0.08407768104863322,0.09978384083814612,0.128777457603672,0.2224106821110388,0,139,139
oasis,16,heat_norm18,selected_bounded_residual,5,1,0.0839741209508505,0.007392094797412921,0.0839741209508505,0.10872461116839663,0.17033405428613524,0.2036200576797663,0,139,139
oasis,16,heat_norm18,selected_bounded_residual,5,2,0.07313784343051723,0.005571220255279763,0.07313784343051723,0.0928718194812674,0.13489209515095726,0.1804133940420345,0,139,139
oasis,16,heat_norm18,selected_bounded_residual,5,3,0.08751263318349284,0.008039569475966566,0.08751263318349284,0.10770204220489753,0.18281338641562855,0.2340702285500234,0,139,139
oasis,16,heat_norm18,selected_projection,1,1,0.08584399080171791,0.007843815061576128,0.08584399080171791,0.10747729091036613,0.18903597302036346,0.2475659059103278,0,139,139
oasis,16,heat_norm18,selected_projection,1,2,0.07398531287464061,0.005766743557719958,0.07398531287464061,0.09368455565440541,0.16143998769667245,0.1922700493016263,0,139,139
oasis,16,heat_norm18,selected_projection,1,3,0.09249510715192552,0.009136045713479786,0.09249510715192552,0.11506014444331147,0.2251744121546901,0.2677283248546223,0,139,139
oasis,16,heat_norm18,selected_projection,2,1,0.08467528246746392,0.007557190340333382,0.08467528246746392,0.10924030917714206,0.16598299736010955,0.2402472132781605,0,139,139
oasis,16,heat_norm18,selected_projection,2,2,0.07207158985185659,0.005511175949010455,0.07207158985185659,0.09008956859301812,0.16315482159203298,0.2029313028740364,0,139,139
oasis,16,heat_norm18,selected_projection,2,3,0.08726047613503957,0.007941276830510543,0.08726047613503957,0.10944994063490694,0.14968459843625556,0.2244501795209043,0,139,139
oasis,16,heat_norm18,selected_projection,3,1,0.08539128896614023,0.007662141224896538,0.08539128896614023,0.10709493802075157,0.16364067267073437,0.2474350889112196,0,139,139
oasis,16,heat_norm18,selected_projection,3,2,0.07270299244073143,0.005640817767508883,0.07270299244073143,0.08832624169281068,0.14820779352645846,0.2424853329778614,0,139,139
oasis,16,heat_norm18,selected_projection,3,3,0.08958333794955,0.008205485817465719,0.08958333794955,0.1076789345663939,0.14115361054463785,0.1610093082258489,0,139,139
oasis,16,heat_norm18,selected_projection,4,1,0.08485425075892948,0.00762115669000275,0.08485425075892948,0.09983395003231327,0.13857161201247903,0.2928224020755632,0,139,139
oasis,16,heat_norm18,selected_projection,4,2,0.07204929524750352,0.00542461401866584,0.07204929524750352,0.09047362581057684,0.13262886730720697,0.2027080129796313,0,139,139
oasis,16,heat_norm18,selected_projection,4,3,0.08448025664213711,0.007399363251742181,0.08448025664213711,0.10056762336423639,0.13245436729560603,0.2216628132190826,0,139,139
oasis,16,heat_norm18,selected_projection,5,1,0.08468281356432093,0.007514191880768382,0.08468281356432093,0.111192837744919,0.1815335071280938,0.1859340609045654,0,139,139
oasis,16,heat_norm18,selected_projection,5,2,0.073836342225805,0.005675175169709303,0.073836342225805,0.09330079177636007,0.135713256059383,0.1775704068912168,0,139,139
oasis,16,heat_norm18,selected_projection,5,3,0.08800819145935355,0.008159052414685683,0.08800819145935355,0.10879354772748427,0.18994633928392385,0.2390228351730022,0,139,139
oasis,16,heat_norm18,selected_robust,1,1,0.08524478468185909,0.007783668575408888,0.08524478468185909,0.1059709353262959,0.18184400316040875,0.2790498522731828,0,139,139
oasis,16,heat_norm18,selected_robust,1,2,0.07153731128887009,0.005402630665038109,0.07153731128887009,0.09159842080588719,0.14465893293407825,0.2042181580283223,0,139,139
oasis,16,heat_norm18,selected_robust,1,3,0.09190004752632501,0.009005632126516703,0.09190004752632501,0.11510013993391009,0.2141880534776206,0.2747200291067042,0,139,139
oasis,16,heat_norm18,selected_robust,2,1,0.08413589970700817,0.007483615700787349,0.08413589970700817,0.10812695684658243,0.18794694987693175,0.2229107950793988,0,139,139
oasis,16,heat_norm18,selected_robust,2,2,0.07127040339476143,0.0054035927294273515,0.07127040339476143,0.08812754847171646,0.16562935843785223,0.2046023090948918,0,139,139
oasis,16,heat_norm18,selected_robust,2,3,0.08726047613503957,0.007941276830510543,0.08726047613503957,0.10944994063490694,0.14968459843625556,0.2244501795209043,0,139,139
oasis,16,heat_norm18,selected_robust,3,1,0.08539128896614023,0.007662141224896538,0.08539128896614023,0.10709493802075157,0.16364067267073437,0.2474350889112196,0,139,139
oasis,16,heat_norm18,selected_robust,3,2,0.07199661480995967,0.005507131017560337,0.07199661480995967,0.08758147124194401,0.15202823098908305,0.2249778601494136,0,139,139
oasis,16,heat_norm18,selected_robust,3,3,0.08920532053770434,0.008124089956939251,0.08920532053770434,0.10720965432062708,0.13653700417864256,0.1560638230260038,0,139,139
oasis,16,heat_norm18,selected_robust,4,1,0.08428409625370649,0.007601424589427453,0.08428409625370649,0.09983120003225705,0.14046826551384248,0.3165311007616543,0,139,139
oasis,16,heat_norm18,selected_robust,4,2,0.07131722222901697,0.0053018110428740915,0.07131722222901697,0.08958258628248914,0.13324768063122702,0.1917476517048212,0,139,139
oasis,16,heat_norm18,selected_robust,4,3,0.08448025664213711,0.007399363251742181,0.08448025664213711,0.10056762336423639,0.13245436729560603,0.2216628132190826,0,139,139
oasis,16,heat_norm18,selected_robust,5,1,0.0839741209508505,0.007392094797412921,0.0839741209508505,0.10872461116839663,0.17033405428613524,0.2036200576797663,0,139,139
oasis,16,heat_norm18,selected_robust,5,2,0.07313784343051723,0.005571220255279763,0.07313784343051723,0.0928718194812674,0.13489209515095726,0.1804133940420345,0,139,139
oasis,16,heat_norm18,selected_robust,5,3,0.08751263318349284,0.008039569475966566,0.08751263318349284,0.10770204220489753,0.18281338641562855,0.2340702285500234,0,139,139
oasis,16,heat_norm18,selected_sources_ordinary,1,1,0.08767438980444957,0.008145684849460624,0.08767438980444957,0.11093088110106962,0.1917331589296263,0.2366054305979136,0,139,139
oasis,16,heat_norm18,selected_sources_ordinary,1,2,0.07423302760597415,0.005847908956524201,0.07423302760597415,0.09837654427861024,0.163272407389945,0.2120528569301638,0,139,139
oasis,16,heat_norm18,selected_sources_ordinary,1,3,0.0963683786555757,0.011489946070483169,0.0963683786555757,0.1256538093466095,0.28709870319147385,0.5474770249694383,0,139,139
oasis,16,heat_norm18,selected_sources_ordinary,2,1,0.0857303627832016,0.008013151670220887,0.0857303627832016,0.10926460066979593,0.21167323035496693,0.2958661504607563,0,139,139
oasis,16,heat_norm18,selected_sources_ordinary,2,2,0.0726770875603126,0.005794849132832657,0.0726770875603126,0.09008956859301812,0.1650175577305238,0.2810686286630042,0,139,139
oasis,16,heat_norm18,selected_sources_ordinary,2,3,0.08954347057135359,0.009112589189428724,0.08954347057135359,0.10972471849061682,0.19400719751066925,0.4167703757959539,0,139,139
oasis,16,heat_norm18,selected_sources_ordinary,3,1,0.08550520565654227,0.007713518032283426,0.08550520565654227,0.10713415660713506,0.16364067267073437,0.2605213433829385,0,139,139
oasis,16,heat_norm18,selected_sources_ordinary,3,2,0.07283873440724563,0.0056926683843027915,0.07283873440724563,0.08832624169281068,0.15574251334711772,0.2492006924190491,0,139,139
oasis,16,heat_norm18,selected_sources_ordinary,3,3,0.09009420352382398,0.008293986938275249,0.09009420352382398,0.10820589884939238,0.14329029016022451,0.1564885004559799,0,139,139
oasis,16,heat_norm18,selected_sources_ordinary,4,1,0.08494983261558603,0.007673174701408444,0.08494983261558603,0.09983395003231327,0.13885531129489379,0.3043283326773712,0,139,139
oasis,16,heat_norm18,selected_sources_ordinary,4,2,0.07244114334583687,0.005601632783525838,0.07244114334583687,0.09047362581057684,0.13383502867597247,0.2552093347643755,0,139,139
oasis,16,heat_norm18,selected_sources_ordinary,4,3,0.08671366835332096,0.007842670897112991,0.08671366835332096,0.10447899975538323,0.13946098828342912,0.248535164367768,0,139,139
oasis,16,heat_norm18,selected_sources_ordinary,5,1,0.08512318515490583,0.007669788299486737,0.08512318515490583,0.111192837744919,0.19384155032778047,0.2109401015824249,0,139,139
oasis,16,heat_norm18,selected_sources_ordinary,5,2,0.07386011653171437,0.0056818677851178875,0.07386011653171437,0.09330079177636007,0.13776212574265195,0.1775704068912168,0,139,139
oasis,16,heat_norm18,selected_sources_ordinary,5,3,0.08800819145935355,0.008159052414685683,0.08800819145935355,0.10879354772748427,0.18994633928392385,0.2390228351730022,0,139,139
oasis,16,heat_norm18,spatial_robust,1,1,0.08121242086758033,0.006885508105075816,0.08121242086758033,0.11035710081436802,0.14949620697523924,0.19767735238109,0,139,139
oasis,16,heat_norm18,spatial_robust,1,2,0.07290002833005202,0.005681602902574753,0.07290002833005202,0.09990874224423306,0.14088901264497405,0.2317135671727916,0,139,139
oasis,16,heat_norm18,spatial_robust,1,3,0.08397057884620651,0.007409590920518224,0.08397057884620651,0.10390069835567062,0.17906327548176548,0.2220355216380804,0,139,139
oasis,16,heat_norm18,spatial_robust,2,1,0.08169753767367634,0.00695445835883956,0.08169753767367634,0.10093217941608863,0.15454734386224714,0.202424897241749,0,139,139
oasis,16,heat_norm18,spatial_robust,2,2,0.07130573425424157,0.005336736919712404,0.07130573425424157,0.08884481943653012,0.1496706867514217,0.1844870974212515,0,139,139
oasis,16,heat_norm18,spatial_robust,2,3,0.08415115495744412,0.00753620108639903,0.08415115495744412,0.1048129076581607,0.17351686639412725,0.2515133568082787,0,139,139
oasis,16,heat_norm18,spatial_robust,3,1,0.08515998543121185,0.007599029335556093,0.08515998543121185,0.10556763502992984,0.1453930524470259,0.2510312381901745,0,139,139
oasis,16,heat_norm18,spatial_robust,3,2,0.07250772640549735,0.005456739371531794,0.07250772640549735,0.09178960350570049,0.13871872942721686,0.1711181499845683,0,139,139
oasis,16,heat_norm18,spatial_robust,3,3,0.08428591346079999,0.0073147946954618915,0.08428591346079999,0.10572271070365839,0.13302264770552288,0.1905162205031792,0,139,139
oasis,16,heat_norm18,spatial_robust,4,1,0.08489290556000074,0.007463360516508205,0.08489290556000074,0.103596607724296,0.1341455462869051,0.2256364470213618,0,139,139
oasis,16,heat_norm18,spatial_robust,4,2,0.07008852636886753,0.005195713142323209,0.07008852636886753,0.08980205906183918,0.11967864916493498,0.2297512368120096,0,139,139
oasis,16,heat_norm18,spatial_robust,4,3,0.08341554062104535,0.007264971140512791,0.08341554062104535,0.10165673810869727,0.12404949304674118,0.2514894549461169,0,139,139
oasis,16,heat_norm18,spatial_robust,5,1,0.08186070664807509,0.006928118702085586,0.08186070664807509,0.10556606571030422,0.15425502394205373,0.1697860230827649,0,139,139
oasis,16,heat_norm18,spatial_robust,5,2,0.07304113978599386,0.005603887586403934,0.07304113978599386,0.09419779974242004,0.1466201510962747,0.1907710285309921,0,139,139
oasis,16,heat_norm18,spatial_robust,5,3,0.0833674870519102,0.007292148297022016,0.0833674870519102,0.1057810049240516,0.16433190570219064,0.2235234050735551,0,139,139
oasis,16,heat_norm18,template_random_bounded_residual,1,1,0.037182501143495965,0.0016471545452623677,0.037182501143495965,0.06957019933991099,0.08799484465896036,0.1312496581197772,0,139,139
oasis,16,heat_norm18,template_random_bounded_residual,1,2,0.034340569436760754,0.001381053841809929,0.034340569436760754,0.06410275228314784,0.0837699427470312,0.105250883542585,0,139,139
oasis,16,heat_norm18,template_random_bounded_residual,1,3,0.0380185110172929,0.0016858487198666877,0.0380185110172929,0.06991783716039994,0.08762205992644188,0.1179345373581677,0,139,139
oasis,16,heat_norm18,template_random_bounded_residual,2,1,0.034829007032804976,0.0013411127387140417,0.034829007032804976,0.053832536047356695,0.06799932497002753,0.0794505209306936,0,139,139
oasis,16,heat_norm18,template_random_bounded_residual,2,2,0.03213630783902451,0.001173741394980751,0.03213630783902451,0.052588951857420546,0.06997161567124363,0.096980925471533,0,139,139
oasis,16,heat_norm18,template_random_bounded_residual,2,3,0.040525474782805236,0.0018342168785979382,0.040525474782805236,0.06461143312887496,0.08057519728380268,0.0945889156496329,0,139,139
oasis,16,heat_norm18,template_random_bounded_residual,3,1,0.0375979009803494,0.0016619157238131424,0.0375979009803494,0.0702441542070691,0.08529457613499852,0.0998014076662966,0,139,139
oasis,16,heat_norm18,template_random_bounded_residual,3,2,0.03303611789337856,0.0012695242865154203,0.03303611789337856,0.05753699786691572,0.07551722340636276,0.0920432055515855,0,139,139
oasis,16,heat_norm18,template_random_bounded_residual,3,3,0.039760890357753674,0.0018595985125875929,0.039760890357753674,0.07400079518671444,0.09495139745827161,0.1192530522697441,0,139,139
oasis,16,heat_norm18,template_random_bounded_residual,4,1,0.035486633355480815,0.001432854826820828,0.035486633355480815,0.06494311164205376,0.07257805830318834,0.0973384028935486,0,139,139
oasis,16,heat_norm18,template_random_bounded_residual,4,2,0.033693075358540346,0.0012886702678858272,0.033693075358540346,0.056720965657818714,0.07114361500445172,0.1015416799310323,0,139,139
oasis,16,heat_norm18,template_random_bounded_residual,4,3,0.03610736011909788,0.0015159346183387713,0.03610736011909788,0.06218549941813069,0.07972323924011836,0.114140757214707,0,139,139
oasis,16,heat_norm18,template_random_bounded_residual,5,1,0.037840497438277776,0.0016436574265420762,0.037840497438277776,0.06816760130417224,0.08308188744724158,0.0885823463337847,0,139,139
oasis,16,heat_norm18,template_random_bounded_residual,5,2,0.03528554027638478,0.0014397213666675179,0.03528554027638478,0.06579363452494805,0.07700015514025667,0.0868488068948663,0,139,139
oasis,16,heat_norm18,template_random_bounded_residual,5,3,0.038054499927720795,0.0016724522242536957,0.038054499927720795,0.0694645458048229,0.08476487769957738,0.0876234608207788,0,139,139
oasis,16,heat_norm18,template_random_projection,1,1,0.038990203164530696,0.001829996480595295,0.038990203164530696,0.07655995831022688,0.101600375999365,0.1509855413840866,0,139,139
oasis,16,heat_norm18,template_random_projection,1,2,0.03672950304765612,0.0015877982869014267,0.03672950304765612,0.07171110019814231,0.08782491726552916,0.1191167400129278,0,139,139
oasis,16,heat_norm18,template_random_projection,1,3,0.03953474270251168,0.0018206386826796846,0.03953474270251168,0.07122500394254846,0.09128044013653833,0.1358535952811625,0,139,139
oasis,16,heat_norm18,template_random_projection,2,1,0.03678498523809201,0.0014887137619022928,0.03678498523809201,0.0555720225887827,0.07542239018197178,0.0808577692206168,0,139,139
oasis,16,heat_norm18,template_random_projection,2,2,0.0346065241473098,0.0013758063593007452,0.0346065241473098,0.057572223921096614,0.07235022071353622,0.1260743269227194,0,139,139
oasis,16,heat_norm18,template_random_projection,2,3,0.042288848834390824,0.001989461987765867,0.042288848834390824,0.0698359686035608,0.08990167952662073,0.0952691403209157,0,139,139
oasis,16,heat_norm18,template_random_projection,3,1,0.039795077536463046,0.001821943259836531,0.039795077536463046,0.07326260389406113,0.08433221644248198,0.0989786649176173,0,139,139
oasis,16,heat_norm18,template_random_projection,3,2,0.03486451582772743,0.0014189704784572843,0.03486451582772743,0.06042802101306824,0.08618371053784903,0.1005946829386089,0,139,139
oasis,16,heat_norm18,template_random_projection,3,3,0.04115397883409597,0.0019819927801477096,0.04115397883409597,0.07592400824147748,0.09448927834004683,0.1194043952359564,0,139,139
oasis,16,heat_norm18,template_random_projection,4,1,0.0372424106918688,0.0015699683345583681,0.0372424106918688,0.06880417328305267,0.08242518222488285,0.096314004534441,0,139,139
oasis,16,heat_norm18,template_random_projection,4,2,0.035833731135575135,0.0014643077322226404,0.035833731135575135,0.0605390788541453,0.08518109237497559,0.1046033738492153,0,139,139
oasis,16,heat_norm18,template_random_projection,4,3,0.03757608674387509,0.0016335678807350273,0.03757608674387509,0.06270966475511262,0.08806600841894016,0.1159714938242719,0,139,139
oasis,16,heat_norm18,template_random_projection,5,1,0.039940172192351034,0.0018190063031589439,0.039940172192351034,0.07129805779682198,0.08715164526094062,0.09461716035308,0,139,139
oasis,16,heat_norm18,template_random_projection,5,2,0.03743308998544497,0.0016253985398953696,0.03743308998544497,0.0671574902854358,0.08517216194356306,0.1063833359830337,0,139,139
oasis,16,heat_norm18,template_random_projection,5,3,0.03984279046729527,0.0018065755700137737,0.03984279046729527,0.07102092180943899,0.0857883448642049,0.08852749208153,0,139,139
oasis,16,heat_norm18,template_random_robust,1,1,0.037182501143495965,0.0016471545452623677,0.037182501143495965,0.06957019933991099,0.08799484465896036,0.1312496581197772,0,139,139
oasis,16,heat_norm18,template_random_robust,1,2,0.034340569436760754,0.001381053841809929,0.034340569436760754,0.06410275228314784,0.0837699427470312,0.105250883542585,0,139,139
oasis,16,heat_norm18,template_random_robust,1,3,0.0380185110172929,0.0016858487198666877,0.0380185110172929,0.06991783716039994,0.08762205992644188,0.1179345373581677,0,139,139
oasis,16,heat_norm18,template_random_robust,2,1,0.034829007032804976,0.0013411127387140417,0.034829007032804976,0.053832536047356695,0.06799932497002753,0.0794505209306936,0,139,139
oasis,16,heat_norm18,template_random_robust,2,2,0.03213630783902451,0.001173741394980751,0.03213630783902451,0.052588951857420546,0.06997161567124363,0.096980925471533,0,139,139
oasis,16,heat_norm18,template_random_robust,2,3,0.040525474782805236,0.0018342168785979382,0.040525474782805236,0.06461143312887496,0.08057519728380268,0.0945889156496329,0,139,139
oasis,16,heat_norm18,template_random_robust,3,1,0.0375979009803494,0.0016619157238131424,0.0375979009803494,0.0702441542070691,0.08529457613499852,0.0998014076662966,0,139,139
oasis,16,heat_norm18,template_random_robust,3,2,0.03303611789337856,0.0012695242865154203,0.03303611789337856,0.05753699786691572,0.07551722340636276,0.0920432055515855,0,139,139
oasis,16,heat_norm18,template_random_robust,3,3,0.039760890357753674,0.0018595985125875929,0.039760890357753674,0.07400079518671444,0.09495139745827161,0.1192530522697441,0,139,139
oasis,16,heat_norm18,template_random_robust,4,1,0.035486633355480815,0.001432854826820828,0.035486633355480815,0.06494311164205376,0.07257805830318834,0.0973384028935486,0,139,139
oasis,16,heat_norm18,template_random_robust,4,2,0.033693075358540346,0.0012886702678858272,0.033693075358540346,0.056720965657818714,0.07114361500445172,0.1015416799310323,0,139,139
oasis,16,heat_norm18,template_random_robust,4,3,0.03610736011909788,0.0015159346183387713,0.03610736011909788,0.06218549941813069,0.07972323924011836,0.114140757214707,0,139,139
oasis,16,heat_norm18,template_random_robust,5,1,0.037840497438277776,0.0016436574265420762,0.037840497438277776,0.06816760130417224,0.08308188744724158,0.0885823463337847,0,139,139
oasis,16,heat_norm18,template_random_robust,5,2,0.03528554027638478,0.0014397213666675179,0.03528554027638478,0.06579363452494805,0.07700015514025667,0.0868488068948663,0,139,139
oasis,16,heat_norm18,template_random_robust,5,3,0.038054499927720795,0.0016724522242536957,0.038054499927720795,0.0694645458048229,0.08476487769957738,0.0876234608207788,0,139,139
oasis,16,heat_norm18,template_selected_bounded_residual,1,1,0.03423195659148623,0.0014559418459300021,0.03423195659148623,0.058640980021436626,0.08054518496517533,0.1807428512642305,0,139,139
oasis,16,heat_norm18,template_selected_bounded_residual,1,2,0.030657683039793517,0.0010779957282914942,0.030657683039793517,0.051170009644000404,0.06917651500608081,0.0993360759841278,0,139,139
oasis,16,heat_norm18,template_selected_bounded_residual,1,3,0.0380185110172929,0.0016858487198666877,0.0380185110172929,0.06991783716039994,0.08762205992644188,0.1179345373581677,0,139,139
oasis,16,heat_norm18,template_selected_bounded_residual,2,1,0.033445722866817414,0.0012591670812263991,0.033445722866817414,0.051772180573087974,0.07380650595317602,0.1082734524346826,0,139,139
oasis,16,heat_norm18,template_selected_bounded_residual,2,2,0.030104493176725422,0.0009975996396557496,0.030104493176725422,0.047948759837409316,0.05806239380117666,0.069476811163206,0,139,139
oasis,16,heat_norm18,template_selected_bounded_residual,2,3,0.032326448843247424,0.001156656306794649,0.032326448843247424,0.05149838212676281,0.06837588589836313,0.0746380927363948,0,139,139
oasis,16,heat_norm18,template_selected_bounded_residual,3,1,0.03505234120731166,0.0014435889541377532,0.03505234120731166,0.06540003609694386,0.08871419925053574,0.1095849187769392,0,139,139
oasis,16,heat_norm18,template_selected_bounded_residual,3,2,0.030902465821975318,0.0010937614457159545,0.030902465821975318,0.05284540516903883,0.0686110093627721,0.0827635811445777,0,139,139
oasis,16,heat_norm18,template_selected_bounded_residual,3,3,0.039760890357753674,0.0018595985125875929,0.039760890357753674,0.07400079518671444,0.09495139745827161,0.1192530522697441,0,139,139
oasis,16,heat_norm18,template_selected_bounded_residual,4,1,0.032974001526120414,0.0012254634458141519,0.032974001526120414,0.05407444701579392,0.0791200921540545,0.0935653195989846,0,139,139
oasis,16,heat_norm18,template_selected_bounded_residual,4,2,0.029845762877882893,0.000998479319338257,0.029845762877882893,0.04885724133585152,0.06569224935027093,0.0816862098372411,0,139,139
oasis,16,heat_norm18,template_selected_bounded_residual,4,3,0.03610736011909788,0.0015159346183387713,0.03610736011909788,0.06218549941813069,0.07972323924011836,0.114140757214707,0,139,139
oasis,16,heat_norm18,template_selected_bounded_residual,5,1,0.03471316723433433,0.0013771054201013981,0.03471316723433433,0.062132652907996924,0.07492868016742982,0.1050655338920576,0,139,139
oasis,16,heat_norm18,template_selected_bounded_residual,5,2,0.030853154169553195,0.0010658587428479193,0.030853154169553195,0.05172055287919645,0.06353140278293122,0.069400585840176,0,139,139
oasis,16,heat_norm18,template_selected_bounded_residual,5,3,0.03442252238519057,0.0013410355218914927,0.03442252238519057,0.06285208322461372,0.07098856938978747,0.0738848768728379,0,139,139
oasis,16,heat_norm18,template_selected_projection,1,1,0.03605756889057681,0.0016073847965424137,0.03605756889057681,0.06828019818657648,0.08716995291003747,0.1865854721674502,0,139,139
oasis,16,heat_norm18,template_selected_projection,1,2,0.032870275190297685,0.0012505425188690468,0.032870275190297685,0.054211290798255034,0.08248632070730554,0.1162016463048021,0,139,139
oasis,16,heat_norm18,template_selected_projection,1,3,0.03953474270251168,0.0018206386826796846,0.03953474270251168,0.07122500394254846,0.09128044013653833,0.1358535952811625,0,139,139
oasis,16,heat_norm18,template_selected_projection,2,1,0.03514141434265199,0.0013830796993237065,0.03514141434265199,0.059082929475576015,0.07606925264120423,0.112285922359936,0,139,139
oasis,16,heat_norm18,template_selected_projection,2,2,0.03238514199928301,0.00115189839029789,0.03238514199928301,0.05166127680920143,0.06777869658811975,0.0740695070089407,0,139,139
oasis,16,heat_norm18,template_selected_projection,2,3,0.03438406193805467,0.0013049078934633995,0.03438406193805467,0.054137957596343864,0.0714056012608697,0.0903811099676542,0,139,139
oasis,16,heat_norm18,template_selected_projection,3,1,0.036555558952150555,0.0015532389881365675,0.036555558952150555,0.06570753576843855,0.08906904199219288,0.1123043762423557,0,139,139
oasis,16,heat_norm18,template_selected_projection,3,2,0.03279392475618596,0.001227132005756343,0.03279392475618596,0.05771546287250443,0.07396946787584326,0.0843916819260221,0,139,139
oasis,16,heat_norm18,template_selected_projection,3,3,0.04115397883409597,0.0019819927801477096,0.04115397883409597,0.07592400824147748,0.09448927834004683,0.1194043952359564,0,139,139
oasis,16,heat_norm18,template_selected_projection,4,1,0.03479017303829939,0.0013613974929647258,0.03479017303829939,0.05541523240797257,0.0878833280218227,0.0965792420104947,0,139,139
oasis,16,heat_norm18,template_selected_projection,4,2,0.03186104527010524,0.001143947070727033,0.03186104527010524,0.05450788791161159,0.07426108664548133,0.0928616201950506,0,139,139
oasis,16,heat_norm18,template_selected_projection,4,3,0.03757608674387509,0.0016335678807350273,0.03757608674387509,0.06270966475511262,0.08806600841894016,0.1159714938242719,0,139,139
oasis,16,heat_norm18,template_selected_projection,5,1,0.036627932347533476,0.0015119982114098725,0.036627932347533476,0.0643086278017798,0.07635489965470764,0.107130288825218,0,139,139
oasis,16,heat_norm18,template_selected_projection,5,2,0.033089332393313436,0.0012203277312403979,0.033089332393313436,0.0540771268496654,0.06857491039470173,0.073027018008805,0,139,139
oasis,16,heat_norm18,template_selected_projection,5,3,0.03622865436855834,0.0014779822847300532,0.03622865436855834,0.06552076444401483,0.07390715537007804,0.0768101748738031,0,139,139
oasis,16,heat_norm18,template_selected_robust,1,1,0.03423195659148623,0.0014559418459300021,0.03423195659148623,0.058640980021436626,0.08054518496517533,0.1807428512642305,0,139,139
oasis,16,heat_norm18,template_selected_robust,1,2,0.030657683039793517,0.0010779957282914942,0.030657683039793517,0.051170009644000404,0.06917651500608081,0.0993360759841278,0,139,139
oasis,16,heat_norm18,template_selected_robust,1,3,0.0380185110172929,0.0016858487198666877,0.0380185110172929,0.06991783716039994,0.08762205992644188,0.1179345373581677,0,139,139
oasis,16,heat_norm18,template_selected_robust,2,1,0.033445722866817414,0.0012591670812263991,0.033445722866817414,0.051772180573087974,0.07380650595317602,0.1082734524346826,0,139,139
oasis,16,heat_norm18,template_selected_robust,2,2,0.030104493176725422,0.0009975996396557496,0.030104493176725422,0.047948759837409316,0.05806239380117666,0.069476811163206,0,139,139
oasis,16,heat_norm18,template_selected_robust,2,3,0.032326448843247424,0.001156656306794649,0.032326448843247424,0.05149838212676281,0.06837588589836313,0.0746380927363948,0,139,139
oasis,16,heat_norm18,template_selected_robust,3,1,0.03505234120731166,0.0014435889541377532,0.03505234120731166,0.06540003609694386,0.08871419925053574,0.1095849187769392,0,139,139
oasis,16,heat_norm18,template_selected_robust,3,2,0.030902465821975318,0.0010937614457159545,0.030902465821975318,0.05284540516903883,0.0686110093627721,0.0827635811445777,0,139,139
oasis,16,heat_norm18,template_selected_robust,3,3,0.039760890357753674,0.0018595985125875929,0.039760890357753674,0.07400079518671444,0.09495139745827161,0.1192530522697441,0,139,139
oasis,16,heat_norm18,template_selected_robust,4,1,0.032974001526120414,0.0012254634458141519,0.032974001526120414,0.05407444701579392,0.0791200921540545,0.0935653195989846,0,139,139
oasis,16,heat_norm18,template_selected_robust,4,2,0.029845762877882893,0.000998479319338257,0.029845762877882893,0.04885724133585152,0.06569224935027093,0.0816862098372411,0,139,139
oasis,16,heat_norm18,template_selected_robust,4,3,0.03610736011909788,0.0015159346183387713,0.03610736011909788,0.06218549941813069,0.07972323924011836,0.114140757214707,0,139,139
oasis,16,heat_norm18,template_selected_robust,5,1,0.03471316723433433,0.0013771054201013981,0.03471316723433433,0.062132652907996924,0.07492868016742982,0.1050655338920576,0,139,139
oasis,16,heat_norm18,template_selected_robust,5,2,0.030853154169553195,0.0010658587428479193,0.030853154169553195,0.05172055287919645,0.06353140278293122,0.069400585840176,0,139,139
oasis,16,heat_norm18,template_selected_robust,5,3,0.03442252238519057,0.0013410355218914927,0.03442252238519057,0.06285208322461372,0.07098856938978747,0.0738848768728379,0,139,139
oasis,16,heat_raw18,atlas_random_aligned,1,1,0.025078976284378725,0.0006946911405233906,0.025078976284378725,0.03428164320642178,0.06786489883564653,0.0768229357797006,0,139,139
oasis,16,heat_raw18,atlas_random_aligned,1,2,0.022808317356474296,0.0005623489529831898,0.022808317356474296,0.032715225404792395,0.046459705541303936,0.0708235672830142,0,139,139
oasis,16,heat_raw18,atlas_random_aligned,1,3,0.02522726796771937,0.0006954886539655287,0.02522726796771937,0.03601801074895823,0.06532267727826127,0.0740833005494857,0,139,139
oasis,16,heat_raw18,atlas_random_aligned,2,1,0.023909554896965453,0.000601509312715298,0.023909554896965453,0.03156047814611321,0.045363278631644535,0.0527670887657614,0,139,139
oasis,16,heat_raw18,atlas_random_aligned,2,2,0.02271114569837892,0.000546170994129531,0.02271114569837892,0.03392672380390826,0.043731846781248036,0.0486218845950531,0,139,139
oasis,16,heat_raw18,atlas_random_aligned,2,3,0.025432152804026754,0.0006807733172634546,0.025432152804026754,0.037512114903232634,0.04846152076830681,0.0521870371352323,0,139,139
oasis,16,heat_raw18,atlas_random_aligned,3,1,0.023004937542179422,0.000555239849462541,0.023004937542179422,0.028936940192461402,0.04590861695958657,0.050615914297724,0,139,139
oasis,16,heat_raw18,atlas_random_aligned,3,2,0.02211703279754784,0.0005075526238384425,0.02211703279754784,0.029100083601522074,0.03564437820042304,0.0464076458793555,0,139,139
oasis,16,heat_raw18,atlas_random_aligned,3,3,0.02455084458537459,0.0006327780920224467,0.02455084458537459,0.03351949330420498,0.046900407907222844,0.0533357548884902,0,139,139
oasis,16,heat_raw18,atlas_random_aligned,4,1,0.023722523861628212,0.0006094328130493835,0.023722523861628212,0.03201212344813921,0.047401394018139684,0.0773155151646881,0,139,139
oasis,16,heat_raw18,atlas_random_aligned,4,2,0.022584063065027388,0.0005396080842915402,0.022584063065027388,0.03120081244175172,0.035410227476501493,0.0638342618299739,0,139,139
oasis,16,heat_raw18,atlas_random_aligned,4,3,0.024115630016708495,0.0006112478818215122,0.024115630016708495,0.03175252540163017,0.038844588504845026,0.0613490889935275,0,139,139
oasis,16,heat_raw18,atlas_random_aligned,5,1,0.024353010998769343,0.0006241918011776086,0.024353010998769343,0.03576374780399823,0.0405175729346016,0.0526818171624858,0,139,139
oasis,16,heat_raw18,atlas_random_aligned,5,2,0.023146907238971733,0.0005657592984758094,0.023146907238971733,0.03241945160684409,0.042670574987054066,0.0510066821289567,0,139,139
oasis,16,heat_raw18,atlas_random_aligned,5,3,0.025160070612002938,0.0006685748924236956,0.025160070612002938,0.03633079197036891,0.04531339646263989,0.0596781610693514,0,139,139
oasis,16,heat_raw18,atlas_random_mean,1,1,0.13738900210118868,0.02140982883650365,0.13738900210118868,0.18478341861266312,0.36456627439512634,0.3836173298436859,0,139,139
oasis,16,heat_raw18,atlas_random_mean,1,2,0.13727881644694773,0.02138825183467159,0.13727881644694773,0.18759460673418374,0.368734895575849,0.3743018720868541,0,139,139
oasis,16,heat_raw18,atlas_random_mean,1,3,0.13903943412806524,0.021832937456548,0.13903943412806524,0.19699904098030357,0.3588275844555267,0.3754811214122378,0,139,139
oasis,16,heat_raw18,atlas_random_mean,2,1,0.13693555489463874,0.020842967912880685,0.13693555489463874,0.1798566958500616,0.31362525572075234,0.4432654098062407,0,139,139
oasis,16,heat_raw18,atlas_random_mean,2,2,0.13689040927802051,0.020924246538336053,0.13689040927802051,0.18351130680778382,0.31866589381172705,0.4520439834810298,0,139,139
oasis,16,heat_raw18,atlas_random_mean,2,3,0.13785354023501215,0.02116794147676493,0.13785354023501215,0.19091247629054683,0.31092438791306204,0.4394109999429702,0,139,139
oasis,16,heat_raw18,atlas_random_mean,3,1,0.13391619642797628,0.02001309125942919,0.13391619642797628,0.18083880013749218,0.31250534075283476,0.4433409607023069,0,139,139
oasis,16,heat_raw18,atlas_random_mean,3,2,0.1334711432110502,0.01998174020398534,0.1334711432110502,0.1818104402851129,0.31629127039203725,0.4519113574515719,0,139,139
oasis,16,heat_raw18,atlas_random_mean,3,3,0.13580162242122784,0.020578430414160426,0.13580162242122784,0.1951617083635982,0.3081464655900118,0.4393632425379693,0,139,139
oasis,16,heat_raw18,atlas_random_mean,4,1,0.13558225884294461,0.020134298648463247,0.13558225884294461,0.2008489173010991,0.3028958208398889,0.3595446954336959,0,139,139
oasis,16,heat_raw18,atlas_random_mean,4,2,0.13522465487977828,0.020109982565534514,0.13522465487977828,0.20065337126468027,0.3056558056571383,0.3650004752232471,0,139,139
oasis,16,heat_raw18,atlas_random_mean,4,3,0.13704322826429036,0.02057534552927918,0.13704322826429036,0.20628766182654837,0.2962380242987523,0.358787796336711,0,139,139
oasis,16,heat_raw18,atlas_random_mean,5,1,0.1347143505163465,0.019946556261100507,0.1347143505163465,0.18153280275771458,0.2719429316233429,0.443780504356907,0,139,139
oasis,16,heat_raw18,atlas_random_mean,5,2,0.1341768562326266,0.019879958975019818,0.1341768562326266,0.18014134254970993,0.27816070630655937,0.4524658031541464,0,139,139
oasis,16,heat_raw18,atlas_random_mean,5,3,0.13614764567938262,0.020440180520362644,0.13614764567938262,0.19503062928443168,0.27925921364740164,0.4400289128220818,0,139,139
oasis,16,heat_raw18,atlas_selected_aligned,1,1,0.024819856525003587,0.0006636379094480892,0.024819856525003587,0.0337956387871249,0.05751109950389475,0.0683522962629996,0,139,139
oasis,16,heat_raw18,atlas_selected_aligned,1,2,0.02240943415882803,0.0005404113475676633,0.02240943415882803,0.031211243827372236,0.05086107679362746,0.0625483664454711,0,139,139
oasis,16,heat_raw18,atlas_selected_aligned,1,3,0.025182977863296964,0.000697006090987913,0.025182977863296964,0.03587085939483314,0.06719972734464473,0.076068170331266,0,139,139
oasis,16,heat_raw18,atlas_selected_aligned,2,1,0.024543433498740705,0.0006309018113692784,0.024543433498740705,0.03463861712829486,0.04403093413940117,0.0507441590005624,0,139,139
oasis,16,heat_raw18,atlas_selected_aligned,2,2,0.022431290348566578,0.0005320206569333208,0.022431290348566578,0.03147153859156164,0.04439999549974846,0.0472099909212374,0,139,139
oasis,16,heat_raw18,atlas_selected_aligned,2,3,0.024283682461828528,0.0006185292760774222,0.024283682461828528,0.032490348697872866,0.04417467367758134,0.0536224937020139,0,139,139
oasis,16,heat_raw18,atlas_selected_aligned,3,1,0.023721618165208198,0.0005920987633154663,0.023721618165208198,0.03080567513750813,0.0473473668232298,0.0508414337871839,0,139,139
oasis,16,heat_raw18,atlas_selected_aligned,3,2,0.021079372555703055,0.0004621138092426647,0.021079372555703055,0.026958878894217494,0.03445680384226481,0.04557907277833,0,139,139
oasis,16,heat_raw18,atlas_selected_aligned,3,3,0.02455084458537459,0.0006327780920224467,0.02455084458537459,0.03351949330420498,0.046900407907222844,0.0533357548884902,0,139,139
oasis,16,heat_raw18,atlas_selected_aligned,4,1,0.024356683767148727,0.0006322836301614505,0.024356683767148727,0.03199498898780521,0.04653951867004546,0.0681782122048683,0,139,139
oasis,16,heat_raw18,atlas_selected_aligned,4,2,0.02194974664185862,0.000510790125100285,0.02194974664185862,0.03056247073325395,0.03525011731962525,0.0624876021417092,0,139,139
oasis,16,heat_raw18,atlas_selected_aligned,4,3,0.024253547316762582,0.0006290780156817367,0.024253547316762582,0.03336656695620197,0.04047748859869945,0.0741837627601111,0,139,139
oasis,16,heat_raw18,atlas_selected_aligned,5,1,0.024556875194605043,0.0006315780398430562,0.024556875194605043,0.033902512623652244,0.04135959067102666,0.0508570051851693,0,139,139
oasis,16,heat_raw18,atlas_selected_aligned,5,2,0.021945002766315176,0.0005069388511092935,0.021945002766315176,0.030399682714209016,0.040706412609348666,0.045413522458285,0,139,139
oasis,16,heat_raw18,atlas_selected_aligned,5,3,0.024792902276588872,0.0006462450448388518,0.024792902276588872,0.036620486239534164,0.04397993000522335,0.0525031148896761,0,139,139
oasis,16,heat_raw18,atlas_selected_mean,1,1,0.13738900210118868,0.02140982883650365,0.13738900210118868,0.18478341861266312,0.36456627439512634,0.3836173298436859,0,139,139
oasis,16,heat_raw18,atlas_selected_mean,1,2,0.13727881644694773,0.02138825183467159,0.13727881644694773,0.18759460673418374,0.368734895575849,0.3743018720868541,0,139,139
oasis,16,heat_raw18,atlas_selected_mean,1,3,0.13903943412806524,0.021832937456548,0.13903943412806524,0.19699904098030357,0.3588275844555267,0.3754811214122378,0,139,139
oasis,16,heat_raw18,atlas_selected_mean,2,1,0.13693555489463874,0.020842967912880685,0.13693555489463874,0.1798566958500616,0.31362525572075234,0.4432654098062407,0,139,139
oasis,16,heat_raw18,atlas_selected_mean,2,2,0.13689040927802051,0.020924246538336053,0.13689040927802051,0.18351130680778382,0.31866589381172705,0.4520439834810298,0,139,139
oasis,16,heat_raw18,atlas_selected_mean,2,3,0.13785354023501215,0.02116794147676493,0.13785354023501215,0.19091247629054683,0.31092438791306204,0.4394109999429702,0,139,139
oasis,16,heat_raw18,atlas_selected_mean,3,1,0.13391619642797628,0.02001309125942919,0.13391619642797628,0.18083880013749218,0.31250534075283476,0.4433409607023069,0,139,139
oasis,16,heat_raw18,atlas_selected_mean,3,2,0.1334711432110502,0.01998174020398534,0.1334711432110502,0.1818104402851129,0.31629127039203725,0.4519113574515719,0,139,139
oasis,16,heat_raw18,atlas_selected_mean,3,3,0.13580162242122784,0.020578430414160426,0.13580162242122784,0.1951617083635982,0.3081464655900118,0.4393632425379693,0,139,139
oasis,16,heat_raw18,atlas_selected_mean,4,1,0.13558225884294461,0.020134298648463247,0.13558225884294461,0.2008489173010991,0.3028958208398889,0.3595446954336959,0,139,139
oasis,16,heat_raw18,atlas_selected_mean,4,2,0.13522465487977828,0.020109982565534514,0.13522465487977828,0.20065337126468027,0.3056558056571383,0.3650004752232471,0,139,139
oasis,16,heat_raw18,atlas_selected_mean,4,3,0.13704322826429036,0.02057534552927918,0.13704322826429036,0.20628766182654837,0.2962380242987523,0.358787796336711,0,139,139
oasis,16,heat_raw18,atlas_selected_mean,5,1,0.1347143505163465,0.019946556261100507,0.1347143505163465,0.18153280275771458,0.2719429316233429,0.443780504356907,0,139,139
oasis,16,heat_raw18,atlas_selected_mean,5,2,0.1341768562326266,0.019879958975019818,0.1341768562326266,0.18014134254970993,0.27816070630655937,0.4524658031541464,0,139,139
oasis,16,heat_raw18,atlas_selected_mean,5,3,0.13614764567938262,0.020440180520362644,0.13614764567938262,0.19503062928443168,0.27925921364740164,0.4400289128220818,0,139,139
oasis,16,heat_raw18,floor_random_robust,1,1,0.086399912633544,0.007731019004922493,0.086399912633544,0.10940510695876023,0.13477969126680867,0.225334147505726,0,139,139
oasis,16,heat_raw18,floor_random_robust,1,2,0.08025754135463863,0.006629690196888647,0.08025754135463863,0.10595789022612762,0.12611004055298797,0.1862278058915659,0,139,139
oasis,16,heat_raw18,floor_random_robust,1,3,0.09257375426902452,0.008788591667164579,0.09257375426902452,0.11239936972705,0.1610810438282749,0.1812696057894454,0,139,139
oasis,16,heat_raw18,floor_random_robust,2,1,0.08099040393539124,0.0067011814619940225,0.08099040393539124,0.09725841791637134,0.12817833205852888,0.1622073350775654,0,139,139
oasis,16,heat_raw18,floor_random_robust,2,2,0.0787290852567226,0.006381300100462979,0.0787290852567226,0.09672183505287102,0.14693032993427743,0.1605310447953176,0,139,139
oasis,16,heat_raw18,floor_random_robust,2,3,0.09249608967270734,0.008797519277908863,0.09249608967270734,0.11412308432169718,0.14926976746993917,0.2131928875135181,0,139,139
oasis,16,heat_raw18,floor_random_robust,3,1,0.08437515763731042,0.007273828457783675,0.08437515763731042,0.10624968617046575,0.12700871006191247,0.1373621744401024,0,139,139
oasis,16,heat_raw18,floor_random_robust,3,2,0.0783432953205669,0.006261795729985869,0.0783432953205669,0.09594352835128972,0.11417532216670578,0.1427243799315868,0,139,139
oasis,16,heat_raw18,floor_random_robust,3,3,0.0917186016320024,0.00857432033634336,0.0917186016320024,0.11512029278348557,0.1387114432506359,0.1482803682217959,0,139,139
oasis,16,heat_raw18,floor_random_robust,4,1,0.08272252658046683,0.006953131750886681,0.08272252658046683,0.10169073116943501,0.1199174879579766,0.1374680189146952,0,139,139
oasis,16,heat_raw18,floor_random_robust,4,2,0.08752994235479733,0.008073798102244449,0.08752994235479733,0.10210787276950002,0.12414512913384416,0.3014012508037612,0,139,139
oasis,16,heat_raw18,floor_random_robust,4,3,0.08911941550100234,0.008139882524966738,0.08911941550100234,0.10617580829148772,0.1387552871794332,0.203238133706627,0,139,139
oasis,16,heat_raw18,floor_random_robust,5,1,0.08221126316365863,0.006927723118162255,0.08221126316365863,0.10776281106816964,0.1325606459638799,0.1477034706785724,0,139,139
oasis,16,heat_raw18,floor_random_robust,5,2,0.08163219161172436,0.006885086732280208,0.08163219161172436,0.11065607611637698,0.14840404916538869,0.1649845893288258,0,139,139
oasis,16,heat_raw18,floor_random_robust,5,3,0.0958145689966452,0.009367517777052045,0.0958145689966452,0.11604686633905553,0.15333203829823933,0.1781934568199977,0,139,139
oasis,16,heat_raw18,ordinary_selected,1,1,0.08224557681289646,0.007261208908387992,0.08224557681289646,0.10559399239200727,0.18946546727444322,0.2046898888611794,0,139,139
oasis,16,heat_raw18,ordinary_selected,1,2,0.07311197313208406,0.005761185801769806,0.07311197313208406,0.0893559849922911,0.1776393604172703,0.2190764340721878,0,139,139
oasis,16,heat_raw18,ordinary_selected,1,3,0.08812194209606478,0.008646938943763125,0.08812194209606478,0.12065868971324174,0.2639671427263738,0.2732217283918374,0,139,139
oasis,16,heat_raw18,ordinary_selected,2,1,0.08205586131473579,0.007178576252625086,0.08205586131473579,0.107193212496079,0.17872237594280768,0.2382883451848799,0,139,139
oasis,16,heat_raw18,ordinary_selected,2,2,0.07198709562073598,0.005487424159369828,0.07198709562073598,0.08936498029209049,0.14280837099681237,0.2204417055465822,0,139,139
oasis,16,heat_raw18,ordinary_selected,2,3,0.08815443642537064,0.008212227525863392,0.08815443642537064,0.10898385766519264,0.17986732864480529,0.2408721070353028,0,139,139
oasis,16,heat_raw18,ordinary_selected,3,1,0.08132925206027485,0.006966484159523454,0.08132925206027485,0.10141849993222612,0.1767867090614871,0.2085622014948678,0,139,139
oasis,16,heat_raw18,ordinary_selected,3,2,0.07091170916114854,0.005202666872024183,0.07091170916114854,0.08839579134014897,0.13059602163658604,0.1587468949281232,0,139,139
oasis,16,heat_raw18,ordinary_selected,3,3,0.09246694201416797,0.00882302486520351,0.09246694201416797,0.12007550000370792,0.16847278261742693,0.1757936719015414,0,139,139
oasis,16,heat_raw18,ordinary_selected,4,1,0.08175025062859871,0.006886726830966341,0.08175025062859871,0.09832333067619309,0.14875813959775283,0.180216428138618,0,139,139
oasis,16,heat_raw18,ordinary_selected,4,2,0.07083382047842497,0.005299970006243089,0.07083382047842497,0.08737062238140866,0.12565484906519342,0.2306062325219529,0,139,139
oasis,16,heat_raw18,ordinary_selected,4,3,0.08682683771196961,0.00788200635185682,0.08682683771196961,0.10571736058746327,0.1672507152857215,0.2390370187997997,0,139,139
oasis,16,heat_raw18,ordinary_selected,5,1,0.08236417329411895,0.007177184739744648,0.08236417329411895,0.10999127536488397,0.18186582354693076,0.1945273909269231,0,139,139
oasis,16,heat_raw18,ordinary_selected,5,2,0.0723052623026651,0.005475843340785447,0.0723052623026651,0.09397219462204456,0.13918114626608594,0.1815041398467295,0,139,139
oasis,16,heat_raw18,ordinary_selected,5,3,0.0870189067051935,0.008320490448634007,0.0870189067051935,0.111940964202241,0.17255695191481532,0.3521199450440646,0,139,139
oasis,16,heat_raw18,random_bounded_residual,1,1,0.08733455517151842,0.008129583830335655,0.08733455517151842,0.1147529485454587,0.19439397752660925,0.2602953360814763,0,139,139
oasis,16,heat_raw18,random_bounded_residual,1,2,0.08265133557262308,0.0071906157089920205,0.08265133557262308,0.10997441020681192,0.15629054055362587,0.236824283780926,0,139,139
oasis,16,heat_raw18,random_bounded_residual,1,3,0.08983758183704195,0.008633289287424335,0.08983758183704195,0.11673202950001949,0.20717478763338765,0.262864244832798,0,139,139
oasis,16,heat_raw18,random_bounded_residual,2,1,0.08280336159103285,0.007133502548498674,0.08280336159103285,0.10041394784639078,0.1668484917105973,0.1768659689682883,0,139,139
oasis,16,heat_raw18,random_bounded_residual,2,2,0.07872512007501761,0.00647059856374224,0.07872512007501761,0.09883693470023458,0.15976991549699532,0.1785506962029905,0,139,139
oasis,16,heat_raw18,random_bounded_residual,2,3,0.08900532730129321,0.008344731995509634,0.08900532730129321,0.11005905744824143,0.15755830163515486,0.2599916512835297,0,139,139
oasis,16,heat_raw18,random_bounded_residual,3,1,0.08411926204817095,0.007275088331463306,0.08411926204817095,0.10785982704495094,0.1410586708038693,0.1455811624798471,0,139,139
oasis,16,heat_raw18,random_bounded_residual,3,2,0.07892836803920383,0.006438486831623842,0.07892836803920383,0.09844971667854274,0.13925217141982232,0.1790215592506273,0,139,139
oasis,16,heat_raw18,random_bounded_residual,3,3,0.0914210026317703,0.008574135562081052,0.0914210026317703,0.11783665861561143,0.15074944943817814,0.1611401636005262,0,139,139
oasis,16,heat_raw18,random_bounded_residual,4,1,0.08354008199079364,0.007381803483661276,0.08354008199079364,0.10253947046415274,0.14448284861330024,0.2705248887401647,0,139,139
oasis,16,heat_raw18,random_bounded_residual,4,2,0.08678034801979487,0.007784439373822483,0.08678034801979487,0.10785295041129954,0.1354755780539908,0.22266444239062,0,139,139
oasis,16,heat_raw18,random_bounded_residual,4,3,0.08556381126680229,0.007576053057071849,0.08556381126680229,0.09992332872752108,0.13365298182609273,0.222070299656136,0,139,139
oasis,16,heat_raw18,random_bounded_residual,5,1,0.08430571918569647,0.007475647772710542,0.08430571918569647,0.11691516411051597,0.16551225095540198,0.2208058622988663,0,139,139
oasis,16,heat_raw18,random_bounded_residual,5,2,0.08187875692333897,0.006978041626141152,0.08187875692333897,0.11703261388242636,0.15132099228802487,0.1635121505305486,0,139,139
oasis,16,heat_raw18,random_bounded_residual,5,3,0.09258992186453927,0.008880817308071465,0.09258992186453927,0.12408128727526682,0.17249629893444837,0.1787081360373316,0,139,139
oasis,16,heat_raw18,random_ordinary,1,1,0.08973715906916839,0.008596901932472666,0.08973715906916839,0.11725061966257626,0.19704083963382177,0.2741625697388768,0,139,139
oasis,16,heat_raw18,random_ordinary,1,2,0.08424900591237147,0.007584451285974953,0.08424900591237147,0.11360905074365388,0.1781700017456546,0.2626224001504521,0,139,139
oasis,16,heat_raw18,random_ordinary,1,3,0.0937957014671372,0.00943836632418443,0.0937957014671372,0.12351254311290571,0.2229621072343728,0.2733921196926271,0,139,139
oasis,16,heat_raw18,random_ordinary,2,1,0.08444386891170141,0.007535690609835075,0.08444386891170141,0.10694054578861031,0.18055684428528185,0.2247879421179608,0,139,139
oasis,16,heat_raw18,random_ordinary,2,2,0.0815246551359412,0.006957674159307395,0.0815246551359412,0.10265744648782203,0.16513775694264116,0.1975755618598006,0,139,139
oasis,16,heat_raw18,random_ordinary,2,3,0.09221977688700372,0.009034003376150568,0.09221977688700372,0.1220977547753457,0.17608645707440837,0.2883589162764126,0,139,139
oasis,16,heat_raw18,random_ordinary,3,1,0.08495765710291679,0.007469924855475993,0.08495765710291679,0.1093799109708537,0.15016711688986029,0.1680823872405402,0,139,139
oasis,16,heat_raw18,random_ordinary,3,2,0.07972310912668842,0.006600011123094106,0.07972310912668842,0.09744289076830355,0.14848254587418275,0.1925432105178285,0,139,139
oasis,16,heat_raw18,random_ordinary,3,3,0.09246694201416797,0.00882302486520351,0.09246694201416797,0.12007550000370792,0.16847278261742693,0.1757936719015414,0,139,139
oasis,16,heat_raw18,random_ordinary,4,1,0.08414574758145552,0.007505608143107467,0.08414574758145552,0.10603806359445961,0.14699735469207753,0.2786129328727581,0,139,139
oasis,16,heat_raw18,random_ordinary,4,2,0.08752562341758256,0.007979462419277439,0.08752562341758256,0.10835452913642843,0.1368387314813101,0.2518224255054461,0,139,139
oasis,16,heat_raw18,random_ordinary,4,3,0.08842456703220496,0.00818294203086122,0.08842456703220496,0.10213571197910058,0.1501417275034991,0.2616425344452592,0,139,139
oasis,16,heat_raw18,random_ordinary,5,1,0.08625880952357662,0.00775402737759466,0.08625880952357662,0.12008959216305869,0.15947155246692338,0.1988895525174889,0,139,139
oasis,16,heat_raw18,random_ordinary,5,2,0.08252587731761503,0.007127700792053285,0.08252587731761503,0.11753824839240941,0.14605152843614838,0.1956824727496159,0,139,139
oasis,16,heat_raw18,random_ordinary,5,3,0.09332562286766938,0.009061076779230041,0.09332562286766938,0.12317968694977269,0.18153608327693518,0.1906878294783746,0,139,139
oasis,16,heat_raw18,random_projection,1,1,0.08832745247320571,0.008411738831880405,0.08832745247320571,0.11562096307257679,0.2019554136701911,0.2802786889668293,0,139,139
oasis,16,heat_raw18,random_projection,1,2,0.08354382669882417,0.007380010827283849,0.08354382669882417,0.11364140547423265,0.16042567905358088,0.2486698959137192,0,139,139
oasis,16,heat_raw18,random_projection,1,3,0.09054118937475288,0.008828473791406121,0.09054118937475288,0.11618433087593609,0.21009922088116298,0.2834673230533554,0,139,139
oasis,16,heat_raw18,random_projection,2,1,0.08350671523851512,0.007262477258587187,0.08350671523851512,0.1034089097519273,0.16752541174450924,0.1877041768846717,0,139,139
oasis,16,heat_raw18,random_projection,2,2,0.07967743716519256,0.006653545938105095,0.07967743716519256,0.09981047724268004,0.16356492471994666,0.1892156793795375,0,139,139
oasis,16,heat_raw18,random_projection,2,3,0.08994376341348473,0.008539313332999244,0.08994376341348473,0.1232840453114644,0.1628270416621273,0.2547359967633588,0,139,139
oasis,16,heat_raw18,random_projection,3,1,0.08442854399256021,0.007326907000570882,0.08442854399256021,0.10867486614746774,0.13979966119764153,0.1440025364582497,0,139,139
oasis,16,heat_raw18,random_projection,3,2,0.07959242333376591,0.006554726233880518,0.07959242333376591,0.09741808113128302,0.14427807280593652,0.1820651423880499,0,139,139
oasis,16,heat_raw18,random_projection,3,3,0.09222823717362526,0.008769840929818095,0.09222823717362526,0.11987527117563371,0.16564269971746134,0.1739482442073218,0,139,139
oasis,16,heat_raw18,random_projection,4,1,0.08436913178474753,0.007438213733705747,0.08436913178474753,0.1064605160142224,0.14542108976560755,0.2415865888524248,0,139,139
oasis,16,heat_raw18,random_projection,4,2,0.08752562341758256,0.007979462419277439,0.08752562341758256,0.10835452913642843,0.1368387314813101,0.2518224255054461,0,139,139
oasis,16,heat_raw18,random_projection,4,3,0.0862873907995438,0.007738730421367526,0.0862873907995438,0.10014663211707589,0.1474627676029545,0.2296175142534411,0,139,139
oasis,16,heat_raw18,random_projection,5,1,0.08625880952357662,0.00775402737759466,0.08625880952357662,0.12008959216305869,0.15947155246692338,0.1988895525174889,0,139,139
oasis,16,heat_raw18,random_projection,5,2,0.08252587731761503,0.007127700792053285,0.08252587731761503,0.11753824839240941,0.14605152843614838,0.1956824727496159,0,139,139
oasis,16,heat_raw18,random_projection,5,3,0.09332562286766938,0.009061076779230041,0.09332562286766938,0.12317968694977269,0.18153608327693518,0.1906878294783746,0,139,139
oasis,16,heat_raw18,random_robust,1,1,0.08733455517151842,0.008129583830335655,0.08733455517151842,0.1147529485454587,0.19439397752660925,0.2602953360814763,0,139,139
oasis,16,heat_raw18,random_robust,1,2,0.08265133557262308,0.0071906157089920205,0.08265133557262308,0.10997441020681192,0.15629054055362587,0.236824283780926,0,139,139
oasis,16,heat_raw18,random_robust,1,3,0.08983758183704195,0.008633289287424335,0.08983758183704195,0.11673202950001949,0.20717478763338765,0.262864244832798,0,139,139
oasis,16,heat_raw18,random_robust,2,1,0.08280336159103285,0.007133502548498674,0.08280336159103285,0.10041394784639078,0.1668484917105973,0.1768659689682883,0,139,139
oasis,16,heat_raw18,random_robust,2,2,0.07872512007501761,0.00647059856374224,0.07872512007501761,0.09883693470023458,0.15976991549699532,0.1785506962029905,0,139,139
oasis,16,heat_raw18,random_robust,2,3,0.08994376341348473,0.008539313332999244,0.08994376341348473,0.1232840453114644,0.1628270416621273,0.2547359967633588,0,139,139
oasis,16,heat_raw18,random_robust,3,1,0.08411926204817095,0.007275088331463306,0.08411926204817095,0.10785982704495094,0.1410586708038693,0.1455811624798471,0,139,139
oasis,16,heat_raw18,random_robust,3,2,0.07892836803920383,0.006438486831623842,0.07892836803920383,0.09844971667854274,0.13925217141982232,0.1790215592506273,0,139,139
oasis,16,heat_raw18,random_robust,3,3,0.0914210026317703,0.008574135562081052,0.0914210026317703,0.11783665861561143,0.15074944943817814,0.1611401636005262,0,139,139
oasis,16,heat_raw18,random_robust,4,1,0.08354008199079364,0.007381803483661276,0.08354008199079364,0.10253947046415274,0.14448284861330024,0.2705248887401647,0,139,139
oasis,16,heat_raw18,random_robust,4,2,0.08678034801979487,0.007784439373822483,0.08678034801979487,0.10785295041129954,0.1354755780539908,0.22266444239062,0,139,139
oasis,16,heat_raw18,random_robust,4,3,0.08556381126680229,0.007576053057071849,0.08556381126680229,0.09992332872752108,0.13365298182609273,0.222070299656136,0,139,139
oasis,16,heat_raw18,random_robust,5,1,0.08430571918569647,0.007475647772710542,0.08430571918569647,0.11691516411051597,0.16551225095540198,0.2208058622988663,0,139,139
oasis,16,heat_raw18,random_robust,5,2,0.08187875692333897,0.006978041626141152,0.08187875692333897,0.11703261388242636,0.15132099228802487,0.1635121505305486,0,139,139
oasis,16,heat_raw18,random_robust,5,3,0.09258992186453927,0.008880817308071465,0.09258992186453927,0.12408128727526682,0.17249629893444837,0.1787081360373316,0,139,139
oasis,16,heat_raw18,selected_bounded_residual,1,1,0.08078207543898194,0.006921384814642124,0.08078207543898194,0.10358191237096497,0.17976899417428774,0.2053128367385013,0,139,139
oasis,16,heat_raw18,selected_bounded_residual,1,2,0.07162487188437615,0.005400824461157654,0.07162487188437615,0.08839082916882497,0.15627903817995914,0.1771420048022036,0,139,139
oasis,16,heat_raw18,selected_bounded_residual,1,3,0.0857361745114896,0.007857194099492532,0.0857361745114896,0.10826211792384846,0.2000607001277653,0.2412926493178287,0,139,139
oasis,16,heat_raw18,selected_bounded_residual,2,1,0.08075618295021025,0.006886763203788724,0.08075618295021025,0.10361030101331913,0.1770012359031204,0.2033503948787256,0,139,139
oasis,16,heat_raw18,selected_bounded_residual,2,2,0.07051666993536868,0.005153715599194789,0.07051666993536868,0.08319685893628832,0.13957975361515948,0.152726889805868,0,139,139
oasis,16,heat_raw18,selected_bounded_residual,2,3,0.08660987976037367,0.007821165584403163,0.08660987976037367,0.10569397237021048,0.15799370440297533,0.2188732522155272,0,139,139
oasis,16,heat_raw18,selected_bounded_residual,3,1,0.08058472370426902,0.006873602462950989,0.08058472370426902,0.10137756316194375,0.18169380161193546,0.2182933340692828,0,139,139
oasis,16,heat_raw18,selected_bounded_residual,3,2,0.07018539125253846,0.005085820325924137,0.07018539125253846,0.08739537939908502,0.13056261384398105,0.148980845067814,0,139,139
oasis,16,heat_raw18,selected_bounded_residual,3,3,0.0914210026317703,0.008574135562081052,0.0914210026317703,0.11783665861561143,0.15074944943817814,0.1611401636005262,0,139,139
oasis,16,heat_raw18,selected_bounded_residual,4,1,0.08082611117220408,0.00675040221535965,0.08082611117220408,0.09491980682956365,0.14479576456696608,0.1962201842345684,0,139,139
oasis,16,heat_raw18,selected_bounded_residual,4,2,0.06985181838250859,0.005064187495749989,0.06985181838250859,0.08422720061920747,0.12194368752761578,0.1838504939030172,0,139,139
oasis,16,heat_raw18,selected_bounded_residual,4,3,0.08435058874061557,0.00746711345400988,0.08435058874061557,0.09902078660453181,0.13878536089946725,0.2599440779347572,0,139,139
oasis,16,heat_raw18,selected_bounded_residual,5,1,0.08121363652972521,0.0069523390437995795,0.08121363652972521,0.10664127690766079,0.16059554716321722,0.2053690495308257,0,139,139
oasis,16,heat_raw18,selected_bounded_residual,5,2,0.07019356760866947,0.0051326804565688345,0.07019356760866947,0.09352998995723115,0.1325716710905825,0.1582003071485079,0,139,139
oasis,16,heat_raw18,selected_bounded_residual,5,3,0.08573490053034806,0.007827858969201108,0.08573490053034806,0.11098494007326826,0.15667557438276647,0.285357704759193,0,139,139
oasis,16,heat_raw18,selected_projection,1,1,0.08187250205582364,0.007133610330041288,0.08187250205582364,0.10557411097910235,0.18372229981486554,0.1999999841942934,0,139,139
oasis,16,heat_raw18,selected_projection,1,2,0.07291363687087889,0.005692025747563228,0.07291363687087889,0.0893559849922911,0.17245131264835356,0.2101113069156642,0,139,139
oasis,16,heat_raw18,selected_projection,1,3,0.08672024020377664,0.008097936412051353,0.08672024020377664,0.11072181585775398,0.2045247398091085,0.2653244372012249,0,139,139
oasis,16,heat_raw18,selected_projection,2,1,0.08161811760392675,0.0070223587833923165,0.08161811760392675,0.10702913685305766,0.176097889744663,0.203052989515914,0,139,139
oasis,16,heat_raw18,selected_projection,2,2,0.07148891163159497,0.005302852708301847,0.07148891163159497,0.08936498029209049,0.14184164874938013,0.1533326814218166,0,139,139
oasis,16,heat_raw18,selected_projection,2,3,0.08759274900532144,0.008021154020964424,0.08759274900532144,0.10884434290879057,0.17117037996848838,0.2163643068166384,0,139,139
oasis,16,heat_raw18,selected_projection,3,1,0.0812011655860881,0.006927794830079397,0.0812011655860881,0.10139897063226352,0.17334539025387496,0.2055839100852533,0,139,139
oasis,16,heat_raw18,selected_projection,3,2,0.07089507755176491,0.0051989711016141305,0.07089507755176491,0.08839579134014897,0.12969701937809666,0.1587468949281232,0,139,139
oasis,16,heat_raw18,selected_projection,3,3,0.09222823717362526,0.008769840929818095,0.09222823717362526,0.11987527117563371,0.16564269971746134,0.1739482442073218,0,139,139
oasis,16,heat_raw18,selected_projection,4,1,0.08163525735157352,0.00685686317930164,0.08163525735157352,0.09828946564267067,0.14307411276731546,0.180216428138618,0,139,139
oasis,16,heat_raw18,selected_projection,4,2,0.07077632262290019,0.005273910813032971,0.07077632262290019,0.08737062238140866,0.12565484906519342,0.2226140306040092,0,139,139
oasis,16,heat_raw18,selected_projection,4,3,0.08522665848982029,0.007631387734925972,0.08522665848982029,0.10098658962959088,0.15545885983553986,0.2543313017233856,0,139,139
oasis,16,heat_raw18,selected_projection,5,1,0.08212780541341214,0.007104889813508363,0.08212780541341214,0.10988002251950284,0.17062656974493862,0.1945273909269231,0,139,139
oasis,16,heat_raw18,selected_projection,5,2,0.07204487972371715,0.005394926995320648,0.07204487972371715,0.09397219462204456,0.13708588884129783,0.1540243360899404,0,139,139
oasis,16,heat_raw18,selected_projection,5,3,0.08666004382336127,0.00808566566912178,0.08666004382336127,0.111940964202241,0.17255695191481532,0.3022380044693842,0,139,139
oasis,16,heat_raw18,selected_robust,1,1,0.08078207543898194,0.006921384814642124,0.08078207543898194,0.10358191237096497,0.17976899417428774,0.2053128367385013,0,139,139
oasis,16,heat_raw18,selected_robust,1,2,0.07162487188437615,0.005400824461157654,0.07162487188437615,0.08839082916882497,0.15627903817995914,0.1771420048022036,0,139,139
oasis,16,heat_raw18,selected_robust,1,3,0.0857361745114896,0.007857194099492532,0.0857361745114896,0.10826211792384846,0.2000607001277653,0.2412926493178287,0,139,139
oasis,16,heat_raw18,selected_robust,2,1,0.08075618295021025,0.006886763203788724,0.08075618295021025,0.10361030101331913,0.1770012359031204,0.2033503948787256,0,139,139
oasis,16,heat_raw18,selected_robust,2,2,0.07051666993536868,0.005153715599194789,0.07051666993536868,0.08319685893628832,0.13957975361515948,0.152726889805868,0,139,139
oasis,16,heat_raw18,selected_robust,2,3,0.08660987976037367,0.007821165584403163,0.08660987976037367,0.10569397237021048,0.15799370440297533,0.2188732522155272,0,139,139
oasis,16,heat_raw18,selected_robust,3,1,0.08058472370426902,0.006873602462950989,0.08058472370426902,0.10137756316194375,0.18169380161193546,0.2182933340692828,0,139,139
oasis,16,heat_raw18,selected_robust,3,2,0.07018539125253846,0.005085820325924137,0.07018539125253846,0.08739537939908502,0.13056261384398105,0.148980845067814,0,139,139
oasis,16,heat_raw18,selected_robust,3,3,0.0914210026317703,0.008574135562081052,0.0914210026317703,0.11783665861561143,0.15074944943817814,0.1611401636005262,0,139,139
oasis,16,heat_raw18,selected_robust,4,1,0.08082611117220408,0.00675040221535965,0.08082611117220408,0.09491980682956365,0.14479576456696608,0.1962201842345684,0,139,139
oasis,16,heat_raw18,selected_robust,4,2,0.06985181838250859,0.005064187495749989,0.06985181838250859,0.08422720061920747,0.12194368752761578,0.1838504939030172,0,139,139
oasis,16,heat_raw18,selected_robust,4,3,0.08435058874061557,0.00746711345400988,0.08435058874061557,0.09902078660453181,0.13878536089946725,0.2599440779347572,0,139,139
oasis,16,heat_raw18,selected_robust,5,1,0.08121363652972521,0.0069523390437995795,0.08121363652972521,0.10664127690766079,0.16059554716321722,0.2053690495308257,0,139,139
oasis,16,heat_raw18,selected_robust,5,2,0.07019356760866947,0.0051326804565688345,0.07019356760866947,0.09352998995723115,0.1325716710905825,0.1582003071485079,0,139,139
oasis,16,heat_raw18,selected_robust,5,3,0.08573490053034806,0.007827858969201108,0.08573490053034806,0.11098494007326826,0.15667557438276647,0.285357704759193,0,139,139
oasis,16,heat_raw18,selected_sources_ordinary,1,1,0.08224557681289646,0.007261208908387992,0.08224557681289646,0.10559399239200727,0.18946546727444322,0.2046898888611794,0,139,139
oasis,16,heat_raw18,selected_sources_ordinary,1,2,0.07311197313208406,0.005761185801769806,0.07311197313208406,0.0893559849922911,0.1776393604172703,0.2190764340721878,0,139,139
oasis,16,heat_raw18,selected_sources_ordinary,1,3,0.08812194209606478,0.008646938943763125,0.08812194209606478,0.12065868971324174,0.2639671427263738,0.2732217283918374,0,139,139
oasis,16,heat_raw18,selected_sources_ordinary,2,1,0.08205586131473579,0.007178576252625086,0.08205586131473579,0.107193212496079,0.17872237594280768,0.2382883451848799,0,139,139
oasis,16,heat_raw18,selected_sources_ordinary,2,2,0.07198709562073598,0.005487424159369828,0.07198709562073598,0.08936498029209049,0.14280837099681237,0.2204417055465822,0,139,139
oasis,16,heat_raw18,selected_sources_ordinary,2,3,0.08815443642537064,0.008212227525863392,0.08815443642537064,0.10898385766519264,0.17986732864480529,0.2408721070353028,0,139,139
oasis,16,heat_raw18,selected_sources_ordinary,3,1,0.08132925206027485,0.006966484159523454,0.08132925206027485,0.10141849993222612,0.1767867090614871,0.2085622014948678,0,139,139
oasis,16,heat_raw18,selected_sources_ordinary,3,2,0.07091170916114854,0.005202666872024183,0.07091170916114854,0.08839579134014897,0.13059602163658604,0.1587468949281232,0,139,139
oasis,16,heat_raw18,selected_sources_ordinary,3,3,0.09246694201416797,0.00882302486520351,0.09246694201416797,0.12007550000370792,0.16847278261742693,0.1757936719015414,0,139,139
oasis,16,heat_raw18,selected_sources_ordinary,4,1,0.08175025062859871,0.006886726830966341,0.08175025062859871,0.09832333067619309,0.14875813959775283,0.180216428138618,0,139,139
oasis,16,heat_raw18,selected_sources_ordinary,4,2,0.07083382047842497,0.005299970006243089,0.07083382047842497,0.08737062238140866,0.12565484906519342,0.2306062325219529,0,139,139
oasis,16,heat_raw18,selected_sources_ordinary,4,3,0.08550605493785791,0.007785373892721499,0.08550605493785791,0.1009904011761752,0.16249570192763865,0.2884571508878827,0,139,139
oasis,16,heat_raw18,selected_sources_ordinary,5,1,0.08236417329411895,0.007177184739744648,0.08236417329411895,0.10999127536488397,0.18186582354693076,0.1945273909269231,0,139,139
oasis,16,heat_raw18,selected_sources_ordinary,5,2,0.0723052623026651,0.005475843340785447,0.0723052623026651,0.09397219462204456,0.13918114626608594,0.1815041398467295,0,139,139
oasis,16,heat_raw18,selected_sources_ordinary,5,3,0.0870189067051935,0.008320490448634007,0.0870189067051935,0.111940964202241,0.17255695191481532,0.3521199450440646,0,139,139
oasis,16,heat_raw18,spatial_robust,1,1,0.07783893353887714,0.006386669712568083,0.07783893353887714,0.09787352441051429,0.16560473747064677,0.1925024118624657,0,139,139
oasis,16,heat_raw18,spatial_robust,1,2,0.07161048001410145,0.005470236643456875,0.07161048001410145,0.09275140764574144,0.1545321231427615,0.1962184088494971,0,139,139
oasis,16,heat_raw18,spatial_robust,1,3,0.08646469429744112,0.00783412274083845,0.08646469429744112,0.10887979080713076,0.17545293110351315,0.2296363676073198,0,139,139
oasis,16,heat_raw18,spatial_robust,2,1,0.07717141047544251,0.006349719996417353,0.07717141047544251,0.09708199704803344,0.16797828557801692,0.2136077129717886,0,139,139
oasis,16,heat_raw18,spatial_robust,2,2,0.07134472285423851,0.005353742866471982,0.07134472285423851,0.08984866187562433,0.15180050395897096,0.1798675702536849,0,139,139
oasis,16,heat_raw18,spatial_robust,2,3,0.08559824764987532,0.0075907655325660114,0.08559824764987532,0.10818750495360707,0.1587009856056661,0.1953632515271452,0,139,139
oasis,16,heat_raw18,spatial_robust,3,1,0.08086779979925736,0.0067496214090090115,0.08086779979925736,0.10453032525585775,0.14199701090461672,0.1591639706187066,0,139,139
oasis,16,heat_raw18,spatial_robust,3,2,0.07272469048982196,0.0054836255549646565,0.07272469048982196,0.09200812310648135,0.13292465259068498,0.1753560504429493,0,139,139
oasis,16,heat_raw18,spatial_robust,3,3,0.0863590352012849,0.007642924865019763,0.0863590352012849,0.10893632260221633,0.13960406827904306,0.1687956577746929,0,139,139
oasis,16,heat_raw18,spatial_robust,4,1,0.08022918584160256,0.00666070479196765,0.08022918584160256,0.10088950505935348,0.14555733040778998,0.1782106992397183,0,139,139
oasis,16,heat_raw18,spatial_robust,4,2,0.07006677498579504,0.005143025758899383,0.07006677498579504,0.09068308334875343,0.11985372757360092,0.2064718709151142,0,139,139
oasis,16,heat_raw18,spatial_robust,4,3,0.08433760216828672,0.007384647979887855,0.08433760216828672,0.09953193540937247,0.13220864601896534,0.2372866000919734,0,139,139
oasis,16,heat_raw18,spatial_robust,5,1,0.0766626092809552,0.006125519874984275,0.0766626092809552,0.10606467991941547,0.14249488363813786,0.1757811295819066,0,139,139
oasis,16,heat_raw18,spatial_robust,5,2,0.0721249700694367,0.005451891156319797,0.0721249700694367,0.0936003239401703,0.14881226167267936,0.1795700610958168,0,139,139
oasis,16,heat_raw18,spatial_robust,5,3,0.08489908518200683,0.007471920482224916,0.08489908518200683,0.10911066294473536,0.15159050528073242,0.2037280609956647,0,139,139
oasis,16,heat_raw18,template_random_bounded_residual,1,1,0.036931523025705536,0.0016305860844432365,0.036931523025705536,0.06929283850372346,0.08785883172072316,0.1313799029713581,0,139,139
oasis,16,heat_raw18,template_random_bounded_residual,1,2,0.03463907566429515,0.0013971934982766482,0.03463907566429515,0.06398411301254815,0.08361935183623122,0.1055383945753086,0,139,139
oasis,16,heat_raw18,template_random_bounded_residual,1,3,0.037951988607728984,0.0016761476873637289,0.037951988607728984,0.06969763049955871,0.08742881007884046,0.117528579898442,0,139,139
oasis,16,heat_raw18,template_random_bounded_residual,2,1,0.034879156106135255,0.0013440784527642185,0.034879156106135255,0.0536926987736644,0.06789490567247342,0.0794463652335553,0,139,139
oasis,16,heat_raw18,template_random_bounded_residual,2,2,0.03225517859684661,0.0011801882203166,0.03225517859684661,0.052657729641596346,0.06978105235268903,0.0976793974310881,0,139,139
oasis,16,heat_raw18,template_random_bounded_residual,2,3,0.03979656109284326,0.001776904267530918,0.03979656109284326,0.06384879383730603,0.08005963706355539,0.0937159407838206,0,139,139
oasis,16,heat_raw18,template_random_bounded_residual,3,1,0.03767927083470008,0.0016632044886352143,0.03767927083470008,0.06981887280022625,0.08502490416888693,0.0992298959764575,0,139,139
oasis,16,heat_raw18,template_random_bounded_residual,3,2,0.03295558369981185,0.0012633122095501582,0.03295558369981185,0.057384322455832616,0.07539119002748772,0.0917558120981981,0,139,139
oasis,16,heat_raw18,template_random_bounded_residual,3,3,0.03949846466191831,0.001835524999352093,0.03949846466191831,0.07339898003774566,0.0945428227904233,0.1182989073976086,0,139,139
oasis,16,heat_raw18,template_random_bounded_residual,4,1,0.035834305581699775,0.0014530066325379835,0.035834305581699775,0.0650479633896352,0.07254957810594061,0.096913527816399,0,139,139
oasis,16,heat_raw18,template_random_bounded_residual,4,2,0.03341974825552821,0.0012698871239377983,0.03341974825552821,0.05644207973641759,0.07076997066322317,0.1009124940954288,0,139,139
oasis,16,heat_raw18,template_random_bounded_residual,4,3,0.03597766130261833,0.0015003225407964331,0.03597766130261833,0.061496017307567104,0.07898799300840224,0.1129478431371389,0,139,139
oasis,16,heat_raw18,template_random_bounded_residual,5,1,0.038014068100784296,0.0016529380025177174,0.038014068100784296,0.06801204705318263,0.08292591644210492,0.0883614459576655,0,139,139
oasis,16,heat_raw18,template_random_bounded_residual,5,2,0.03529667182056699,0.0014383398114809452,0.03529667182056699,0.06570778999074653,0.07674613070166626,0.0867169100319017,0,139,139
oasis,16,heat_raw18,template_random_bounded_residual,5,3,0.0379810937258575,0.001661221974338018,0.0379810937258575,0.06914121098729868,0.08413792491759414,0.0870471102750111,0,139,139
oasis,16,heat_raw18,template_random_projection,1,1,0.03959261847949135,0.0018680541586566593,0.03959261847949135,0.07683736890456386,0.10170428835395093,0.1504635858805541,0,139,139
oasis,16,heat_raw18,template_random_projection,1,2,0.037042490126115296,0.00160635433625029,0.037042490126115296,0.07171300609042124,0.08797975265752828,0.1193374508538798,0,139,139
oasis,16,heat_raw18,template_random_projection,1,3,0.0394840590638426,0.0018119009651124864,0.0394840590638426,0.07059999855460732,0.09100623107340566,0.1355003437233742,0,139,139
oasis,16,heat_raw18,template_random_projection,2,1,0.03683247857803915,0.0014907175326204793,0.03683247857803915,0.05549525642723809,0.0743827985452658,0.0808380040192857,0,139,139
oasis,16,heat_raw18,template_random_projection,2,2,0.03475327306598119,0.0013840583578725862,0.03475327306598119,0.057642159813058834,0.07221218744224141,0.126097044138783,0,139,139
oasis,16,heat_raw18,template_random_projection,2,3,0.041593417043398154,0.0019316078158525451,0.041593417043398154,0.06910991514253643,0.08945648314956538,0.0944519733616406,0,139,139
oasis,16,heat_raw18,template_random_projection,3,1,0.03915853102372339,0.0017752158150836199,0.03915853102372339,0.07288896145725456,0.08383168472282948,0.0984251817240899,0,139,139
oasis,16,heat_raw18,template_random_projection,3,2,0.03480604910610424,0.0014138381003424238,0.03480604910610424,0.06034523687923483,0.08600231838978804,0.1005287766158018,0,139,139
oasis,16,heat_raw18,template_random_projection,3,3,0.04091654373424974,0.001957981299014113,0.04091654373424974,0.0752292351473489,0.09324303632850335,0.1186458802885008,0,139,139
oasis,16,heat_raw18,template_random_projection,4,1,0.03759068027960833,0.001591016961775464,0.03759068027960833,0.06885977903553031,0.0822417136564216,0.0959392258143118,0,139,139
oasis,16,heat_raw18,template_random_projection,4,2,0.035607712784268615,0.0014476273205313976,0.035607712784268615,0.06033678206936354,0.08490798231718502,0.1041287885321526,0,139,139
oasis,16,heat_raw18,template_random_projection,4,3,0.0374888589461315,0.001620803820021325,0.0374888589461315,0.06226095855226758,0.08764023845714489,0.1149805555865728,0,139,139
oasis,16,heat_raw18,template_random_projection,5,1,0.04011306832493751,0.001828052848739105,0.04011306832493751,0.07113110205888527,0.0869270703828968,0.0930338143088587,0,139,139
oasis,16,heat_raw18,template_random_projection,5,2,0.03748260072752972,0.001626489281644822,0.03748260072752972,0.06698598486065806,0.08503213160360168,0.1054948377138801,0,139,139
oasis,16,heat_raw18,template_random_projection,5,3,0.039805697147174114,0.0017978641622998994,0.039805697147174114,0.07074706870546153,0.085269955559331,0.0879634913065163,0,139,139
oasis,16,heat_raw18,template_random_robust,1,1,0.036931523025705536,0.0016305860844432365,0.036931523025705536,0.06929283850372346,0.08785883172072316,0.1313799029713581,0,139,139
oasis,16,heat_raw18,template_random_robust,1,2,0.03463907566429515,0.0013971934982766482,0.03463907566429515,0.06398411301254815,0.08361935183623122,0.1055383945753086,0,139,139
oasis,16,heat_raw18,template_random_robust,1,3,0.037951988607728984,0.0016761476873637289,0.037951988607728984,0.06969763049955871,0.08742881007884046,0.117528579898442,0,139,139
oasis,16,heat_raw18,template_random_robust,2,1,0.034879156106135255,0.0013440784527642185,0.034879156106135255,0.0536926987736644,0.06789490567247342,0.0794463652335553,0,139,139
oasis,16,heat_raw18,template_random_robust,2,2,0.03225517859684661,0.0011801882203166,0.03225517859684661,0.052657729641596346,0.06978105235268903,0.0976793974310881,0,139,139
oasis,16,heat_raw18,template_random_robust,2,3,0.03979656109284326,0.001776904267530918,0.03979656109284326,0.06384879383730603,0.08005963706355539,0.0937159407838206,0,139,139
oasis,16,heat_raw18,template_random_robust,3,1,0.03767927083470008,0.0016632044886352143,0.03767927083470008,0.06981887280022625,0.08502490416888693,0.0992298959764575,0,139,139
oasis,16,heat_raw18,template_random_robust,3,2,0.03295558369981185,0.0012633122095501582,0.03295558369981185,0.057384322455832616,0.07539119002748772,0.0917558120981981,0,139,139
oasis,16,heat_raw18,template_random_robust,3,3,0.03949846466191831,0.001835524999352093,0.03949846466191831,0.07339898003774566,0.0945428227904233,0.1182989073976086,0,139,139
oasis,16,heat_raw18,template_random_robust,4,1,0.035834305581699775,0.0014530066325379835,0.035834305581699775,0.0650479633896352,0.07254957810594061,0.096913527816399,0,139,139
oasis,16,heat_raw18,template_random_robust,4,2,0.03341974825552821,0.0012698871239377983,0.03341974825552821,0.05644207973641759,0.07076997066322317,0.1009124940954288,0,139,139
oasis,16,heat_raw18,template_random_robust,4,3,0.03597766130261833,0.0015003225407964331,0.03597766130261833,0.061496017307567104,0.07898799300840224,0.1129478431371389,0,139,139
oasis,16,heat_raw18,template_random_robust,5,1,0.038014068100784296,0.0016529380025177174,0.038014068100784296,0.06801204705318263,0.08292591644210492,0.0883614459576655,0,139,139
oasis,16,heat_raw18,template_random_robust,5,2,0.03529667182056699,0.0014383398114809452,0.03529667182056699,0.06570778999074653,0.07674613070166626,0.0867169100319017,0,139,139
oasis,16,heat_raw18,template_random_robust,5,3,0.0379810937258575,0.001661221974338018,0.0379810937258575,0.06914121098729868,0.08413792491759414,0.0870471102750111,0,139,139
oasis,16,heat_raw18,template_selected_bounded_residual,1,1,0.03398704449141944,0.0014397017444687762,0.03398704449141944,0.05858852750767957,0.08009520966589359,0.1804256663109857,0,139,139
oasis,16,heat_raw18,template_selected_bounded_residual,1,2,0.03041887093059882,0.0010640168392182059,0.03041887093059882,0.05090203946035597,0.06904854821571552,0.0992582939627877,0,139,139
oasis,16,heat_raw18,template_selected_bounded_residual,1,3,0.03395701954265516,0.0014357921776256726,0.03395701954265516,0.05938549054255746,0.09237606820448688,0.1702902584434307,0,139,139
oasis,16,heat_raw18,template_selected_bounded_residual,2,1,0.03324563863564372,0.0012466724759232714,0.03324563863564372,0.05136273779635625,0.07354555044352956,0.107963654364998,0,139,139
oasis,16,heat_raw18,template_selected_bounded_residual,2,2,0.02983606469330509,0.0009822513912228562,0.02983606469330509,0.0476829270035315,0.05784987365502722,0.0692204257472144,0,139,139
oasis,16,heat_raw18,template_selected_bounded_residual,2,3,0.0321187496921057,0.0011412109317440792,0.0321187496921057,0.05114855120930829,0.0680668164200557,0.0749467768126086,0,139,139
oasis,16,heat_raw18,template_selected_bounded_residual,3,1,0.03487310596716145,0.0014316938052612597,0.03487310596716145,0.0653362793694536,0.08851203798134408,0.1092428083579642,0,139,139
oasis,16,heat_raw18,template_selected_bounded_residual,3,2,0.030648319922307262,0.0010781662581645958,0.030648319922307262,0.05248863154773506,0.06825932694232834,0.0824677350827075,0,139,139
oasis,16,heat_raw18,template_selected_bounded_residual,3,3,0.03949846466191831,0.001835524999352093,0.03949846466191831,0.07339898003774566,0.0945428227904233,0.1182989073976086,0,139,139
oasis,16,heat_raw18,template_selected_bounded_residual,4,1,0.032805442023708734,0.0012149278630008533,0.032805442023708734,0.053901980757717446,0.07880474710180557,0.0932825564704289,0,139,139
oasis,16,heat_raw18,template_selected_bounded_residual,4,2,0.029577748485772517,0.0009830073890668258,0.029577748485772517,0.048451793569077035,0.06572058807279332,0.0813615812866135,0,139,139
oasis,16,heat_raw18,template_selected_bounded_residual,4,3,0.032174188286127524,0.0011975274881452596,0.032174188286127524,0.05430328658321314,0.08258450402607859,0.1127961401273873,0,139,139
oasis,16,heat_raw18,template_selected_bounded_residual,5,1,0.034536544647446,0.0013650823282056691,0.034536544647446,0.061844317389041885,0.07470093704773591,0.1048019353183363,0,139,139
oasis,16,heat_raw18,template_selected_bounded_residual,5,2,0.030646023754228854,0.0010531627161156883,0.030646023754228854,0.051408578110768446,0.0632599209235721,0.0691885117575386,0,139,139
oasis,16,heat_raw18,template_selected_bounded_residual,5,3,0.03411427023287603,0.0013182362339747037,0.03411427023287603,0.06232700218003338,0.07054766274741754,0.0734613556500897,0,139,139
oasis,16,heat_raw18,template_selected_projection,1,1,0.03584082531019912,0.001591655769601598,0.03584082531019912,0.06807882734081215,0.08672642086988337,0.1860757950150857,0,139,139
oasis,16,heat_raw18,template_selected_projection,1,2,0.032674538542322815,0.0012376380930272674,0.032674538542322815,0.05384033634592203,0.08225392025692468,0.1158732953538978,0,139,139
oasis,16,heat_raw18,template_selected_projection,1,3,0.03582829883198502,0.0016098255756991078,0.03582829883198502,0.06534409591953629,0.09741826817180915,0.1860266170715137,0,139,139
oasis,16,heat_raw18,template_selected_projection,2,1,0.03497131947275329,0.001372015284628761,0.03497131947275329,0.05899752938520944,0.07603619769802955,0.1119996903844573,0,139,139
oasis,16,heat_raw18,template_selected_projection,2,2,0.03215426115885417,0.0011373805781341561,0.03215426115885417,0.051686106291528394,0.06752920307243251,0.0734174324006146,0,139,139
oasis,16,heat_raw18,template_selected_projection,2,3,0.034235344974687214,0.001293266710896949,0.034235344974687214,0.05370605788436008,0.07134633705572549,0.0908422128094874,0,139,139
oasis,16,heat_raw18,template_selected_projection,3,1,0.03640718261359441,0.0015428446846168272,0.03640718261359441,0.06567541682346795,0.08886247772031777,0.111960430170403,0,139,139
oasis,16,heat_raw18,template_selected_projection,3,2,0.032581238342436786,0.0012127136194246145,0.032581238342436786,0.057232134260974246,0.07343280788002753,0.0841515957818258,0,139,139
oasis,16,heat_raw18,template_selected_projection,3,3,0.04091654373424974,0.001957981299014113,0.04091654373424974,0.0752292351473489,0.09324303632850335,0.1186458802885008,0,139,139
oasis,16,heat_raw18,template_selected_projection,4,1,0.034653203691113986,0.0013522649466997467,0.034653203691113986,0.05538020657306952,0.08778840564832456,0.0957500834489426,0,139,139
oasis,16,heat_raw18,template_selected_projection,4,2,0.03163888787416369,0.0011299734759720194,0.03163888787416369,0.05432653748729198,0.0740099156544137,0.0926520228417113,0,139,139
oasis,16,heat_raw18,template_selected_projection,4,3,0.033887256997320994,0.0013213502454456525,0.033887256997320994,0.05714767016031839,0.08625930996817213,0.1146594515301025,0,139,139
oasis,16,heat_raw18,template_selected_projection,5,1,0.03648053272976158,0.001501612179090325,0.03648053272976158,0.06424465363121831,0.07614718246435989,0.1068932032819972,0,139,139
oasis,16,heat_raw18,template_selected_projection,5,2,0.032916069363751924,0.0012089985747044344,0.032916069363751924,0.05432932806064743,0.0684007678752838,0.072491835033621,0,139,139
oasis,16,heat_raw18,template_selected_projection,5,3,0.03598030021416281,0.0014590411109767487,0.03598030021416281,0.06500663575288632,0.07336839366867305,0.076624841289902,0,139,139
oasis,16,heat_raw18,template_selected_robust,1,1,0.03398704449141944,0.0014397017444687762,0.03398704449141944,0.05858852750767957,0.08009520966589359,0.1804256663109857,0,139,139
oasis,16,heat_raw18,template_selected_robust,1,2,0.03041887093059882,0.0010640168392182059,0.03041887093059882,0.05090203946035597,0.06904854821571552,0.0992582939627877,0,139,139
oasis,16,heat_raw18,template_selected_robust,1,3,0.03395701954265516,0.0014357921776256726,0.03395701954265516,0.05938549054255746,0.09237606820448688,0.1702902584434307,0,139,139
oasis,16,heat_raw18,template_selected_robust,2,1,0.03324563863564372,0.0012466724759232714,0.03324563863564372,0.05136273779635625,0.07354555044352956,0.107963654364998,0,139,139
oasis,16,heat_raw18,template_selected_robust,2,2,0.02983606469330509,0.0009822513912228562,0.02983606469330509,0.0476829270035315,0.05784987365502722,0.0692204257472144,0,139,139
oasis,16,heat_raw18,template_selected_robust,2,3,0.0321187496921057,0.0011412109317440792,0.0321187496921057,0.05114855120930829,0.0680668164200557,0.0749467768126086,0,139,139
oasis,16,heat_raw18,template_selected_robust,3,1,0.03487310596716145,0.0014316938052612597,0.03487310596716145,0.0653362793694536,0.08851203798134408,0.1092428083579642,0,139,139
oasis,16,heat_raw18,template_selected_robust,3,2,0.030648319922307262,0.0010781662581645958,0.030648319922307262,0.05248863154773506,0.06825932694232834,0.0824677350827075,0,139,139
oasis,16,heat_raw18,template_selected_robust,3,3,0.03949846466191831,0.001835524999352093,0.03949846466191831,0.07339898003774566,0.0945428227904233,0.1182989073976086,0,139,139
oasis,16,heat_raw18,template_selected_robust,4,1,0.032805442023708734,0.0012149278630008533,0.032805442023708734,0.053901980757717446,0.07880474710180557,0.0932825564704289,0,139,139
oasis,16,heat_raw18,template_selected_robust,4,2,0.029577748485772517,0.0009830073890668258,0.029577748485772517,0.048451793569077035,0.06572058807279332,0.0813615812866135,0,139,139
oasis,16,heat_raw18,template_selected_robust,4,3,0.032174188286127524,0.0011975274881452596,0.032174188286127524,0.05430328658321314,0.08258450402607859,0.1127961401273873,0,139,139
oasis,16,heat_raw18,template_selected_robust,5,1,0.034536544647446,0.0013650823282056691,0.034536544647446,0.061844317389041885,0.07470093704773591,0.1048019353183363,0,139,139
oasis,16,heat_raw18,template_selected_robust,5,2,0.030646023754228854,0.0010531627161156883,0.030646023754228854,0.051408578110768446,0.0632599209235721,0.0691885117575386,0,139,139
oasis,16,heat_raw18,template_selected_robust,5,3,0.03411427023287603,0.0013182362339747037,0.03411427023287603,0.06232700218003338,0.07054766274741754,0.0734613556500897,0,139,139
oasis,16,qsf,atlas_random_aligned,1,1,0.025078976284378725,0.0006946911405233906,0.025078976284378725,0.03428164320642178,0.06786489883564653,0.0768229357797006,0,139,139
oasis,16,qsf,atlas_random_aligned,1,2,0.022808317356474296,0.0005623489529831898,0.022808317356474296,0.032715225404792395,0.046459705541303936,0.0708235672830142,0,139,139
oasis,16,qsf,atlas_random_aligned,1,3,0.02522726796771937,0.0006954886539655287,0.02522726796771937,0.03601801074895823,0.06532267727826127,0.0740833005494857,0,139,139
oasis,16,qsf,atlas_random_aligned,2,1,0.023909554896965453,0.000601509312715298,0.023909554896965453,0.03156047814611321,0.045363278631644535,0.0527670887657614,0,139,139
oasis,16,qsf,atlas_random_aligned,2,2,0.02271114569837892,0.000546170994129531,0.02271114569837892,0.03392672380390826,0.043731846781248036,0.0486218845950531,0,139,139
oasis,16,qsf,atlas_random_aligned,2,3,0.025432152804026754,0.0006807733172634546,0.025432152804026754,0.037512114903232634,0.04846152076830681,0.0521870371352323,0,139,139
oasis,16,qsf,atlas_random_aligned,3,1,0.023004937542179422,0.000555239849462541,0.023004937542179422,0.028936940192461402,0.04590861695958657,0.050615914297724,0,139,139
oasis,16,qsf,atlas_random_aligned,3,2,0.02211703279754784,0.0005075526238384425,0.02211703279754784,0.029100083601522074,0.03564437820042304,0.0464076458793555,0,139,139
oasis,16,qsf,atlas_random_aligned,3,3,0.02455084458537459,0.0006327780920224467,0.02455084458537459,0.03351949330420498,0.046900407907222844,0.0533357548884902,0,139,139
oasis,16,qsf,atlas_random_aligned,4,1,0.023722523861628212,0.0006094328130493835,0.023722523861628212,0.03201212344813921,0.047401394018139684,0.0773155151646881,0,139,139
oasis,16,qsf,atlas_random_aligned,4,2,0.022584063065027388,0.0005396080842915402,0.022584063065027388,0.03120081244175172,0.035410227476501493,0.0638342618299739,0,139,139
oasis,16,qsf,atlas_random_aligned,4,3,0.024115630016708495,0.0006112478818215122,0.024115630016708495,0.03175252540163017,0.038844588504845026,0.0613490889935275,0,139,139
oasis,16,qsf,atlas_random_aligned,5,1,0.024353010998769343,0.0006241918011776086,0.024353010998769343,0.03576374780399823,0.0405175729346016,0.0526818171624858,0,139,139
oasis,16,qsf,atlas_random_aligned,5,2,0.023146907238971733,0.0005657592984758094,0.023146907238971733,0.03241945160684409,0.042670574987054066,0.0510066821289567,0,139,139
oasis,16,qsf,atlas_random_aligned,5,3,0.025160070612002938,0.0006685748924236956,0.025160070612002938,0.03633079197036891,0.04531339646263989,0.0596781610693514,0,139,139
oasis,16,qsf,atlas_random_mean,1,1,0.13738900210118868,0.02140982883650365,0.13738900210118868,0.18478341861266312,0.36456627439512634,0.3836173298436859,0,139,139
oasis,16,qsf,atlas_random_mean,1,2,0.13727881644694773,0.02138825183467159,0.13727881644694773,0.18759460673418374,0.368734895575849,0.3743018720868541,0,139,139
oasis,16,qsf,atlas_random_mean,1,3,0.13903943412806524,0.021832937456548,0.13903943412806524,0.19699904098030357,0.3588275844555267,0.3754811214122378,0,139,139
oasis,16,qsf,atlas_random_mean,2,1,0.13693555489463874,0.020842967912880685,0.13693555489463874,0.1798566958500616,0.31362525572075234,0.4432654098062407,0,139,139
oasis,16,qsf,atlas_random_mean,2,2,0.13689040927802051,0.020924246538336053,0.13689040927802051,0.18351130680778382,0.31866589381172705,0.4520439834810298,0,139,139
oasis,16,qsf,atlas_random_mean,2,3,0.13785354023501215,0.02116794147676493,0.13785354023501215,0.19091247629054683,0.31092438791306204,0.4394109999429702,0,139,139
oasis,16,qsf,atlas_random_mean,3,1,0.13391619642797628,0.02001309125942919,0.13391619642797628,0.18083880013749218,0.31250534075283476,0.4433409607023069,0,139,139
oasis,16,qsf,atlas_random_mean,3,2,0.1334711432110502,0.01998174020398534,0.1334711432110502,0.1818104402851129,0.31629127039203725,0.4519113574515719,0,139,139
oasis,16,qsf,atlas_random_mean,3,3,0.13580162242122784,0.020578430414160426,0.13580162242122784,0.1951617083635982,0.3081464655900118,0.4393632425379693,0,139,139
oasis,16,qsf,atlas_random_mean,4,1,0.13558225884294461,0.020134298648463247,0.13558225884294461,0.2008489173010991,0.3028958208398889,0.3595446954336959,0,139,139
oasis,16,qsf,atlas_random_mean,4,2,0.13522465487977828,0.020109982565534514,0.13522465487977828,0.20065337126468027,0.3056558056571383,0.3650004752232471,0,139,139
oasis,16,qsf,atlas_random_mean,4,3,0.13704322826429036,0.02057534552927918,0.13704322826429036,0.20628766182654837,0.2962380242987523,0.358787796336711,0,139,139
oasis,16,qsf,atlas_random_mean,5,1,0.1347143505163465,0.019946556261100507,0.1347143505163465,0.18153280275771458,0.2719429316233429,0.443780504356907,0,139,139
oasis,16,qsf,atlas_random_mean,5,2,0.1341768562326266,0.019879958975019818,0.1341768562326266,0.18014134254970993,0.27816070630655937,0.4524658031541464,0,139,139
oasis,16,qsf,atlas_random_mean,5,3,0.13614764567938262,0.020440180520362644,0.13614764567938262,0.19503062928443168,0.27925921364740164,0.4400289128220818,0,139,139
oasis,16,qsf,atlas_selected_aligned,1,1,0.024819856525003587,0.0006636379094480892,0.024819856525003587,0.0337956387871249,0.05751109950389475,0.0683522962629996,0,139,139
oasis,16,qsf,atlas_selected_aligned,1,2,0.02240943415882803,0.0005404113475676633,0.02240943415882803,0.031211243827372236,0.05086107679362746,0.0625483664454711,0,139,139
oasis,16,qsf,atlas_selected_aligned,1,3,0.025182977863296964,0.000697006090987913,0.025182977863296964,0.03587085939483314,0.06719972734464473,0.076068170331266,0,139,139
oasis,16,qsf,atlas_selected_aligned,2,1,0.024530689111112156,0.0006304932136320375,0.024530689111112156,0.03443028840803101,0.043547602299887855,0.0518436375193772,0,139,139
oasis,16,qsf,atlas_selected_aligned,2,2,0.022431290348566578,0.0005320206569333208,0.022431290348566578,0.03147153859156164,0.04439999549974846,0.0472099909212374,0,139,139
oasis,16,qsf,atlas_selected_aligned,2,3,0.025432152804026754,0.0006807733172634546,0.025432152804026754,0.037512114903232634,0.04846152076830681,0.0521870371352323,0,139,139
oasis,16,qsf,atlas_selected_aligned,3,1,0.023004937542179422,0.000555239849462541,0.023004937542179422,0.028936940192461402,0.04590861695958657,0.050615914297724,0,139,139
oasis,16,qsf,atlas_selected_aligned,3,2,0.021079372555703055,0.0004621138092426647,0.021079372555703055,0.026958878894217494,0.03445680384226481,0.04557907277833,0,139,139
oasis,16,qsf,atlas_selected_aligned,3,3,0.02455084458537459,0.0006327780920224467,0.02455084458537459,0.03351949330420498,0.046900407907222844,0.0533357548884902,0,139,139
oasis,16,qsf,atlas_selected_aligned,4,1,0.02435745821780719,0.0006338549152110546,0.02435745821780719,0.03261249611305712,0.04615090843986818,0.0692601267484459,0,139,139
oasis,16,qsf,atlas_selected_aligned,4,2,0.02194974664185862,0.000510790125100285,0.02194974664185862,0.03056247073325395,0.03525011731962525,0.0624876021417092,0,139,139
oasis,16,qsf,atlas_selected_aligned,4,3,0.024115630016708495,0.0006112478818215122,0.024115630016708495,0.03175252540163017,0.038844588504845026,0.0613490889935275,0,139,139
oasis,16,qsf,atlas_selected_aligned,5,1,0.024556875194605043,0.0006315780398430562,0.024556875194605043,0.033902512623652244,0.04135959067102666,0.0508570051851693,0,139,139
oasis,16,qsf,atlas_selected_aligned,5,2,0.021945002766315176,0.0005069388511092935,0.021945002766315176,0.030399682714209016,0.040706412609348666,0.045413522458285,0,139,139
oasis,16,qsf,atlas_selected_aligned,5,3,0.024792902276588872,0.0006462450448388518,0.024792902276588872,0.036620486239534164,0.04397993000522335,0.0525031148896761,0,139,139
oasis,16,qsf,atlas_selected_mean,1,1,0.13738900210118868,0.02140982883650365,0.13738900210118868,0.18478341861266312,0.36456627439512634,0.3836173298436859,0,139,139
oasis,16,qsf,atlas_selected_mean,1,2,0.13727881644694773,0.02138825183467159,0.13727881644694773,0.18759460673418374,0.368734895575849,0.3743018720868541,0,139,139
oasis,16,qsf,atlas_selected_mean,1,3,0.13903943412806524,0.021832937456548,0.13903943412806524,0.19699904098030357,0.3588275844555267,0.3754811214122378,0,139,139
oasis,16,qsf,atlas_selected_mean,2,1,0.13693555489463874,0.020842967912880685,0.13693555489463874,0.1798566958500616,0.31362525572075234,0.4432654098062407,0,139,139
oasis,16,qsf,atlas_selected_mean,2,2,0.13689040927802051,0.020924246538336053,0.13689040927802051,0.18351130680778382,0.31866589381172705,0.4520439834810298,0,139,139
oasis,16,qsf,atlas_selected_mean,2,3,0.13785354023501215,0.02116794147676493,0.13785354023501215,0.19091247629054683,0.31092438791306204,0.4394109999429702,0,139,139
oasis,16,qsf,atlas_selected_mean,3,1,0.13391619642797628,0.02001309125942919,0.13391619642797628,0.18083880013749218,0.31250534075283476,0.4433409607023069,0,139,139
oasis,16,qsf,atlas_selected_mean,3,2,0.1334711432110502,0.01998174020398534,0.1334711432110502,0.1818104402851129,0.31629127039203725,0.4519113574515719,0,139,139
oasis,16,qsf,atlas_selected_mean,3,3,0.13580162242122784,0.020578430414160426,0.13580162242122784,0.1951617083635982,0.3081464655900118,0.4393632425379693,0,139,139
oasis,16,qsf,atlas_selected_mean,4,1,0.13558225884294461,0.020134298648463247,0.13558225884294461,0.2008489173010991,0.3028958208398889,0.3595446954336959,0,139,139
oasis,16,qsf,atlas_selected_mean,4,2,0.13522465487977828,0.020109982565534514,0.13522465487977828,0.20065337126468027,0.3056558056571383,0.3650004752232471,0,139,139
oasis,16,qsf,atlas_selected_mean,4,3,0.13704322826429036,0.02057534552927918,0.13704322826429036,0.20628766182654837,0.2962380242987523,0.358787796336711,0,139,139
oasis,16,qsf,atlas_selected_mean,5,1,0.1347143505163465,0.019946556261100507,0.1347143505163465,0.18153280275771458,0.2719429316233429,0.443780504356907,0,139,139
oasis,16,qsf,atlas_selected_mean,5,2,0.1341768562326266,0.019879958975019818,0.1341768562326266,0.18014134254970993,0.27816070630655937,0.4524658031541464,0,139,139
oasis,16,qsf,atlas_selected_mean,5,3,0.13614764567938262,0.020440180520362644,0.13614764567938262,0.19503062928443168,0.27925921364740164,0.4400289128220818,0,139,139
oasis,16,qsf,floor_random_robust,1,1,0.07314305856235766,0.005727149103204973,0.07314305856235766,0.09893060181383925,0.16328091103258602,0.2181660977693596,0,139,139
oasis,16,qsf,floor_random_robust,1,2,0.07040892365513128,0.005220631887705873,0.07040892365513128,0.0992853962641284,0.12814023240697184,0.2000694519141642,0,139,139
oasis,16,qsf,floor_random_robust,1,3,0.07582737642839336,0.006241683939827163,0.07582737642839336,0.10420583368216864,0.16495047458761392,0.2587210612419492,0,139,139
oasis,16,qsf,floor_random_robust,2,1,0.06796156558885719,0.0054225168815694585,0.06796156558885719,0.0851743113653452,0.15270739808914835,0.3610740412115317,0,139,139
oasis,16,qsf,floor_random_robust,2,2,0.06823344487911767,0.0049327434159160246,0.06823344487911767,0.0895889971629375,0.14616468471651614,0.1881379364552655,0,139,139
oasis,16,qsf,floor_random_robust,2,3,0.07257382993688279,0.005716057002859069,0.07257382993688279,0.09322607730896178,0.1349789249561987,0.2676500690423007,0,139,139
oasis,16,qsf,floor_random_robust,3,1,0.06608066828118053,0.004516875732188798,0.06608066828118053,0.08607483905244108,0.10663477676528549,0.1430757118990451,0,139,139
oasis,16,qsf,floor_random_robust,3,2,0.06984719671536403,0.005074644005858746,0.06984719671536403,0.08715781634727766,0.1144540255630431,0.1739066312026553,0,139,139
oasis,16,qsf,floor_random_robust,3,3,0.07513160345680694,0.0058513996235303595,0.07513160345680694,0.09946017953377588,0.11766845675854416,0.1832802378008167,0,139,139
oasis,16,qsf,floor_random_robust,4,1,0.06579983144781953,0.004600239948939236,0.06579983144781953,0.08473370731051688,0.11028844730453144,0.2189362726583633,0,139,139
oasis,16,qsf,floor_random_robust,4,2,0.07577298541013612,0.006222767063792418,0.07577298541013612,0.08964791387264426,0.11891136838078976,0.3043709893168326,0,139,139
oasis,16,qsf,floor_random_robust,4,3,0.06836539253020578,0.004890127809290825,0.06836539253020578,0.08683879191204366,0.1090623224321507,0.198227085610855,0,139,139
oasis,16,qsf,floor_random_robust,5,1,0.0682849966317488,0.0050455585247429525,0.0682849966317488,0.09276119367150444,0.13476280445805977,0.2374343601333988,0,139,139
oasis,16,qsf,floor_random_robust,5,2,0.07056815874277163,0.005214411367655814,0.07056815874277163,0.09823706144055164,0.13566812579226056,0.15464569537897,0,139,139
oasis,16,qsf,floor_random_robust,5,3,0.07834180465538854,0.00638043959356591,0.07834180465538854,0.10564740331998534,0.14448021326348762,0.1591139141421314,0,139,139
oasis,16,qsf,ordinary_selected,1,1,0.06480444472702043,0.00469893497337644,0.06480444472702043,0.09367829238476605,0.18432056678115444,0.1976820606324432,0,139,139
oasis,16,qsf,ordinary_selected,1,2,0.05712413165901683,0.0037158032657780603,0.05712413165901683,0.0753958281753275,0.14761031868138552,0.2412362551386638,0,139,139
oasis,16,qsf,ordinary_selected,1,3,0.0706558096832597,0.005512497227503507,0.0706558096832597,0.0980521551850212,0.18694010273577177,0.2210586520164143,0,139,139
oasis,16,qsf,ordinary_selected,2,1,0.06286943767421738,0.004376954268652399,0.06286943767421738,0.08360347748795278,0.15813844293946092,0.2269103826771671,0,139,139
oasis,16,qsf,ordinary_selected,2,2,0.05569817194480256,0.003339657087592051,0.05569817194480256,0.07200566710173933,0.12016262774885797,0.1826564146963916,0,139,139
oasis,16,qsf,ordinary_selected,2,3,0.0681733180585827,0.00509675292727409,0.0681733180585827,0.09128157128985416,0.16138689685766608,0.2179216143281645,0,139,139
oasis,16,qsf,ordinary_selected,3,1,0.0630755105974255,0.004118915410171403,0.0630755105974255,0.08469417176938111,0.1083659752811762,0.1247948288056005,0,139,139
oasis,16,qsf,ordinary_selected,3,2,0.0559065633304799,0.0033165571648468718,0.0559065633304799,0.07105991996562634,0.10243690188142718,0.1746460690581529,0,139,139
oasis,16,qsf,ordinary_selected,3,3,0.07160798795649069,0.005386157930989127,0.07160798795649069,0.09867608426504768,0.14029217459878768,0.1743501770437641,0,139,139
oasis,16,qsf,ordinary_selected,4,1,0.06178670991410212,0.004035990298255647,0.06178670991410212,0.08048545337633736,0.11673945976026005,0.1768923156662768,0,139,139
oasis,16,qsf,ordinary_selected,4,2,0.05442112594363997,0.0033279365892142972,0.05442112594363997,0.07072351394083101,0.0908007285374682,0.2560313006530596,0,139,139
oasis,16,qsf,ordinary_selected,4,3,0.06665720140871534,0.004697565544652328,0.06665720140871534,0.08504223067684957,0.13925777401660586,0.1854481478114124,0,139,139
oasis,16,qsf,ordinary_selected,5,1,0.06295323890247727,0.004347407688256839,0.06295323890247727,0.08654156930982077,0.14694071489537694,0.2177073377369269,0,139,139
oasis,16,qsf,ordinary_selected,5,2,0.0559089694729533,0.0033458435595694115,0.0559089694729533,0.07325026743702001,0.1184241276467643,0.172711465190735,0,139,139
oasis,16,qsf,ordinary_selected,5,3,0.06809190287168103,0.004962007391689916,0.06809190287168103,0.08923805816361832,0.148997643471662,0.2059379425969733,0,139,139
oasis,16,qsf,random_bounded_residual,1,1,0.06875713477980756,0.004991929575678322,0.06875713477980756,0.09431500085313348,0.1396893625384587,0.1835476680824207,0,139,139
oasis,16,qsf,random_bounded_residual,1,2,0.06478242000906174,0.004551478594960541,0.06478242000906174,0.09119062039186374,0.13403066304270692,0.2260184484910643,0,139,139
oasis,16,qsf,random_bounded_residual,1,3,0.06963968645929854,0.005236970707144481,0.06963968645929854,0.09725875955346461,0.15710709128475567,0.2033760299546493,0,139,139
oasis,16,qsf,random_bounded_residual,2,1,0.062331116004262506,0.004296070681850989,0.062331116004262506,0.07836636938808583,0.1219619789772992,0.2612819062073368,0,139,139
oasis,16,qsf,random_bounded_residual,2,2,0.06200930032239135,0.004068358694264037,0.06200930032239135,0.08183663147504229,0.13424434659750906,0.1544803843893881,0,139,139
oasis,16,qsf,random_bounded_residual,2,3,0.06687465928387996,0.004821948556210224,0.06687465928387996,0.08897439486775229,0.13767236015994833,0.2143453610546454,0,139,139
oasis,16,qsf,random_bounded_residual,3,1,0.06246427009267916,0.004026107327651429,0.06246427009267916,0.08312940129056375,0.10012356553286163,0.1157541356352856,0,139,139
oasis,16,qsf,random_bounded_residual,3,2,0.06463118277533862,0.004342557634216816,0.06463118277533862,0.08669178084240038,0.1039468602600161,0.1430416843695429,0,139,139
oasis,16,qsf,random_bounded_residual,3,3,0.07033828630762162,0.0051291906382675105,0.07033828630762162,0.09582518617202984,0.1190376820012095,0.1458920275471642,0,139,139
oasis,16,qsf,random_bounded_residual,4,1,0.06248312170599885,0.004112430590795363,0.06248312170599885,0.08029395594970794,0.10034188724080921,0.191211543376846,0,139,139
oasis,16,qsf,random_bounded_residual,4,2,0.0701018439416157,0.0052542056008188405,0.0701018439416157,0.08327625677676845,0.11518318698198236,0.2501117051513196,0,139,139
oasis,16,qsf,random_bounded_residual,4,3,0.06431908002239313,0.004311738694944777,0.06431908002239313,0.08315505853327691,0.10431483283082031,0.1675387988482498,0,139,139
oasis,16,qsf,random_bounded_residual,5,1,0.06371831565986347,0.004301359532070133,0.06371831565986347,0.09157707965688948,0.12810947687716845,0.1617980245059899,0,139,139
oasis,16,qsf,random_bounded_residual,5,2,0.06440105426733621,0.004425516781209279,0.06440105426733621,0.09030161666758466,0.1402341426934703,0.1550737757559943,0,139,139
oasis,16,qsf,random_bounded_residual,5,3,0.07374248209361649,0.005680917787794853,0.07374248209361649,0.1012872952213351,0.13601533557692372,0.1552388695547875,0,139,139
oasis,16,qsf,random_ordinary,1,1,0.06996255070853674,0.005260246449793226,0.06996255070853674,0.09753373444240887,0.16111709161755708,0.1966711392021965,0,139,139
oasis,16,qsf,random_ordinary,1,2,0.06645735456935199,0.004915644451760675,0.06645735456935199,0.09122250441023558,0.15867075369085473,0.2612923669633494,0,139,139
oasis,16,qsf,random_ordinary,1,3,0.0706558096832597,0.005512497227503507,0.0706558096832597,0.0980521551850212,0.18694010273577177,0.2210586520164143,0,139,139
oasis,16,qsf,random_ordinary,2,1,0.06353794627586087,0.0045804793303032216,0.06353794627586087,0.08017591006500333,0.1331308679875319,0.2975420087013368,0,139,139
oasis,16,qsf,random_ordinary,2,2,0.06349397966557474,0.0042892384905125775,0.06349397966557474,0.08486868425708816,0.13562596762922582,0.1793729563183483,0,139,139
oasis,16,qsf,random_ordinary,2,3,0.0681733180585827,0.00509675292727409,0.0681733180585827,0.09128157128985416,0.16138689685766608,0.2179216143281645,0,139,139
oasis,16,qsf,random_ordinary,3,1,0.0630755105974255,0.004118915410171403,0.0630755105974255,0.08469417176938111,0.1083659752811762,0.1247948288056005,0,139,139
oasis,16,qsf,random_ordinary,3,2,0.06625380491769753,0.0045858386242041286,0.06625380491769753,0.09245353238021733,0.1116259105277149,0.1568985066568,0,139,139
oasis,16,qsf,random_ordinary,3,3,0.07160798795649069,0.005386157930989127,0.07160798795649069,0.09867608426504768,0.14029217459878768,0.1743501770437641,0,139,139
oasis,16,qsf,random_ordinary,4,1,0.06386381162172147,0.004366290682236092,0.06386381162172147,0.08658317875967438,0.10581688887244767,0.2249019017510232,0,139,139
oasis,16,qsf,random_ordinary,4,2,0.07154467015912508,0.005557530089274489,0.07154467015912508,0.08957248454220522,0.11766899309480477,0.2842010452813283,0,139,139
oasis,16,qsf,random_ordinary,4,3,0.06665720140871534,0.004697565544652328,0.06665720140871534,0.08504223067684957,0.13925777401660586,0.1854481478114124,0,139,139
oasis,16,qsf,random_ordinary,5,1,0.06499883546720242,0.004544860417872744,0.06499883546720242,0.09440358210692013,0.1452745956705518,0.186864080856951,0,139,139
oasis,16,qsf,random_ordinary,5,2,0.06531312870753708,0.004562880604112413,0.06531312870753708,0.09306848447420633,0.14663276701357195,0.159838990701778,0,139,139
oasis,16,qsf,random_ordinary,5,3,0.07491564446371904,0.005909707031299799,0.07491564446371904,0.10188905369814089,0.15322203492298386,0.169189407134466,0,139,139
oasis,16,qsf,random_projection,1,1,0.06995443348310107,0.005257528829702024,0.06995443348310107,0.09753373444240887,0.16041754912950992,0.1966711392021965,0,139,139
oasis,16,qsf,random_projection,1,2,0.06645735456935199,0.004915644451760675,0.06645735456935199,0.09122250441023558,0.15867075369085473,0.2612923669633494,0,139,139
oasis,16,qsf,random_projection,1,3,0.0706558096832597,0.005512497227503507,0.0706558096832597,0.0980521551850212,0.18694010273577177,0.2210586520164143,0,139,139
oasis,16,qsf,random_projection,2,1,0.06353794627586087,0.0045804793303032216,0.06353794627586087,0.08017591006500333,0.1331308679875319,0.2975420087013368,0,139,139
oasis,16,qsf,random_projection,2,2,0.06339810427942519,0.0042682124904655245,0.06339810427942519,0.08512048617775975,0.13328574144455177,0.1776967503928126,0,139,139
oasis,16,qsf,random_projection,2,3,0.0681733180585827,0.00509675292727409,0.0681733180585827,0.09128157128985416,0.16138689685766608,0.2179216143281645,0,139,139
oasis,16,qsf,random_projection,3,1,0.06309130879192135,0.004111989084897402,0.06309130879192135,0.08457488081165443,0.10194345458249957,0.1243100765562686,0,139,139
oasis,16,qsf,random_projection,3,2,0.06539045943587132,0.004459646175200381,0.06539045943587132,0.09178825100939537,0.10490667459923625,0.1528173311136627,0,139,139
oasis,16,qsf,random_projection,3,3,0.07160798795649069,0.005386157930989127,0.07160798795649069,0.09867608426504768,0.14029217459878768,0.1743501770437641,0,139,139
oasis,16,qsf,random_projection,4,1,0.06344128559554636,0.004234864431520379,0.06344128559554636,0.0860192337943128,0.10282531068122197,0.1911411658910068,0,139,139
oasis,16,qsf,random_projection,4,2,0.07154467015912508,0.005557530089274489,0.07154467015912508,0.08957248454220522,0.11766899309480477,0.2842010452813283,0,139,139
oasis,16,qsf,random_projection,4,3,0.06536602186781534,0.004495133858918037,0.06536602186781534,0.08455108894963571,0.12214491620921482,0.1812777101432623,0,139,139
oasis,16,qsf,random_projection,5,1,0.06499883546720242,0.004544860417872744,0.06499883546720242,0.09440358210692013,0.1452745956705518,0.186864080856951,0,139,139
oasis,16,qsf,random_projection,5,2,0.06531312870753708,0.004562880604112413,0.06531312870753708,0.09306848447420633,0.14663276701357195,0.159838990701778,0,139,139
oasis,16,qsf,random_projection,5,3,0.07491564446371904,0.005909707031299799,0.07491564446371904,0.10188905369814089,0.15322203492298386,0.169189407134466,0,139,139
oasis,16,qsf,random_robust,1,1,0.06875713477980756,0.004991929575678322,0.06875713477980756,0.09431500085313348,0.1396893625384587,0.1835476680824207,0,139,139
oasis,16,qsf,random_robust,1,2,0.06478242000906174,0.004551478594960541,0.06478242000906174,0.09119062039186374,0.13403066304270692,0.2260184484910643,0,139,139
oasis,16,qsf,random_robust,1,3,0.06963968645929854,0.005236970707144481,0.06963968645929854,0.09725875955346461,0.15710709128475567,0.2033760299546493,0,139,139
oasis,16,qsf,random_robust,2,1,0.062331116004262506,0.004296070681850989,0.062331116004262506,0.07836636938808583,0.1219619789772992,0.2612819062073368,0,139,139
oasis,16,qsf,random_robust,2,2,0.06200930032239135,0.004068358694264037,0.06200930032239135,0.08183663147504229,0.13424434659750906,0.1544803843893881,0,139,139
oasis,16,qsf,random_robust,2,3,0.06687465928387996,0.004821948556210224,0.06687465928387996,0.08897439486775229,0.13767236015994833,0.2143453610546454,0,139,139
oasis,16,qsf,random_robust,3,1,0.06246427009267916,0.004026107327651429,0.06246427009267916,0.08312940129056375,0.10012356553286163,0.1157541356352856,0,139,139
oasis,16,qsf,random_robust,3,2,0.06463118277533862,0.004342557634216816,0.06463118277533862,0.08669178084240038,0.1039468602600161,0.1430416843695429,0,139,139
oasis,16,qsf,random_robust,3,3,0.07033828630762162,0.0051291906382675105,0.07033828630762162,0.09582518617202984,0.1190376820012095,0.1458920275471642,0,139,139
oasis,16,qsf,random_robust,4,1,0.06248312170599885,0.004112430590795363,0.06248312170599885,0.08029395594970794,0.10034188724080921,0.191211543376846,0,139,139
oasis,16,qsf,random_robust,4,2,0.0701018439416157,0.0052542056008188405,0.0701018439416157,0.08327625677676845,0.11518318698198236,0.2501117051513196,0,139,139
oasis,16,qsf,random_robust,4,3,0.06431908002239313,0.004311738694944777,0.06431908002239313,0.08315505853327691,0.10431483283082031,0.1675387988482498,0,139,139
oasis,16,qsf,random_robust,5,1,0.06371831565986347,0.004301359532070133,0.06371831565986347,0.09157707965688948,0.12810947687716845,0.1617980245059899,0,139,139
oasis,16,qsf,random_robust,5,2,0.06440105426733621,0.004425516781209279,0.06440105426733621,0.09030161666758466,0.1402341426934703,0.1550737757559943,0,139,139
oasis,16,qsf,random_robust,5,3,0.07374248209361649,0.005680917787794853,0.07374248209361649,0.1012872952213351,0.13601533557692372,0.1552388695547875,0,139,139
oasis,16,qsf,selected_bounded_residual,1,1,0.062302205094412456,0.004282511317712212,0.062302205094412456,0.09397455952138309,0.17056576773206172,0.1912911160871537,0,139,139
oasis,16,qsf,selected_bounded_residual,1,2,0.05509140323823401,0.003300093156255513,0.05509140323823401,0.07459430875682395,0.11972607037917857,0.1894049089735884,0,139,139
oasis,16,qsf,selected_bounded_residual,1,3,0.06773263057005048,0.0048499638489780785,0.06773263057005048,0.08987275656029407,0.14223904120959752,0.1789826679727937,0,139,139
oasis,16,qsf,selected_bounded_residual,2,1,0.06113357959407942,0.004042674966071331,0.06113357959407942,0.08089636005428807,0.15003394545982435,0.1801503195881342,0,139,139
oasis,16,qsf,selected_bounded_residual,2,2,0.05407070619118959,0.0031135253817161598,0.05407070619118959,0.07008011990353488,0.11980783731519742,0.1532567141013269,0,139,139
oasis,16,qsf,selected_bounded_residual,2,3,0.06687465928387996,0.004821948556210224,0.06687465928387996,0.08897439486775229,0.13767236015994833,0.2143453610546454,0,139,139
oasis,16,qsf,selected_bounded_residual,3,1,0.06246427009267916,0.004026107327651429,0.06246427009267916,0.08312940129056375,0.10012356553286163,0.1157541356352856,0,139,139
oasis,16,qsf,selected_bounded_residual,3,2,0.05331942100167391,0.0029919189457579885,0.05331942100167391,0.0700206958520053,0.09583751836002827,0.1489059992195674,0,139,139
oasis,16,qsf,selected_bounded_residual,3,3,0.07033828630762162,0.0051291906382675105,0.07033828630762162,0.09582518617202984,0.1190376820012095,0.1458920275471642,0,139,139
oasis,16,qsf,selected_bounded_residual,4,1,0.059397580391458454,0.003707980483091115,0.059397580391458454,0.07533584865229863,0.10638296691667112,0.1686574610968508,0,139,139
oasis,16,qsf,selected_bounded_residual,4,2,0.05280715715834695,0.002991794772729081,0.05280715715834695,0.06917654972353461,0.0862380278280446,0.1912501989936589,0,139,139
oasis,16,qsf,selected_bounded_residual,4,3,0.06431908002239313,0.004311738694944777,0.06431908002239313,0.08315505853327691,0.10431483283082031,0.1675387988482498,0,139,139
oasis,16,qsf,selected_bounded_residual,5,1,0.06153122201353501,0.004087642166676761,0.06153122201353501,0.08495212950931891,0.12244003901049616,0.1985835691490597,0,139,139
oasis,16,qsf,selected_bounded_residual,5,2,0.05461816279435733,0.00314705095210261,0.05461816279435733,0.07286257033985723,0.10560691313345527,0.1474937174267171,0,139,139
oasis,16,qsf,selected_bounded_residual,5,3,0.06662050397215374,0.004645629152478272,0.06662050397215374,0.08878528131004494,0.12630386286294518,0.1667001397984764,0,139,139
oasis,16,qsf,selected_projection,1,1,0.06386722938085553,0.004562357297799035,0.06386722938085553,0.09325841756565942,0.18375401192879795,0.1952030132193932,0,139,139
oasis,16,qsf,selected_projection,1,2,0.05662630762791397,0.003545997119982233,0.05662630762791397,0.0753958281753275,0.12878967240930034,0.2120082546685504,0,139,139
oasis,16,qsf,selected_projection,1,3,0.06885613990553925,0.005062782912668724,0.06885613990553925,0.0924663570526565,0.15684046649316988,0.1901493034977953,0,139,139
oasis,16,qsf,selected_projection,2,1,0.06262570426034338,0.004284809441757876,0.06262570426034338,0.08350755581015223,0.15813844293946092,0.2010502337817653,0,139,139
oasis,16,qsf,selected_projection,2,2,0.055684512256168626,0.003334692963694574,0.055684512256168626,0.07200566710173933,0.12016262774885797,0.1807577179762758,0,139,139
oasis,16,qsf,selected_projection,2,3,0.0681733180585827,0.00509675292727409,0.0681733180585827,0.09128157128985416,0.16138689685766608,0.2179216143281645,0,139,139
oasis,16,qsf,selected_projection,3,1,0.06309130879192135,0.004111989084897402,0.06309130879192135,0.08457488081165443,0.10194345458249957,0.1243100765562686,0,139,139
oasis,16,qsf,selected_projection,3,2,0.055806801562325745,0.0032926209939632125,0.055806801562325745,0.07105991996562634,0.09590654277124562,0.1713120205592113,0,139,139
oasis,16,qsf,selected_projection,3,3,0.07160798795649069,0.005386157930989127,0.07160798795649069,0.09867608426504768,0.14029217459878768,0.1743501770437641,0,139,139
oasis,16,qsf,selected_projection,4,1,0.06055053897476776,0.00383953550623372,0.06055053897476776,0.07617181298607618,0.11021430441480866,0.1598671470664938,0,139,139
oasis,16,qsf,selected_projection,4,2,0.054217283085363104,0.003229332000558363,0.054217283085363104,0.07072351394083101,0.0908007285374682,0.2276971433525738,0,139,139
oasis,16,qsf,selected_projection,4,3,0.06536602186781534,0.004495133858918037,0.06536602186781534,0.08455108894963571,0.12214491620921482,0.1812777101432623,0,139,139
oasis,16,qsf,selected_projection,5,1,0.0628324126706987,0.00431223603641599,0.0628324126706987,0.08651796156765634,0.1374803684085131,0.2177073377369269,0,139,139
oasis,16,qsf,selected_projection,5,2,0.05575489263754813,0.003309999515144555,0.05575489263754813,0.07325026743702001,0.1068510027294002,0.1718831846109786,0,139,139
oasis,16,qsf,selected_projection,5,3,0.06809190287168103,0.004962007391689916,0.06809190287168103,0.08923805816361832,0.148997643471662,0.2059379425969733,0,139,139
oasis,16,qsf,selected_robust,1,1,0.062302205094412456,0.004282511317712212,0.062302205094412456,0.09397455952138309,0.17056576773206172,0.1912911160871537,0,139,139
oasis,16,qsf,selected_robust,1,2,0.05509140323823401,0.003300093156255513,0.05509140323823401,0.07459430875682395,0.11972607037917857,0.1894049089735884,0,139,139
oasis,16,qsf,selected_robust,1,3,0.06773263057005048,0.0048499638489780785,0.06773263057005048,0.08987275656029407,0.14223904120959752,0.1789826679727937,0,139,139
oasis,16,qsf,selected_robust,2,1,0.06113357959407942,0.004042674966071331,0.06113357959407942,0.08089636005428807,0.15003394545982435,0.1801503195881342,0,139,139
oasis,16,qsf,selected_robust,2,2,0.05407070619118959,0.0031135253817161598,0.05407070619118959,0.07008011990353488,0.11980783731519742,0.1532567141013269,0,139,139
oasis,16,qsf,selected_robust,2,3,0.06687465928387996,0.004821948556210224,0.06687465928387996,0.08897439486775229,0.13767236015994833,0.2143453610546454,0,139,139
oasis,16,qsf,selected_robust,3,1,0.06246427009267916,0.004026107327651429,0.06246427009267916,0.08312940129056375,0.10012356553286163,0.1157541356352856,0,139,139
oasis,16,qsf,selected_robust,3,2,0.05331942100167391,0.0029919189457579885,0.05331942100167391,0.0700206958520053,0.09583751836002827,0.1489059992195674,0,139,139
oasis,16,qsf,selected_robust,3,3,0.07033828630762162,0.0051291906382675105,0.07033828630762162,0.09582518617202984,0.1190376820012095,0.1458920275471642,0,139,139
oasis,16,qsf,selected_robust,4,1,0.059397580391458454,0.003707980483091115,0.059397580391458454,0.07533584865229863,0.10638296691667112,0.1686574610968508,0,139,139
oasis,16,qsf,selected_robust,4,2,0.05280715715834695,0.002991794772729081,0.05280715715834695,0.06917654972353461,0.0862380278280446,0.1912501989936589,0,139,139
oasis,16,qsf,selected_robust,4,3,0.06431908002239313,0.004311738694944777,0.06431908002239313,0.08315505853327691,0.10431483283082031,0.1675387988482498,0,139,139
oasis,16,qsf,selected_robust,5,1,0.06153122201353501,0.004087642166676761,0.06153122201353501,0.08495212950931891,0.12244003901049616,0.1985835691490597,0,139,139
oasis,16,qsf,selected_robust,5,2,0.05461816279435733,0.00314705095210261,0.05461816279435733,0.07286257033985723,0.10560691313345527,0.1474937174267171,0,139,139
oasis,16,qsf,selected_robust,5,3,0.06662050397215374,0.004645629152478272,0.06662050397215374,0.08878528131004494,0.12630386286294518,0.1667001397984764,0,139,139
oasis,16,qsf,selected_sources_ordinary,1,1,0.06480444472702043,0.00469893497337644,0.06480444472702043,0.09367829238476605,0.18432056678115444,0.1976820606324432,0,139,139
oasis,16,qsf,selected_sources_ordinary,1,2,0.05712413165901683,0.0037158032657780603,0.05712413165901683,0.0753958281753275,0.14761031868138552,0.2412362551386638,0,139,139
oasis,16,qsf,selected_sources_ordinary,1,3,0.07001896698750497,0.005247402477569135,0.07001896698750497,0.09232315847582796,0.15699042755460102,0.2028083715725961,0,139,139
oasis,16,qsf,selected_sources_ordinary,2,1,0.06286943767421738,0.004376954268652399,0.06286943767421738,0.08360347748795278,0.15813844293946092,0.2269103826771671,0,139,139
oasis,16,qsf,selected_sources_ordinary,2,2,0.05569817194480256,0.003339657087592051,0.05569817194480256,0.07200566710173933,0.12016262774885797,0.1826564146963916,0,139,139
oasis,16,qsf,selected_sources_ordinary,2,3,0.0681733180585827,0.00509675292727409,0.0681733180585827,0.09128157128985416,0.16138689685766608,0.2179216143281645,0,139,139
oasis,16,qsf,selected_sources_ordinary,3,1,0.0630755105974255,0.004118915410171403,0.0630755105974255,0.08469417176938111,0.1083659752811762,0.1247948288056005,0,139,139
oasis,16,qsf,selected_sources_ordinary,3,2,0.0559065633304799,0.0033165571648468718,0.0559065633304799,0.07105991996562634,0.10243690188142718,0.1746460690581529,0,139,139
oasis,16,qsf,selected_sources_ordinary,3,3,0.07160798795649069,0.005386157930989127,0.07160798795649069,0.09867608426504768,0.14029217459878768,0.1743501770437641,0,139,139
oasis,16,qsf,selected_sources_ordinary,4,1,0.06064150410953228,0.0038638799317711587,0.06064150410953228,0.07617181298607618,0.11542635853117302,0.1644752513414914,0,139,139
oasis,16,qsf,selected_sources_ordinary,4,2,0.05442112594363997,0.0033279365892142972,0.05442112594363997,0.07072351394083101,0.0908007285374682,0.2560313006530596,0,139,139
oasis,16,qsf,selected_sources_ordinary,4,3,0.06665720140871534,0.004697565544652328,0.06665720140871534,0.08504223067684957,0.13925777401660586,0.1854481478114124,0,139,139
oasis,16,qsf,selected_sources_ordinary,5,1,0.06295323890247727,0.004347407688256839,0.06295323890247727,0.08654156930982077,0.14694071489537694,0.2177073377369269,0,139,139
oasis,16,qsf,selected_sources_ordinary,5,2,0.0559089694729533,0.0033458435595694115,0.0559089694729533,0.07325026743702001,0.1184241276467643,0.172711465190735,0,139,139
oasis,16,qsf,selected_sources_ordinary,5,3,0.06809190287168103,0.004962007391689916,0.06809190287168103,0.08923805816361832,0.148997643471662,0.2059379425969733,0,139,139
oasis,16,qsf,spatial_robust,1,1,0.05642160796645611,0.0034462177894810865,0.05642160796645611,0.08053389965250254,0.1299699926834595,0.1691103887593717,0,139,139
oasis,16,qsf,spatial_robust,1,2,0.05573253410823192,0.0033171761631768126,0.05573253410823192,0.0798754057775391,0.1226603648368769,0.1519549026795696,0,139,139
oasis,16,qsf,spatial_robust,1,3,0.06407549020749424,0.00440983501241558,0.06407549020749424,0.08111923346108646,0.15150244502025081,0.190281140504976,0,139,139
oasis,16,qsf,spatial_robust,2,1,0.056277445257241716,0.0034459089895145607,0.056277445257241716,0.07301724764219295,0.13593443841241648,0.1792913602868657,0,139,139
oasis,16,qsf,spatial_robust,2,2,0.05503061034711315,0.0032152115358930473,0.05503061034711315,0.07498886213837229,0.12277397313708084,0.1413293404158366,0,139,139
oasis,16,qsf,spatial_robust,2,3,0.06427758713758418,0.004367253890956087,0.06427758713758418,0.08108933118437422,0.1251661148376358,0.1817494998689898,0,139,139
oasis,16,qsf,spatial_robust,3,1,0.06047635872927273,0.003818318440221268,0.06047635872927273,0.08406558143021424,0.104544819267922,0.1388198807856388,0,139,139
oasis,16,qsf,spatial_robust,3,2,0.05466810817674616,0.0031327474252883856,0.05466810817674616,0.0761203803049916,0.10159235350816917,0.1369117958991599,0,139,139
oasis,16,qsf,spatial_robust,3,3,0.06353239075581027,0.004173767021152361,0.06353239075581027,0.08189886179389658,0.11265316969117584,0.1242405979429734,0,139,139
oasis,16,qsf,spatial_robust,4,1,0.05844975071440342,0.0035989626612667504,0.05844975071440342,0.07827206389385007,0.09914836849547672,0.1734287331517672,0,139,139
oasis,16,qsf,spatial_robust,4,2,0.05383966036580212,0.0030613174975650435,0.05383966036580212,0.07275065916057825,0.09786391623845514,0.1634089310828509,0,139,139
oasis,16,qsf,spatial_robust,4,3,0.06292336526169645,0.004153351496451008,0.06292336526169645,0.08022332696242705,0.10247887926508853,0.1882609351032393,0,139,139
oasis,16,qsf,spatial_robust,5,1,0.056475494956755024,0.0034243448648235324,0.056475494956755024,0.07883017229111713,0.12902768478686588,0.151273607590113,0,139,139
oasis,16,qsf,spatial_robust,5,2,0.05509869729342946,0.00321931055849437,0.05509869729342946,0.0789970052729719,0.11992708579889455,0.1304365552863102,0,139,139
oasis,16,qsf,spatial_robust,5,3,0.0647698169807819,0.004389039503095428,0.0647698169807819,0.08224120883519981,0.122721352183896,0.163808183186772,0,139,139
oasis,16,qsf,template_random_bounded_residual,1,1,0.03463529843807959,0.001432153697848877,0.03463529843807959,0.07047428862025733,0.08029464894569874,0.1277762368099485,0,139,139
oasis,16,qsf,template_random_bounded_residual,1,2,0.03198829826687658,0.0012035568573466517,0.03198829826687658,0.059450660752934696,0.07313083438545404,0.1106416710854135,0,139,139
oasis,16,qsf,template_random_bounded_residual,1,3,0.03668761776776867,0.0015909320942633246,0.03668761776776867,0.06814245090731072,0.0869267840894471,0.1221934821581472,0,139,139
oasis,16,qsf,template_random_bounded_residual,2,1,0.029638630334810272,0.0009567223375872669,0.029638630334810272,0.044649670852846574,0.05648042656635649,0.064804792427504,0,139,139
oasis,16,qsf,template_random_bounded_residual,2,2,0.02963333252260942,0.0009934861872861395,0.02963333252260942,0.04779779213520525,0.05871481517090806,0.1032412563481419,0,139,139
oasis,16,qsf,template_random_bounded_residual,2,3,0.035195147905006476,0.0013780220001699893,0.035195147905006476,0.05876697032721175,0.07269188135006792,0.0803448665281751,0,139,139
oasis,16,qsf,template_random_bounded_residual,3,1,0.03234273260134384,0.0011921942066260053,0.03234273260134384,0.059592371343987115,0.0701994525074473,0.0793633206712602,0,139,139
oasis,16,qsf,template_random_bounded_residual,3,2,0.03142110294152252,0.0011685515094355706,0.03142110294152252,0.060669820479904636,0.07347718630369905,0.093720194969689,0,139,139
oasis,16,qsf,template_random_bounded_residual,3,3,0.03399440214067293,0.0013290305719795821,0.03399440214067293,0.05871655033276303,0.08220944091567883,0.0932090603180108,0,139,139
oasis,16,qsf,template_random_bounded_residual,4,1,0.031193883124549657,0.0010874598369562806,0.031193883124549657,0.054782258326375545,0.06674423077654806,0.082614026922246,0,139,139
oasis,16,qsf,template_random_bounded_residual,4,2,0.0323684900923098,0.0012021205944366079,0.0323684900923098,0.05789775840884621,0.07369711303544121,0.0974038804617277,0,139,139
oasis,16,qsf,template_random_bounded_residual,4,3,0.032235370930403365,0.00118626838872951,0.032235370930403365,0.05230495265946058,0.08197794937972641,0.0953735054633756,0,139,139
oasis,16,qsf,template_random_bounded_residual,5,1,0.03371592544770272,0.0012746396095050818,0.03371592544770272,0.059045638990930564,0.06912557057044302,0.0740312623739505,0,139,139
oasis,16,qsf,template_random_bounded_residual,5,2,0.0343513447213712,0.0013787443515047044,0.0343513447213712,0.06607905239557758,0.07801545360131669,0.0856573411396492,0,139,139
oasis,16,qsf,template_random_bounded_residual,5,3,0.034890397414325765,0.0014021676786861131,0.034890397414325765,0.06378123689235736,0.07796051234645342,0.0811664791281359,0,139,139
oasis,16,qsf,template_random_projection,1,1,0.03639049727646732,0.001602913623133644,0.03639049727646732,0.0726810471469192,0.09053901783421896,0.1522687130700859,0,139,139
oasis,16,qsf,template_random_projection,1,2,0.034634216793797,0.0014119568080336632,0.034634216793797,0.06612623189488043,0.08086946615508313,0.1272409926332024,0,139,139
oasis,16,qsf,template_random_projection,1,3,0.03870916292627928,0.0017777686879892366,0.03870916292627928,0.07233871564163069,0.093179670558141,0.1450004644995487,0,139,139
oasis,16,qsf,template_random_projection,2,1,0.03194437221421094,0.0011023443667191727,0.03194437221421094,0.04897690792151964,0.0636245065807284,0.0665290114732391,0,139,139
oasis,16,qsf,template_random_projection,2,2,0.03204186804758748,0.0011565498509865978,0.03204186804758748,0.05020046994742434,0.0629888191409762,0.1164114861560979,0,139,139
oasis,16,qsf,template_random_projection,2,3,0.0373880422745354,0.0015485579623076328,0.0373880422745354,0.060869587270624796,0.08092872390097164,0.089792874717277,0,139,139
oasis,16,qsf,template_random_projection,3,1,0.03342662203232174,0.0012704077996817569,0.03342662203232174,0.062013763870018224,0.0709589045808458,0.0801846072080055,0,139,139
oasis,16,qsf,template_random_projection,3,2,0.033300279210367593,0.001314537302761897,0.033300279210367593,0.06249083912394235,0.08453573596037792,0.1024405299704748,0,139,139
oasis,16,qsf,template_random_projection,3,3,0.03577361497958603,0.0014658224070667224,0.03577361497958603,0.062130737735820424,0.08525432653616427,0.0960695190889618,0,139,139
oasis,16,qsf,template_random_projection,4,1,0.032643106175982976,0.0011909866877234576,0.032643106175982976,0.05662943712183332,0.07213450528025322,0.0827295696357715,0,139,139
oasis,16,qsf,template_random_projection,4,2,0.03500150926661741,0.0014075512547852597,0.03500150926661741,0.06027085060332304,0.09013211085517601,0.1026503779696638,0,139,139
oasis,16,qsf,template_random_projection,4,3,0.03344246174703434,0.001286103735011733,0.03344246174703434,0.05512821279744215,0.08841344057179926,0.1045652399135111,0,139,139
oasis,16,qsf,template_random_projection,5,1,0.035286262013006955,0.0013879683340097654,0.035286262013006955,0.06121203400170452,0.07341336777587468,0.0764169417831185,0,139,139
oasis,16,qsf,template_random_projection,5,2,0.03674844385527388,0.0015724106162549906,0.03674844385527388,0.06836589821289775,0.08399568533920183,0.1104397457635333,0,139,139
oasis,16,qsf,template_random_projection,5,3,0.03690924719161916,0.0015456847692977072,0.03690924719161916,0.06489326005705814,0.079658686048192,0.0838743140751642,0,139,139
oasis,16,qsf,template_random_robust,1,1,0.03463529843807959,0.001432153697848877,0.03463529843807959,0.07047428862025733,0.08029464894569874,0.1277762368099485,0,139,139
oasis,16,qsf,template_random_robust,1,2,0.03198829826687658,0.0012035568573466517,0.03198829826687658,0.059450660752934696,0.07313083438545404,0.1106416710854135,0,139,139
oasis,16,qsf,template_random_robust,1,3,0.03668761776776867,0.0015909320942633246,0.03668761776776867,0.06814245090731072,0.0869267840894471,0.1221934821581472,0,139,139
oasis,16,qsf,template_random_robust,2,1,0.029638630334810272,0.0009567223375872669,0.029638630334810272,0.044649670852846574,0.05648042656635649,0.064804792427504,0,139,139
oasis,16,qsf,template_random_robust,2,2,0.02963333252260942,0.0009934861872861395,0.02963333252260942,0.04779779213520525,0.05871481517090806,0.1032412563481419,0,139,139
oasis,16,qsf,template_random_robust,2,3,0.035195147905006476,0.0013780220001699893,0.035195147905006476,0.05876697032721175,0.07269188135006792,0.0803448665281751,0,139,139
oasis,16,qsf,template_random_robust,3,1,0.03234273260134384,0.0011921942066260053,0.03234273260134384,0.059592371343987115,0.0701994525074473,0.0793633206712602,0,139,139
oasis,16,qsf,template_random_robust,3,2,0.03142110294152252,0.0011685515094355706,0.03142110294152252,0.060669820479904636,0.07347718630369905,0.093720194969689,0,139,139
oasis,16,qsf,template_random_robust,3,3,0.03399440214067293,0.0013290305719795821,0.03399440214067293,0.05871655033276303,0.08220944091567883,0.0932090603180108,0,139,139
oasis,16,qsf,template_random_robust,4,1,0.031193883124549657,0.0010874598369562806,0.031193883124549657,0.054782258326375545,0.06674423077654806,0.082614026922246,0,139,139
oasis,16,qsf,template_random_robust,4,2,0.0323684900923098,0.0012021205944366079,0.0323684900923098,0.05789775840884621,0.07369711303544121,0.0974038804617277,0,139,139
oasis,16,qsf,template_random_robust,4,3,0.032235370930403365,0.00118626838872951,0.032235370930403365,0.05230495265946058,0.08197794937972641,0.0953735054633756,0,139,139
oasis,16,qsf,template_random_robust,5,1,0.03371592544770272,0.0012746396095050818,0.03371592544770272,0.059045638990930564,0.06912557057044302,0.0740312623739505,0,139,139
oasis,16,qsf,template_random_robust,5,2,0.0343513447213712,0.0013787443515047044,0.0343513447213712,0.06607905239557758,0.07801545360131669,0.0856573411396492,0,139,139
oasis,16,qsf,template_random_robust,5,3,0.034890397414325765,0.0014021676786861131,0.034890397414325765,0.06378123689235736,0.07796051234645342,0.0811664791281359,0,139,139
oasis,16,qsf,template_selected_bounded_residual,1,1,0.033354167104826034,0.0015674936992188583,0.033354167104826034,0.06130943790563777,0.10287427608202707,0.2316314845511373,0,139,139
oasis,16,qsf,template_selected_bounded_residual,1,2,0.026800227549461996,0.000825935919272818,0.026800227549461996,0.043776640208606846,0.07280078453407264,0.0930741334076495,0,139,139
oasis,16,qsf,template_selected_bounded_residual,1,3,0.03266692524834987,0.001369478010068233,0.03266692524834987,0.056216873612132914,0.09614343389493464,0.1786740085913235,0,139,139
oasis,16,qsf,template_selected_bounded_residual,2,1,0.0315355906547171,0.001141669665781369,0.0315355906547171,0.05053059335827591,0.07816271197585745,0.1094585825820764,0,139,139
oasis,16,qsf,template_selected_bounded_residual,2,2,0.025775816337458006,0.0007162152485705986,0.025775816337458006,0.03986337848444691,0.048443529916658915,0.052405218476739,0,139,139
oasis,16,qsf,template_selected_bounded_residual,2,3,0.035195147905006476,0.0013780220001699893,0.035195147905006476,0.05876697032721175,0.07269188135006792,0.0803448665281751,0,139,139
oasis,16,qsf,template_selected_bounded_residual,3,1,0.03234273260134384,0.0011921942066260053,0.03234273260134384,0.059592371343987115,0.0701994525074473,0.0793633206712602,0,139,139
oasis,16,qsf,template_selected_bounded_residual,3,2,0.026270637035465914,0.000774251813628497,0.026270637035465914,0.04670622218546574,0.05288946086467432,0.0676650330918586,0,139,139
oasis,16,qsf,template_selected_bounded_residual,3,3,0.03399440214067293,0.0013290305719795821,0.03399440214067293,0.05871655033276303,0.08220944091567883,0.0932090603180108,0,139,139
oasis,16,qsf,template_selected_bounded_residual,4,1,0.031087542663098894,0.0011034873875583476,0.031087542663098894,0.04851944150515581,0.08287048050039741,0.0905853486699001,0,139,139
oasis,16,qsf,template_selected_bounded_residual,4,2,0.025671093297249,0.0007409841882034207,0.025671093297249,0.03952105263463465,0.06066144721983384,0.0859524348775079,0,139,139
oasis,16,qsf,template_selected_bounded_residual,4,3,0.032235370930403365,0.00118626838872951,0.032235370930403365,0.05230495265946058,0.08197794937972641,0.0953735054633756,0,139,139
oasis,16,qsf,template_selected_bounded_residual,5,1,0.03306742314168383,0.001268882622092351,0.03306742314168383,0.057531135779764125,0.07534668117395953,0.1177685244740471,0,139,139
oasis,16,qsf,template_selected_bounded_residual,5,2,0.02626443298774686,0.0007546452659293826,0.02626443298774686,0.0424828038492023,0.05146245598627371,0.052571319826676,0,139,139
oasis,16,qsf,template_selected_bounded_residual,5,3,0.030764989144323737,0.0010560750149698698,0.030764989144323737,0.05606367925904799,0.06071526110783365,0.0651116121168081,0,139,139
oasis,16,qsf,template_selected_projection,1,1,0.035315552050822756,0.0017426472023716272,0.035315552050822756,0.06423237227705277,0.10983438650168843,0.2418096332346494,0,139,139
oasis,16,qsf,template_selected_projection,1,2,0.029093283439490903,0.0009918411030272216,0.029093283439490903,0.04802264686656392,0.08329768218361254,0.1127268605982754,0,139,139
oasis,16,qsf,template_selected_projection,1,3,0.0346573754355932,0.0015514138540962136,0.0346573754355932,0.05819185572257894,0.10466139193382272,0.193311269708176,0,139,139
oasis,16,qsf,template_selected_projection,2,1,0.03361377402304236,0.0012891747254825936,0.03361377402304236,0.053953810148724815,0.08054965222389182,0.1163026301928634,0,139,139
oasis,16,qsf,template_selected_projection,2,2,0.028239440118014124,0.0008651167626300634,0.028239440118014124,0.04256804945860148,0.05149459266991485,0.0772694354883583,0,139,139
oasis,16,qsf,template_selected_projection,2,3,0.0373880422745354,0.0015485579623076328,0.0373880422745354,0.060869587270624796,0.08092872390097164,0.089792874717277,0,139,139
oasis,16,qsf,template_selected_projection,3,1,0.03342662203232174,0.0012704077996817569,0.03342662203232174,0.062013763870018224,0.0709589045808458,0.0801846072080055,0,139,139
oasis,16,qsf,template_selected_projection,3,2,0.02828820273382415,0.000902523975617444,0.02828820273382415,0.05056925248958843,0.06322338000906186,0.0790462757453322,0,139,139
oasis,16,qsf,template_selected_projection,3,3,0.03577361497958603,0.0014658224070667224,0.03577361497958603,0.062130737735820424,0.08525432653616427,0.0960695190889618,0,139,139
oasis,16,qsf,template_selected_projection,4,1,0.03322141090564779,0.0012460250459078862,0.03322141090564779,0.051262172093596514,0.08729902031811065,0.0935394359123694,0,139,139
oasis,16,qsf,template_selected_projection,4,2,0.027750803886700145,0.0008695425642649159,0.027750803886700145,0.0429585332202778,0.06218275134415155,0.1021024822317129,0,139,139
oasis,16,qsf,template_selected_projection,4,3,0.03344246174703434,0.001286103735011733,0.03344246174703434,0.05512821279744215,0.08841344057179926,0.1045652399135111,0,139,139
oasis,16,qsf,template_selected_projection,5,1,0.03493807480540101,0.0013941065879796654,0.03493807480540101,0.05871804043260044,0.07852421257500998,0.1208614231246574,0,139,139
oasis,16,qsf,template_selected_projection,5,2,0.028500051482368203,0.0008906066701966684,0.028500051482368203,0.045425120773321837,0.052688089719187765,0.0766761380601801,0,139,139
oasis,16,qsf,template_selected_projection,5,3,0.03252470037609979,0.0011791176551881066,0.03252470037609979,0.05727361885968398,0.06695631590538484,0.0720967921977687,0,139,139
oasis,16,qsf,template_selected_robust,1,1,0.033354167104826034,0.0015674936992188583,0.033354167104826034,0.06130943790563777,0.10287427608202707,0.2316314845511373,0,139,139
oasis,16,qsf,template_selected_robust,1,2,0.026800227549461996,0.000825935919272818,0.026800227549461996,0.043776640208606846,0.07280078453407264,0.0930741334076495,0,139,139
oasis,16,qsf,template_selected_robust,1,3,0.03266692524834987,0.001369478010068233,0.03266692524834987,0.056216873612132914,0.09614343389493464,0.1786740085913235,0,139,139
oasis,16,qsf,template_selected_robust,2,1,0.0315355906547171,0.001141669665781369,0.0315355906547171,0.05053059335827591,0.07816271197585745,0.1094585825820764,0,139,139
oasis,16,qsf,template_selected_robust,2,2,0.025775816337458006,0.0007162152485705986,0.025775816337458006,0.03986337848444691,0.048443529916658915,0.052405218476739,0,139,139
oasis,16,qsf,template_selected_robust,2,3,0.035195147905006476,0.0013780220001699893,0.035195147905006476,0.05876697032721175,0.07269188135006792,0.0803448665281751,0,139,139
oasis,16,qsf,template_selected_robust,3,1,0.03234273260134384,0.0011921942066260053,0.03234273260134384,0.059592371343987115,0.0701994525074473,0.0793633206712602,0,139,139
oasis,16,qsf,template_selected_robust,3,2,0.026270637035465914,0.000774251813628497,0.026270637035465914,0.04670622218546574,0.05288946086467432,0.0676650330918586,0,139,139
oasis,16,qsf,template_selected_robust,3,3,0.03399440214067293,0.0013290305719795821,0.03399440214067293,0.05871655033276303,0.08220944091567883,0.0932090603180108,0,139,139
oasis,16,qsf,template_selected_robust,4,1,0.031087542663098894,0.0011034873875583476,0.031087542663098894,0.04851944150515581,0.08287048050039741,0.0905853486699001,0,139,139
oasis,16,qsf,template_selected_robust,4,2,0.025671093297249,0.0007409841882034207,0.025671093297249,0.03952105263463465,0.06066144721983384,0.0859524348775079,0,139,139
oasis,16,qsf,template_selected_robust,4,3,0.032235370930403365,0.00118626838872951,0.032235370930403365,0.05230495265946058,0.08197794937972641,0.0953735054633756,0,139,139
oasis,16,qsf,template_selected_robust,5,1,0.03306742314168383,0.001268882622092351,0.03306742314168383,0.057531135779764125,0.07534668117395953,0.1177685244740471,0,139,139
oasis,16,qsf,template_selected_robust,5,2,0.02626443298774686,0.0007546452659293826,0.02626443298774686,0.0424828038492023,0.05146245598627371,0.052571319826676,0,139,139
oasis,16,qsf,template_selected_robust,5,3,0.030764989144323737,0.0010560750149698698,0.030764989144323737,0.05606367925904799,0.06071526110783365,0.0651116121168081,0,139,139
oasis,32,heat_norm18,atlas_random_aligned,1,1,0.023636046921983938,0.0006067983944697539,0.023636046921983938,0.032776780614730175,0.056019397818970806,0.0700814077255265,0,139,139
oasis,32,heat_norm18,atlas_random_aligned,1,2,0.021865587286626374,0.0005144967777942301,0.021865587286626374,0.030880950315720534,0.04645394075620761,0.0649559666491833,0,139,139
oasis,32,heat_norm18,atlas_random_aligned,1,3,0.024498312114624568,0.000652245423257013,0.024498312114624568,0.035442510526887024,0.061327215258922985,0.0690816875023879,0,139,139
oasis,32,heat_norm18,atlas_random_aligned,2,1,0.023246210440247866,0.0005677840313088381,0.023246210440247866,0.03196797421114074,0.04318499508272527,0.0481877205136601,0,139,139
oasis,32,heat_norm18,atlas_random_aligned,2,2,0.021983410624730852,0.000513020366645405,0.021983410624730852,0.03378351009915635,0.044966594762530745,0.0481864880739233,0,139,139
oasis,32,heat_norm18,atlas_random_aligned,2,3,0.02392726879340121,0.0005996067578081893,0.02392726879340121,0.03160697371597813,0.04375549307724547,0.0513403817285242,0,139,139
oasis,32,heat_norm18,atlas_random_aligned,3,1,0.02258856128451903,0.0005364552055873317,0.02258856128451903,0.029564458034618993,0.045580657691439735,0.0489855715613106,0,139,139
oasis,32,heat_norm18,atlas_random_aligned,3,2,0.020812713860559242,0.00045035841268902807,0.020812713860559242,0.026450685442756007,0.034821349760625966,0.0454788630637972,0,139,139
oasis,32,heat_norm18,atlas_random_aligned,3,3,0.023630877488352638,0.000584087671591459,0.023630877488352638,0.031194017389352728,0.04203836534289589,0.0522063065174648,0,139,139
oasis,32,heat_norm18,atlas_random_aligned,4,1,0.022886075099680894,0.0005594843451812273,0.022886075099680894,0.030567754087418155,0.04446256901880987,0.064366917384783,0,139,139
oasis,32,heat_norm18,atlas_random_aligned,4,2,0.022115394220196965,0.0005240430801281619,0.022115394220196965,0.030411053250284797,0.035816523259659526,0.0702719751252495,0,139,139
oasis,32,heat_norm18,atlas_random_aligned,4,3,0.02381588038741513,0.0005955003680165021,0.02381588038741513,0.03178403661866818,0.03741416008481898,0.0610845574251229,0,139,139
oasis,32,heat_norm18,atlas_random_aligned,5,1,0.02343817445645145,0.0005765141006400943,0.02343817445645145,0.03555807451926985,0.038674386138740725,0.0485131085378829,0,139,139
oasis,32,heat_norm18,atlas_random_aligned,5,2,0.021845173920835237,0.0005032108590951447,0.021845173920835237,0.029857106107891145,0.040844769436024525,0.0470427576750753,0,139,139
oasis,32,heat_norm18,atlas_random_aligned,5,3,0.024837615623337295,0.0006504137401925338,0.024837615623337295,0.03637890194800029,0.045128783305680265,0.0548955027993493,0,139,139
oasis,32,heat_norm18,atlas_random_mean,1,1,0.13738900210118868,0.02140982883650365,0.13738900210118868,0.18478341861266312,0.36456627439512634,0.3836173298436859,0,139,139
oasis,32,heat_norm18,atlas_random_mean,1,2,0.13727881644694773,0.02138825183467159,0.13727881644694773,0.18759460673418374,0.368734895575849,0.3743018720868541,0,139,139
oasis,32,heat_norm18,atlas_random_mean,1,3,0.13903943412806524,0.021832937456548,0.13903943412806524,0.19699904098030357,0.3588275844555267,0.3754811214122378,0,139,139
oasis,32,heat_norm18,atlas_random_mean,2,1,0.13693555489463874,0.020842967912880685,0.13693555489463874,0.1798566958500616,0.31362525572075234,0.4432654098062407,0,139,139
oasis,32,heat_norm18,atlas_random_mean,2,2,0.13689040927802051,0.020924246538336053,0.13689040927802051,0.18351130680778382,0.31866589381172705,0.4520439834810298,0,139,139
oasis,32,heat_norm18,atlas_random_mean,2,3,0.13785354023501215,0.02116794147676493,0.13785354023501215,0.19091247629054683,0.31092438791306204,0.4394109999429702,0,139,139
oasis,32,heat_norm18,atlas_random_mean,3,1,0.13391619642797628,0.02001309125942919,0.13391619642797628,0.18083880013749218,0.31250534075283476,0.4433409607023069,0,139,139
oasis,32,heat_norm18,atlas_random_mean,3,2,0.1334711432110502,0.01998174020398534,0.1334711432110502,0.1818104402851129,0.31629127039203725,0.4519113574515719,0,139,139
oasis,32,heat_norm18,atlas_random_mean,3,3,0.13580162242122784,0.020578430414160426,0.13580162242122784,0.1951617083635982,0.3081464655900118,0.4393632425379693,0,139,139
oasis,32,heat_norm18,atlas_random_mean,4,1,0.13558225884294461,0.020134298648463247,0.13558225884294461,0.2008489173010991,0.3028958208398889,0.3595446954336959,0,139,139
oasis,32,heat_norm18,atlas_random_mean,4,2,0.13522465487977828,0.020109982565534514,0.13522465487977828,0.20065337126468027,0.3056558056571383,0.3650004752232471,0,139,139
oasis,32,heat_norm18,atlas_random_mean,4,3,0.13704322826429036,0.02057534552927918,0.13704322826429036,0.20628766182654837,0.2962380242987523,0.358787796336711,0,139,139
oasis,32,heat_norm18,atlas_random_mean,5,1,0.1347143505163465,0.019946556261100507,0.1347143505163465,0.18153280275771458,0.2719429316233429,0.443780504356907,0,139,139
oasis,32,heat_norm18,atlas_random_mean,5,2,0.1341768562326266,0.019879958975019818,0.1341768562326266,0.18014134254970993,0.27816070630655937,0.4524658031541464,0,139,139
oasis,32,heat_norm18,atlas_random_mean,5,3,0.13614764567938262,0.020440180520362644,0.13614764567938262,0.19503062928443168,0.27925921364740164,0.4400289128220818,0,139,139
oasis,32,heat_norm18,atlas_selected_aligned,1,1,0.023629065950347132,0.0006037225673249662,0.023629065950347132,0.03260902945350251,0.05586539730704507,0.0671960199002177,0,139,139
oasis,32,heat_norm18,atlas_selected_aligned,1,2,0.02198253860465851,0.0005224059410011633,0.02198253860465851,0.029708498121423992,0.05006345805906576,0.0650841745929716,0,139,139
oasis,32,heat_norm18,atlas_selected_aligned,1,3,0.024181151056031653,0.0006315495947534763,0.024181151056031653,0.035076184700658916,0.05936918189183773,0.0649525657934256,0,139,139
oasis,32,heat_norm18,atlas_selected_aligned,2,1,0.023367668174961814,0.0005740346710433231,0.023367668174961814,0.0325304226485819,0.043288951463054864,0.0501415540007426,0,139,139
oasis,32,heat_norm18,atlas_selected_aligned,2,2,0.02219883085059803,0.000523095012228687,0.02219883085059803,0.032743801240064735,0.04543586491629804,0.0478539293526665,0,139,139
oasis,32,heat_norm18,atlas_selected_aligned,2,3,0.02392726879340121,0.0005996067578081893,0.02392726879340121,0.03160697371597813,0.04375549307724547,0.0513403817285242,0,139,139
oasis,32,heat_norm18,atlas_selected_aligned,3,1,0.022696804787306138,0.0005423598191949584,0.022696804787306138,0.029434228978023967,0.04621805344366967,0.050370908225835,0,139,139
oasis,32,heat_norm18,atlas_selected_aligned,3,2,0.020799404214081153,0.0004510913064270251,0.020799404214081153,0.02628822947587767,0.03531199020498086,0.04763193266624,0,139,139
oasis,32,heat_norm18,atlas_selected_aligned,3,3,0.0233054035709629,0.0005682803041431281,0.0233054035709629,0.0306147114626012,0.041354418704885154,0.0516146719879525,0,139,139
oasis,32,heat_norm18,atlas_selected_aligned,4,1,0.0231629751056607,0.0005732604550839828,0.0231629751056607,0.030453968509712773,0.044697625868196034,0.0664142735064567,0,139,139
oasis,32,heat_norm18,atlas_selected_aligned,4,2,0.021665610827997162,0.0004995000237338878,0.021665610827997162,0.029691504376708908,0.03407677985283589,0.064983381413604,0,139,139
oasis,32,heat_norm18,atlas_selected_aligned,4,3,0.02327831472121026,0.000571910339582718,0.02327831472121026,0.031139785357602916,0.03739474924862543,0.0631926854599157,0,139,139
oasis,32,heat_norm18,atlas_selected_aligned,5,1,0.023388999053626056,0.0005732387886286417,0.023388999053626056,0.03241246946452963,0.037947876866132914,0.050213773008807,0,139,139
oasis,32,heat_norm18,atlas_selected_aligned,5,2,0.021644475193173716,0.0004946538082001913,0.021644475193173716,0.029265603577125543,0.04108277575477445,0.0474905988369094,0,139,139
oasis,32,heat_norm18,atlas_selected_aligned,5,3,0.024218773766252887,0.0006172862725648626,0.024218773766252887,0.03564642082655266,0.043663709722134646,0.0516777705330899,0,139,139
oasis,32,heat_norm18,atlas_selected_mean,1,1,0.13738900210118868,0.02140982883650365,0.13738900210118868,0.18478341861266312,0.36456627439512634,0.3836173298436859,0,139,139
oasis,32,heat_norm18,atlas_selected_mean,1,2,0.13727881644694773,0.02138825183467159,0.13727881644694773,0.18759460673418374,0.368734895575849,0.3743018720868541,0,139,139
oasis,32,heat_norm18,atlas_selected_mean,1,3,0.13903943412806524,0.021832937456548,0.13903943412806524,0.19699904098030357,0.3588275844555267,0.3754811214122378,0,139,139
oasis,32,heat_norm18,atlas_selected_mean,2,1,0.13693555489463874,0.020842967912880685,0.13693555489463874,0.1798566958500616,0.31362525572075234,0.4432654098062407,0,139,139
oasis,32,heat_norm18,atlas_selected_mean,2,2,0.13689040927802051,0.020924246538336053,0.13689040927802051,0.18351130680778382,0.31866589381172705,0.4520439834810298,0,139,139
oasis,32,heat_norm18,atlas_selected_mean,2,3,0.13785354023501215,0.02116794147676493,0.13785354023501215,0.19091247629054683,0.31092438791306204,0.4394109999429702,0,139,139
oasis,32,heat_norm18,atlas_selected_mean,3,1,0.13391619642797628,0.02001309125942919,0.13391619642797628,0.18083880013749218,0.31250534075283476,0.4433409607023069,0,139,139
oasis,32,heat_norm18,atlas_selected_mean,3,2,0.1334711432110502,0.01998174020398534,0.1334711432110502,0.1818104402851129,0.31629127039203725,0.4519113574515719,0,139,139
oasis,32,heat_norm18,atlas_selected_mean,3,3,0.13580162242122784,0.020578430414160426,0.13580162242122784,0.1951617083635982,0.3081464655900118,0.4393632425379693,0,139,139
oasis,32,heat_norm18,atlas_selected_mean,4,1,0.13558225884294461,0.020134298648463247,0.13558225884294461,0.2008489173010991,0.3028958208398889,0.3595446954336959,0,139,139
oasis,32,heat_norm18,atlas_selected_mean,4,2,0.13522465487977828,0.020109982565534514,0.13522465487977828,0.20065337126468027,0.3056558056571383,0.3650004752232471,0,139,139
oasis,32,heat_norm18,atlas_selected_mean,4,3,0.13704322826429036,0.02057534552927918,0.13704322826429036,0.20628766182654837,0.2962380242987523,0.358787796336711,0,139,139
oasis,32,heat_norm18,atlas_selected_mean,5,1,0.1347143505163465,0.019946556261100507,0.1347143505163465,0.18153280275771458,0.2719429316233429,0.443780504356907,0,139,139
oasis,32,heat_norm18,atlas_selected_mean,5,2,0.1341768562326266,0.019879958975019818,0.1341768562326266,0.18014134254970993,0.27816070630655937,0.4524658031541464,0,139,139
oasis,32,heat_norm18,atlas_selected_mean,5,3,0.13614764567938262,0.020440180520362644,0.13614764567938262,0.19503062928443168,0.27925921364740164,0.4400289128220818,0,139,139
oasis,32,heat_norm18,floor_random_robust,1,1,0.07095621893816684,0.005312043207257408,0.07095621893816684,0.09372112077090287,0.1509514646503612,0.1897032739985913,0,139,139
oasis,32,heat_norm18,floor_random_robust,1,2,0.06077489492508324,0.003950409208870635,0.06077489492508324,0.08708934938297742,0.1273576791039432,0.175061712096076,0,139,139
oasis,32,heat_norm18,floor_random_robust,1,3,0.07388268726825316,0.005752855022578021,0.07388268726825316,0.09618716863092483,0.14697815656880664,0.2006873914980839,0,139,139
oasis,32,heat_norm18,floor_random_robust,2,1,0.07403709602153376,0.0068078900114504305,0.07403709602153376,0.08934135320685124,0.17016568884812958,0.4633366542178337,0,139,139
oasis,32,heat_norm18,floor_random_robust,2,2,0.06395539399545286,0.0042726404692984546,0.06395539399545286,0.08787535204040732,0.12931345124181,0.1407004566691958,0,139,139
oasis,32,heat_norm18,floor_random_robust,2,3,0.06843770308766516,0.00533615482020317,0.06843770308766516,0.09106887522344065,0.1778510581946017,0.2847369710295575,0,139,139
oasis,32,heat_norm18,floor_random_robust,3,1,0.07389920374098642,0.005602698584878246,0.07389920374098642,0.08971527242783188,0.12621524715816598,0.1337242103614925,0,139,139
oasis,32,heat_norm18,floor_random_robust,3,2,0.060870369235767545,0.0038396404436973368,0.060870369235767545,0.08387828350435673,0.10733103190206131,0.1221353152125294,0,139,139
oasis,32,heat_norm18,floor_random_robust,3,3,0.07247307504599826,0.005492921553830939,0.07247307504599826,0.09962588691273261,0.1256936659631868,0.1655257023007563,0,139,139
oasis,32,heat_norm18,floor_random_robust,4,1,0.06949888339301528,0.0050184399083799715,0.06949888339301528,0.08930013186097402,0.11681729670779997,0.175664626126944,0,139,139
oasis,32,heat_norm18,floor_random_robust,4,2,0.06991469888932625,0.0054932350532519774,0.06991469888932625,0.08987235263838803,0.11596175985785438,0.3297094942024146,0,139,139
oasis,32,heat_norm18,floor_random_robust,4,3,0.06827831548117132,0.004807743657569262,0.06827831548117132,0.08311213633337033,0.1127569719945528,0.1479715321659613,0,139,139
oasis,32,heat_norm18,floor_random_robust,5,1,0.0729556119477706,0.0055337125927446985,0.0729556119477706,0.1009996637839791,0.12906209232317667,0.1454490931764953,0,139,139
oasis,32,heat_norm18,floor_random_robust,5,2,0.06670147143515794,0.004673374720460749,0.06670147143515794,0.09347549679253754,0.13353016038324972,0.1545637569625235,0,139,139
oasis,32,heat_norm18,floor_random_robust,5,3,0.0754556280526029,0.006424949634312059,0.0754556280526029,0.10168610295780568,0.21453895909761436,0.2450757335636384,0,139,139
oasis,32,heat_norm18,ordinary_selected,1,1,0.07046622669552055,0.00534128197465037,0.07046622669552055,0.09488183363833469,0.16983912533779436,0.2099086014517555,0,139,139
oasis,32,heat_norm18,ordinary_selected,1,2,0.06646429968674114,0.004992944075505493,0.06646429968674114,0.09247302155204758,0.17559631459799555,0.2639148973473826,0,139,139
oasis,32,heat_norm18,ordinary_selected,1,3,0.07365427974299908,0.005770355526438496,0.07365427974299908,0.104426943933733,0.16463577681548464,0.1997985586990592,0,139,139
oasis,32,heat_norm18,ordinary_selected,2,1,0.07133311336452464,0.005475598153666543,0.07133311336452464,0.0906042225974356,0.15775371553068904,0.2357392107458401,0,139,139
oasis,32,heat_norm18,ordinary_selected,2,2,0.06510916146570599,0.004938214027433818,0.06510916146570599,0.08845990181153962,0.1713778844185591,0.3138492192411307,0,139,139
oasis,32,heat_norm18,ordinary_selected,2,3,0.07287875362304128,0.006620684536750486,0.07287875362304128,0.09734113916724593,0.19878950565458714,0.434530020128745,0,139,139
oasis,32,heat_norm18,ordinary_selected,3,1,0.07152529737526056,0.005326377915273198,0.07152529737526056,0.09510433008759804,0.11476872242740094,0.1819443110682187,0,139,139
oasis,32,heat_norm18,ordinary_selected,3,2,0.06399507765279108,0.0042524584660039565,0.06399507765279108,0.08315235966395838,0.12175281131353416,0.1353827968459695,0,139,139
oasis,32,heat_norm18,ordinary_selected,3,3,0.07257787512635124,0.005449239706673709,0.07257787512635124,0.08899738463047746,0.12189697572820155,0.1624219602608493,0,139,139
oasis,32,heat_norm18,ordinary_selected,4,1,0.07053663706042755,0.005182605339838759,0.07053663706042755,0.09504420649447749,0.11049562872565306,0.1933271938592776,0,139,139
oasis,32,heat_norm18,ordinary_selected,4,2,0.0628690312090746,0.004652844091019552,0.0628690312090746,0.0822495129182726,0.11501255980940539,0.3493693184339727,0,139,139
oasis,32,heat_norm18,ordinary_selected,4,3,0.07285393243161543,0.0056361804402437965,0.07285393243161543,0.08942815907490577,0.11931160358866799,0.2428082011524757,0,139,139
oasis,32,heat_norm18,ordinary_selected,5,1,0.070959769492455,0.005605439495355602,0.070959769492455,0.09399044698831673,0.17812766953026962,0.2759113598044841,0,139,139
oasis,32,heat_norm18,ordinary_selected,5,2,0.06387548396445637,0.00426484625266187,0.06387548396445637,0.08946311945261448,0.12907337525461213,0.1424370213733672,0,139,139
oasis,32,heat_norm18,ordinary_selected,5,3,0.07139534400492752,0.005664437820511347,0.07139534400492752,0.0922836361416003,0.1856468120991883,0.2661649329538981,0,139,139
oasis,32,heat_norm18,random_bounded_residual,1,1,0.07528522576402587,0.006032565085623455,0.07528522576402587,0.09656585908765841,0.14615573328125353,0.2430924287648414,0,139,139
oasis,32,heat_norm18,random_bounded_residual,1,2,0.06735959442937622,0.004926248247584507,0.06735959442937622,0.09742786263560275,0.14828477360955405,0.220265876945356,0,139,139
oasis,32,heat_norm18,random_bounded_residual,1,3,0.0768137933502766,0.00630955805627079,0.0768137933502766,0.10614029665587087,0.17822871774932753,0.221289887454004,0,139,139
oasis,32,heat_norm18,random_bounded_residual,2,1,0.07647906418829518,0.006181279970890927,0.07647906418829518,0.09402400805111848,0.15276549836684664,0.2271141524652905,0,139,139
oasis,32,heat_norm18,random_bounded_residual,2,2,0.06923855160720511,0.005165087290433425,0.06923855160720511,0.09091655674046273,0.1692988488817323,0.1981907455720682,0,139,139
oasis,32,heat_norm18,random_bounded_residual,2,3,0.07159420330739877,0.0062321187316522475,0.07159420330739877,0.0883130454851573,0.19238784477212398,0.3987027795366402,0,139,139
oasis,32,heat_norm18,random_bounded_residual,3,1,0.07677483938007691,0.006050701000048566,0.07677483938007691,0.09428174461277654,0.11991822810180686,0.1613673140642692,0,139,139
oasis,32,heat_norm18,random_bounded_residual,3,2,0.06838497912755055,0.004899069202745088,0.06838497912755055,0.09005836325994446,0.1315582616974007,0.1784765834325046,0,139,139
oasis,32,heat_norm18,random_bounded_residual,3,3,0.0754439639542471,0.005897343121462173,0.0754439639542471,0.09588457004132268,0.12232586052150811,0.1792871825344884,0,139,139
oasis,32,heat_norm18,random_bounded_residual,4,1,0.07494698941546615,0.006284328349824868,0.07494698941546615,0.09762453198326858,0.11932611795805566,0.3514162711999369,0,139,139
oasis,32,heat_norm18,random_bounded_residual,4,2,0.07467608041369499,0.006304661765057277,0.07467608041369499,0.09643004621387291,0.13078786944417492,0.3613134248785208,0,139,139
oasis,32,heat_norm18,random_bounded_residual,4,3,0.07064418627033321,0.0053977254577242595,0.07064418627033321,0.0867387648078905,0.11781363502863729,0.2697908317855479,0,139,139
oasis,32,heat_norm18,random_bounded_residual,5,1,0.07729023510577629,0.006514304218983135,0.07729023510577629,0.09988875794201604,0.16167407794285066,0.2873059869585638,0,139,139
oasis,32,heat_norm18,random_bounded_residual,5,2,0.07096954491537943,0.005333901190844909,0.07096954491537943,0.09700819164806883,0.15421811022475324,0.1887364140079301,0,139,139
oasis,32,heat_norm18,random_bounded_residual,5,3,0.07798240066645959,0.006489114360437867,0.07798240066645959,0.11137462503890595,0.1773374112167032,0.1990789792720242,0,139,139
oasis,32,heat_norm18,random_ordinary,1,1,0.07628995559530719,0.006263283769155079,0.07628995559530719,0.09728405546142238,0.15776916437542235,0.2625479251152339,0,139,139
oasis,32,heat_norm18,random_ordinary,1,2,0.06914056733921674,0.005560123154366602,0.06914056733921674,0.09882326097121621,0.16216469490238725,0.3344744195746728,0,139,139
oasis,32,heat_norm18,random_ordinary,1,3,0.0801371677688374,0.007968954597174623,0.0801371677688374,0.11232486910898742,0.26293174095463523,0.432494458592714,0,139,139
oasis,32,heat_norm18,random_ordinary,2,1,0.07730011873547532,0.006330093586872049,0.07730011873547532,0.09575109137889129,0.15650790913262838,0.2337019611541906,0,139,139
oasis,32,heat_norm18,random_ordinary,2,2,0.07122573265861998,0.005766883971464991,0.07122573265861998,0.0982278441707201,0.18078977228585047,0.2968227999319243,0,139,139
oasis,32,heat_norm18,random_ordinary,2,3,0.07287875362304128,0.006620684536750486,0.07287875362304128,0.09734113916724593,0.19878950565458714,0.434530020128745,0,139,139
oasis,32,heat_norm18,random_ordinary,3,1,0.07919517900098487,0.006408267283020136,0.07919517900098487,0.10082660519936675,0.11710600767396465,0.138935835705465,0,139,139
oasis,32,heat_norm18,random_ordinary,3,2,0.07069828423730237,0.00519910357107516,0.07069828423730237,0.09040780026331177,0.12880826769810927,0.171339110537096,0,139,139
oasis,32,heat_norm18,random_ordinary,3,3,0.07712537839254711,0.006180437043579961,0.07712537839254711,0.09816076103796159,0.12883484414162386,0.1862308802650337,0,139,139
oasis,32,heat_norm18,random_ordinary,4,1,0.07611694888398506,0.0060809337548776,0.07611694888398506,0.09845214240856155,0.11862121798490123,0.234323966603844,0,139,139
oasis,32,heat_norm18,random_ordinary,4,2,0.07536990176172362,0.006485695760441581,0.07536990176172362,0.09819107992660585,0.13364245497699437,0.3782431838659437,0,139,139
oasis,32,heat_norm18,random_ordinary,4,3,0.07285393243161543,0.0056361804402437965,0.07285393243161543,0.08942815907490577,0.11931160358866799,0.2428082011524757,0,139,139
oasis,32,heat_norm18,random_ordinary,5,1,0.07792006335619955,0.006592076022912485,0.07792006335619955,0.1017860515813234,0.16545728426524225,0.2779377850566359,0,139,139
oasis,32,heat_norm18,random_ordinary,5,2,0.07311246757063448,0.005800662463399933,0.07311246757063448,0.09967004404873496,0.17420911413580054,0.2394581004384451,0,139,139
oasis,32,heat_norm18,random_ordinary,5,3,0.07876789086867808,0.006661059581535514,0.07876789086867808,0.11153340416072798,0.18029330091036275,0.2128620398198313,0,139,139
oasis,32,heat_norm18,random_projection,1,1,0.07628995559530719,0.006263283769155079,0.07628995559530719,0.09728405546142238,0.15776916437542235,0.2625479251152339,0,139,139
oasis,32,heat_norm18,random_projection,1,2,0.06827932276133164,0.005072831092552997,0.06827932276133164,0.09839343046332802,0.15325201221179982,0.2244248528576802,0,139,139
oasis,32,heat_norm18,random_projection,1,3,0.07725483644907266,0.006385049718758582,0.07725483644907266,0.109147871444472,0.1774927606374377,0.2260294402366607,0,139,139
oasis,32,heat_norm18,random_projection,2,1,0.07730011873547532,0.006330093586872049,0.07730011873547532,0.09575109137889129,0.15650790913262838,0.2337019611541906,0,139,139
oasis,32,heat_norm18,random_projection,2,2,0.07006683459792762,0.005286945450092343,0.07006683459792762,0.0918467368744405,0.17112808749999817,0.1965822203031862,0,139,139
oasis,32,heat_norm18,random_projection,2,3,0.07279573402912823,0.006549493548285559,0.07279573402912823,0.09734113916724593,0.19878950565458714,0.42299029657483,0,139,139
oasis,32,heat_norm18,random_projection,3,1,0.07780365827743288,0.006221827587908484,0.07780365827743288,0.0993203837938914,0.12299132248779408,0.157021082250735,0,139,139
oasis,32,heat_norm18,random_projection,3,2,0.06916261005025783,0.005010668938686313,0.06916261005025783,0.0906463781153512,0.13050246893654643,0.1821105263054374,0,139,139
oasis,32,heat_norm18,random_projection,3,3,0.07604609199572195,0.006027512990893802,0.07604609199572195,0.09734592243300733,0.12512461284674894,0.2007070881063625,0,139,139
oasis,32,heat_norm18,random_projection,4,1,0.07546625314184544,0.005996933208213964,0.07546625314184544,0.09909614084754918,0.11765597547822365,0.2412970444993999,0,139,139
oasis,32,heat_norm18,random_projection,4,2,0.07527287397282487,0.006413604161311282,0.07527287397282487,0.09819107992660585,0.13364245497699437,0.3647563212090157,0,139,139
oasis,32,heat_norm18,random_projection,4,3,0.07120723646619732,0.005479662727927394,0.07120723646619732,0.08749371748992195,0.12034707909625107,0.2681506691682424,0,139,139
oasis,32,heat_norm18,random_projection,5,1,0.07792006335619955,0.006592076022912485,0.07792006335619955,0.1017860515813234,0.16545728426524225,0.2779377850566359,0,139,139
oasis,32,heat_norm18,random_projection,5,2,0.07164355708731841,0.005482314612961589,0.07164355708731841,0.09726426148480882,0.1613302150866079,0.2076547658320076,0,139,139
oasis,32,heat_norm18,random_projection,5,3,0.07805115089678016,0.006423843371412909,0.07805115089678016,0.11151895004874358,0.14898941027218177,0.1943201493865357,0,139,139
oasis,32,heat_norm18,random_robust,1,1,0.07528522576402587,0.006032565085623455,0.07528522576402587,0.09656585908765841,0.14615573328125353,0.2430924287648414,0,139,139
oasis,32,heat_norm18,random_robust,1,2,0.06735959442937622,0.004926248247584507,0.06735959442937622,0.09742786263560275,0.14828477360955405,0.220265876945356,0,139,139
oasis,32,heat_norm18,random_robust,1,3,0.0768137933502766,0.00630955805627079,0.0768137933502766,0.10614029665587087,0.17822871774932753,0.221289887454004,0,139,139
oasis,32,heat_norm18,random_robust,2,1,0.07647906418829518,0.006181279970890927,0.07647906418829518,0.09402400805111848,0.15276549836684664,0.2271141524652905,0,139,139
oasis,32,heat_norm18,random_robust,2,2,0.06923855160720511,0.005165087290433425,0.06923855160720511,0.09091655674046273,0.1692988488817323,0.1981907455720682,0,139,139
oasis,32,heat_norm18,random_robust,2,3,0.07159420330739877,0.0062321187316522475,0.07159420330739877,0.0883130454851573,0.19238784477212398,0.3987027795366402,0,139,139
oasis,32,heat_norm18,random_robust,3,1,0.07677483938007691,0.006050701000048566,0.07677483938007691,0.09428174461277654,0.11991822810180686,0.1613673140642692,0,139,139
oasis,32,heat_norm18,random_robust,3,2,0.06838497912755055,0.004899069202745088,0.06838497912755055,0.09005836325994446,0.1315582616974007,0.1784765834325046,0,139,139
oasis,32,heat_norm18,random_robust,3,3,0.0754439639542471,0.005897343121462173,0.0754439639542471,0.09588457004132268,0.12232586052150811,0.1792871825344884,0,139,139
oasis,32,heat_norm18,random_robust,4,1,0.07494698941546615,0.006284328349824868,0.07494698941546615,0.09762453198326858,0.11932611795805566,0.3514162711999369,0,139,139
oasis,32,heat_norm18,random_robust,4,2,0.07467608041369499,0.006304661765057277,0.07467608041369499,0.09643004621387291,0.13078786944417492,0.3613134248785208,0,139,139
oasis,32,heat_norm18,random_robust,4,3,0.07064418627033321,0.0053977254577242595,0.07064418627033321,0.0867387648078905,0.11781363502863729,0.2697908317855479,0,139,139
oasis,32,heat_norm18,random_robust,5,1,0.07729023510577629,0.006514304218983135,0.07729023510577629,0.09988875794201604,0.16167407794285066,0.2873059869585638,0,139,139
oasis,32,heat_norm18,random_robust,5,2,0.07096954491537943,0.005333901190844909,0.07096954491537943,0.09700819164806883,0.15421811022475324,0.1887364140079301,0,139,139
oasis,32,heat_norm18,random_robust,5,3,0.07798240066645959,0.006489114360437867,0.07798240066645959,0.11137462503890595,0.1773374112167032,0.1990789792720242,0,139,139
oasis,32,heat_norm18,selected_bounded_residual,1,1,0.06949313219569547,0.005214440156950484,0.06949313219569547,0.09332839684575281,0.16303593907335084,0.2220119202856671,0,139,139
oasis,32,heat_norm18,selected_bounded_residual,1,2,0.0638168889468845,0.0045515766240581184,0.0638168889468845,0.09055005780202306,0.14937595153442046,0.2568562380626942,0,139,139
oasis,32,heat_norm18,selected_bounded_residual,1,3,0.07054426889833666,0.005360466907610165,0.07054426889833666,0.09972547534964502,0.1687020550795913,0.2118535356115619,0,139,139
oasis,32,heat_norm18,selected_bounded_residual,2,1,0.07025178532348234,0.005256589072905371,0.07025178532348234,0.08925211185384613,0.15918304086527515,0.2033398426516281,0,139,139
oasis,32,heat_norm18,selected_bounded_residual,2,2,0.06298463989105882,0.004302892028125606,0.06298463989105882,0.0801097146418568,0.16000822692312497,0.1998540933649035,0,139,139
oasis,32,heat_norm18,selected_bounded_residual,2,3,0.07159420330739877,0.0062321187316522475,0.07159420330739877,0.0883130454851573,0.19238784477212398,0.3987027795366402,0,139,139
oasis,32,heat_norm18,selected_bounded_residual,3,1,0.07085063100018818,0.005267218746098931,0.07085063100018818,0.09292606296273873,0.11972371331499196,0.1996736689056612,0,139,139
oasis,32,heat_norm18,selected_bounded_residual,3,2,0.06201681579651447,0.004067217096041018,0.06201681579651447,0.0833327652300414,0.12911431664665263,0.1686618050138268,0,139,139
oasis,32,heat_norm18,selected_bounded_residual,3,3,0.07149229588664634,0.005271119645214747,0.07149229588664634,0.08940429014374307,0.11541070554167177,0.1505566943290825,0,139,139
oasis,32,heat_norm18,selected_bounded_residual,4,1,0.0692570875378095,0.004932591650713858,0.0692570875378095,0.08829411422742761,0.1091972545341932,0.1465129406698783,0,139,139
oasis,32,heat_norm18,selected_bounded_residual,4,2,0.061476939541729544,0.004167414677769854,0.061476939541729544,0.08092896387380402,0.11336039143890946,0.2608594113243853,0,139,139
oasis,32,heat_norm18,selected_bounded_residual,4,3,0.06906652338469167,0.005065074109978766,0.06906652338469167,0.08494506962687635,0.11070197875677974,0.234400300621212,0,139,139
oasis,32,heat_norm18,selected_bounded_residual,5,1,0.06998935163853036,0.005211933818058909,0.06998935163853036,0.09291340030283751,0.1605963392678356,0.1867401461829754,0,139,139
oasis,32,heat_norm18,selected_bounded_residual,5,2,0.0615046007823161,0.003982062987774628,0.0615046007823161,0.08547684134962316,0.12196070551832283,0.1610950224121618,0,139,139
oasis,32,heat_norm18,selected_bounded_residual,5,3,0.0705859747291621,0.0055173106704300935,0.0705859747291621,0.09064661990646093,0.18493508223808483,0.2568726158321552,0,139,139
oasis,32,heat_norm18,selected_projection,1,1,0.0703289310994346,0.005304644408646575,0.0703289310994346,0.09488183363833469,0.1641872630350689,0.2089410099015998,0,139,139
oasis,32,heat_norm18,selected_projection,1,2,0.06501216857715003,0.004778350190480396,0.06501216857715003,0.09414092443851993,0.1699394902372589,0.2627179762564763,0,139,139
oasis,32,heat_norm18,selected_projection,1,3,0.07127438116759664,0.005477001945022498,0.07127438116759664,0.10266696570538632,0.16717917814357297,0.2185770095917639,0,139,139
oasis,32,heat_norm18,selected_projection,2,1,0.07103951950797642,0.0053642271469435095,0.07103951950797642,0.0906042225974356,0.15775371553068904,0.2035085350580795,0,139,139
oasis,32,heat_norm18,selected_projection,2,2,0.06406125345915076,0.004490574201590658,0.06406125345915076,0.0866476466735542,0.16521522476008202,0.2149930725876945,0,139,139
oasis,32,heat_norm18,selected_projection,2,3,0.07279573402912823,0.006549493548285559,0.07279573402912823,0.09734113916724593,0.19878950565458714,0.42299029657483,0,139,139
oasis,32,heat_norm18,selected_projection,3,1,0.07064449837173789,0.005260495257949715,0.07064449837173789,0.09462275602167777,0.1185260610188572,0.2102867493917723,0,139,139
oasis,32,heat_norm18,selected_projection,3,2,0.06258616911812773,0.004125218442377158,0.06258616911812773,0.08650070330167145,0.1269238463813199,0.1604029176692716,0,139,139
oasis,32,heat_norm18,selected_projection,3,3,0.07029334591396583,0.005115988519063529,0.07029334591396583,0.09012354255009793,0.12441080414857503,0.1484727637427606,0,139,139
oasis,32,heat_norm18,selected_projection,4,1,0.07045061240336466,0.005156714131233041,0.07045061240336466,0.09503148379290226,0.11023032576164352,0.185543903739439,0,139,139
oasis,32,heat_norm18,selected_projection,4,2,0.06229938141485111,0.004310996508567449,0.06229938141485111,0.08225412455942524,0.11407818312492776,0.2742849956310602,0,139,139
oasis,32,heat_norm18,selected_projection,4,3,0.06964997003291815,0.00511384263800445,0.06964997003291815,0.08585700864973309,0.11757814685435464,0.2150676679631893,0,139,139
oasis,32,heat_norm18,selected_projection,5,1,0.07018482713846434,0.005287144828084428,0.07018482713846434,0.09399044698831673,0.1643127084564088,0.2087806830481471,0,139,139
oasis,32,heat_norm18,selected_projection,5,2,0.06383460483547412,0.004259374663166358,0.06383460483547412,0.0893884188087272,0.12907337525461213,0.1424370213733672,0,139,139
oasis,32,heat_norm18,selected_projection,5,3,0.07019298119211026,0.005224432088044677,0.07019298119211026,0.0922836361416003,0.13390409730266878,0.2092841660674186,0,139,139
oasis,32,heat_norm18,selected_robust,1,1,0.06949313219569547,0.005214440156950484,0.06949313219569547,0.09332839684575281,0.16303593907335084,0.2220119202856671,0,139,139
oasis,32,heat_norm18,selected_robust,1,2,0.0638168889468845,0.0045515766240581184,0.0638168889468845,0.09055005780202306,0.14937595153442046,0.2568562380626942,0,139,139
oasis,32,heat_norm18,selected_robust,1,3,0.07054426889833666,0.005360466907610165,0.07054426889833666,0.09972547534964502,0.1687020550795913,0.2118535356115619,0,139,139
oasis,32,heat_norm18,selected_robust,2,1,0.07025178532348234,0.005256589072905371,0.07025178532348234,0.08925211185384613,0.15918304086527515,0.2033398426516281,0,139,139
oasis,32,heat_norm18,selected_robust,2,2,0.06298463989105882,0.004302892028125606,0.06298463989105882,0.0801097146418568,0.16000822692312497,0.1998540933649035,0,139,139
oasis,32,heat_norm18,selected_robust,2,3,0.07159420330739877,0.0062321187316522475,0.07159420330739877,0.0883130454851573,0.19238784477212398,0.3987027795366402,0,139,139
oasis,32,heat_norm18,selected_robust,3,1,0.07085063100018818,0.005267218746098931,0.07085063100018818,0.09292606296273873,0.11972371331499196,0.1996736689056612,0,139,139
oasis,32,heat_norm18,selected_robust,3,2,0.06201681579651447,0.004067217096041018,0.06201681579651447,0.0833327652300414,0.12911431664665263,0.1686618050138268,0,139,139
oasis,32,heat_norm18,selected_robust,3,3,0.07029334591396583,0.005115988519063529,0.07029334591396583,0.09012354255009793,0.12441080414857503,0.1484727637427606,0,139,139
oasis,32,heat_norm18,selected_robust,4,1,0.0692570875378095,0.004932591650713858,0.0692570875378095,0.08829411422742761,0.1091972545341932,0.1465129406698783,0,139,139
oasis,32,heat_norm18,selected_robust,4,2,0.061476939541729544,0.004167414677769854,0.061476939541729544,0.08092896387380402,0.11336039143890946,0.2608594113243853,0,139,139
oasis,32,heat_norm18,selected_robust,4,3,0.06906652338469167,0.005065074109978766,0.06906652338469167,0.08494506962687635,0.11070197875677974,0.234400300621212,0,139,139
oasis,32,heat_norm18,selected_robust,5,1,0.07018482713846434,0.005287144828084428,0.07018482713846434,0.09399044698831673,0.1643127084564088,0.2087806830481471,0,139,139
oasis,32,heat_norm18,selected_robust,5,2,0.0615046007823161,0.003982062987774628,0.0615046007823161,0.08547684134962316,0.12196070551832283,0.1610950224121618,0,139,139
oasis,32,heat_norm18,selected_robust,5,3,0.07019298119211026,0.005224432088044677,0.07019298119211026,0.0922836361416003,0.13390409730266878,0.2092841660674186,0,139,139
oasis,32,heat_norm18,selected_sources_ordinary,1,1,0.07046622669552055,0.00534128197465037,0.07046622669552055,0.09488183363833469,0.16983912533779436,0.2099086014517555,0,139,139
oasis,32,heat_norm18,selected_sources_ordinary,1,2,0.06646429968674114,0.004992944075505493,0.06646429968674114,0.09247302155204758,0.17559631459799555,0.2639148973473826,0,139,139
oasis,32,heat_norm18,selected_sources_ordinary,1,3,0.07571256599523424,0.00603496095323359,0.07571256599523424,0.09697543762426071,0.16218775883965236,0.1981773652219586,0,139,139
oasis,32,heat_norm18,selected_sources_ordinary,2,1,0.07133311336452464,0.005475598153666543,0.07133311336452464,0.0906042225974356,0.15775371553068904,0.2357392107458401,0,139,139
oasis,32,heat_norm18,selected_sources_ordinary,2,2,0.06510916146570599,0.004938214027433818,0.06510916146570599,0.08845990181153962,0.1713778844185591,0.3138492192411307,0,139,139
oasis,32,heat_norm18,selected_sources_ordinary,2,3,0.07287875362304128,0.006620684536750486,0.07287875362304128,0.09734113916724593,0.19878950565458714,0.434530020128745,0,139,139
oasis,32,heat_norm18,selected_sources_ordinary,3,1,0.07152529737526056,0.005326377915273198,0.07152529737526056,0.09510433008759804,0.11476872242740094,0.1819443110682187,0,139,139
oasis,32,heat_norm18,selected_sources_ordinary,3,2,0.06399507765279108,0.0042524584660039565,0.06399507765279108,0.08315235966395838,0.12175281131353416,0.1353827968459695,0,139,139
oasis,32,heat_norm18,selected_sources_ordinary,3,3,0.07220686145392141,0.005396206904905751,0.07220686145392141,0.08914129716294712,0.12433021269901422,0.1594497380104983,0,139,139
oasis,32,heat_norm18,selected_sources_ordinary,4,1,0.07053663706042755,0.005182605339838759,0.07053663706042755,0.09504420649447749,0.11049562872565306,0.1933271938592776,0,139,139
oasis,32,heat_norm18,selected_sources_ordinary,4,2,0.0628690312090746,0.004652844091019552,0.0628690312090746,0.0822495129182726,0.11501255980940539,0.3493693184339727,0,139,139
oasis,32,heat_norm18,selected_sources_ordinary,4,3,0.07197882880027011,0.005492753616613871,0.07197882880027011,0.08825784337292013,0.11981201789850199,0.2383394244317413,0,139,139
oasis,32,heat_norm18,selected_sources_ordinary,5,1,0.070959769492455,0.005605439495355602,0.070959769492455,0.09399044698831673,0.17812766953026962,0.2759113598044841,0,139,139
oasis,32,heat_norm18,selected_sources_ordinary,5,2,0.06387548396445637,0.00426484625266187,0.06387548396445637,0.08946311945261448,0.12907337525461213,0.1424370213733672,0,139,139
oasis,32,heat_norm18,selected_sources_ordinary,5,3,0.07139534400492752,0.005664437820511347,0.07139534400492752,0.0922836361416003,0.1856468120991883,0.2661649329538981,0,139,139
oasis,32,heat_norm18,spatial_robust,1,1,0.0701705233437227,0.005121691363304,0.0701705233437227,0.09138394739563353,0.13267510124372128,0.1659618119588925,0,139,139
oasis,32,heat_norm18,spatial_robust,1,2,0.06432830816702248,0.004410822567248231,0.06432830816702248,0.09097921219633895,0.1298629632554691,0.1945918220405924,0,139,139
oasis,32,heat_norm18,spatial_robust,1,3,0.07242289216926831,0.00579688863407789,0.07242289216926831,0.10123264088878031,0.1910902412447285,0.2534625843261822,0,139,139
oasis,32,heat_norm18,spatial_robust,2,1,0.07109127683505846,0.005308098357904927,0.07109127683505846,0.0889838455844924,0.14972630258080252,0.1864549773018993,0,139,139
oasis,32,heat_norm18,spatial_robust,2,2,0.06376954116744543,0.004531319200364915,0.06376954116744543,0.08340811407176807,0.17148121330891614,0.23729406735916,0,139,139
oasis,32,heat_norm18,spatial_robust,2,3,0.07190289480301013,0.005577973255564037,0.07190289480301013,0.09905341744215075,0.1783709357740381,0.2040588936501776,0,139,139
oasis,32,heat_norm18,spatial_robust,3,1,0.07183779291143481,0.005357225066333729,0.07183779291143481,0.0922363624993162,0.11207189500350791,0.1828615585170079,0,139,139
oasis,32,heat_norm18,spatial_robust,3,2,0.06415497449998127,0.004391642871224402,0.06415497449998127,0.08312957247051216,0.13356802150557295,0.1918527967421219,0,139,139
oasis,32,heat_norm18,spatial_robust,3,3,0.07247902463356293,0.0055184612545661335,0.07247902463356293,0.09287322014012443,0.12329332039520827,0.2027776853486545,0,139,139
oasis,32,heat_norm18,spatial_robust,4,1,0.06972015218630213,0.005069611054358126,0.06972015218630213,0.08947573378056752,0.11674672194625521,0.194603670308158,0,139,139
oasis,32,heat_norm18,spatial_robust,4,2,0.06376315207082663,0.004557915976298842,0.06376315207082663,0.0840856775838573,0.12086915920190004,0.2926286810388117,0,139,139
oasis,32,heat_norm18,spatial_robust,4,3,0.07121553348033577,0.0055371076646586505,0.07121553348033577,0.09218030469829819,0.1236623648142735,0.2868476672038109,0,139,139
oasis,32,heat_norm18,spatial_robust,5,1,0.07104839354937967,0.0053165165852129236,0.07104839354937967,0.09116856054862882,0.15076613822137436,0.1777801556272783,0,139,139
oasis,32,heat_norm18,spatial_robust,5,2,0.0648081165565838,0.004454180503181509,0.0648081165565838,0.08987980149898328,0.1407854637583529,0.1713575753085436,0,139,139
oasis,32,heat_norm18,spatial_robust,5,3,0.07229052704608833,0.005722065860430041,0.07229052704608833,0.0956548574974417,0.1890848746582164,0.2286049491914555,0,139,139
oasis,32,heat_norm18,template_random_bounded_residual,1,1,0.036351806984527564,0.0015615686511415193,0.036351806984527564,0.06778668030013013,0.08413762061638645,0.1287644063915075,0,139,139
oasis,32,heat_norm18,template_random_bounded_residual,1,2,0.03272676597934275,0.0012447329103694876,0.03272676597934275,0.06035624854100534,0.07722440774271301,0.1025715896649797,0,139,139
oasis,32,heat_norm18,template_random_bounded_residual,1,3,0.03732697102461184,0.0016163811432977424,0.03732697102461184,0.0687076789136102,0.08606215659552154,0.1126862718384566,0,139,139
oasis,32,heat_norm18,template_random_bounded_residual,2,1,0.03500845273487651,0.0013642311016040657,0.03500845273487651,0.05506834459032044,0.06922172269090211,0.0846102935284137,0,139,139
oasis,32,heat_norm18,template_random_bounded_residual,2,2,0.03266787954906223,0.001198492754236015,0.03266787954906223,0.054213620123804714,0.06693366834294777,0.0792374260971353,0,139,139
oasis,32,heat_norm18,template_random_bounded_residual,2,3,0.03657837152385038,0.0014789265155968055,0.03657837152385038,0.058877953891793684,0.07164673625293924,0.0819947782990347,0,139,139
oasis,32,heat_norm18,template_random_bounded_residual,3,1,0.036914711083330026,0.0016082157438456785,0.036914711083330026,0.06684058797391075,0.08429530462745013,0.0985556000781975,0,139,139
oasis,32,heat_norm18,template_random_bounded_residual,3,2,0.0330446802775352,0.0012696777981901222,0.0330446802775352,0.059844412311970255,0.07697225645664088,0.0922831784223962,0,139,139
oasis,32,heat_norm18,template_random_bounded_residual,3,3,0.03824625648287062,0.0017292890644879987,0.03824625648287062,0.06965063035527008,0.08786757435747848,0.1128136722155939,0,139,139
oasis,32,heat_norm18,template_random_bounded_residual,4,1,0.03451221739972109,0.0013690265846505116,0.03451221739972109,0.0624231999703814,0.07209773378256357,0.0985405301242925,0,139,139
oasis,32,heat_norm18,template_random_bounded_residual,4,2,0.03265754293571676,0.0012161002659386065,0.03265754293571676,0.05333728251419051,0.07291883068483511,0.0988620562382795,0,139,139
oasis,32,heat_norm18,template_random_bounded_residual,4,3,0.03588192517273381,0.0014675266778953037,0.03588192517273381,0.06150021969121225,0.07497599349425577,0.1092402010991496,0,139,139
oasis,32,heat_norm18,template_random_bounded_residual,5,1,0.03755602058235562,0.0016356178633661863,0.03755602058235562,0.06823073584914155,0.08469687636634768,0.0879545828808231,0,139,139
oasis,32,heat_norm18,template_random_bounded_residual,5,2,0.03408297340818601,0.0013317351987585748,0.03408297340818601,0.06126122170701302,0.07394411509269519,0.0796076862184088,0,139,139
oasis,32,heat_norm18,template_random_bounded_residual,5,3,0.039726375091100004,0.001801530173976656,0.039726375091100004,0.0719422689400487,0.0861327074788804,0.0878008357357035,0,139,139
oasis,32,heat_norm18,template_random_projection,1,1,0.038155393850542764,0.001723707365277554,0.038155393850542764,0.06888394260151762,0.09064031425923777,0.1445309459141251,0,139,139
oasis,32,heat_norm18,template_random_projection,1,2,0.03508735935588078,0.0014306040233454454,0.03508735935588078,0.06267176549371384,0.08392125965880644,0.1154368964653229,0,139,139
oasis,32,heat_norm18,template_random_projection,1,3,0.038834039064689886,0.0017447331139359924,0.038834039064689886,0.07179533586173079,0.0879457552479015,0.1245281511097876,0,139,139
oasis,32,heat_norm18,template_random_projection,2,1,0.03702470975352253,0.0015285115125302116,0.03702470975352253,0.058092531287005145,0.08165463649707787,0.0892672829957088,0,139,139
oasis,32,heat_norm18,template_random_projection,2,2,0.03513338478906712,0.001394257324019949,0.03513338478906712,0.057000298377657875,0.07727796625956768,0.0995355349285922,0,139,139
oasis,32,heat_norm18,template_random_projection,2,3,0.038476152797028915,0.0016321357770492885,0.038476152797028915,0.06280161535990195,0.08068490169703117,0.0864016798484172,0,139,139
oasis,32,heat_norm18,template_random_projection,3,1,0.039322367832012546,0.0017818331115371725,0.039322367832012546,0.07165462806978778,0.08422793587655684,0.0989190533698776,0,139,139
oasis,32,heat_norm18,template_random_projection,3,2,0.03503148642911892,0.0014349675658977387,0.03503148642911892,0.06174035513333281,0.08794432085646396,0.1001121125171274,0,139,139
oasis,32,heat_norm18,template_random_projection,3,3,0.03970753782882345,0.0018471667497906936,0.03970753782882345,0.07486267522303545,0.09115221220001238,0.1132617911336033,0,139,139
oasis,32,heat_norm18,template_random_projection,4,1,0.03636785667753035,0.0015077934881015007,0.03636785667753035,0.06565200909479695,0.08090113257245503,0.0988795721729449,0,139,139
oasis,32,heat_norm18,template_random_projection,4,2,0.034736815231037756,0.0013888332389193814,0.034736815231037756,0.05819147765629286,0.08956888736070814,0.1046941656988109,0,139,139
oasis,32,heat_norm18,template_random_projection,4,3,0.03733826191054572,0.001577165421361006,0.03733826191054572,0.06086164909012115,0.07828448338095367,0.1098974605072422,0,139,139
oasis,32,heat_norm18,template_random_projection,5,1,0.03956720637798019,0.001793059846466976,0.03956720637798019,0.07169969852040226,0.08380929249144321,0.0888642759621475,0,139,139
oasis,32,heat_norm18,template_random_projection,5,2,0.036777394762516874,0.0015391883619059834,0.036777394762516874,0.06325489743225166,0.07849122154905984,0.0962952664028532,0,139,139
oasis,32,heat_norm18,template_random_projection,5,3,0.04156108944057194,0.001957146992217711,0.04156108944057194,0.0752697464791124,0.08755287713745559,0.0891565747197402,0,139,139
oasis,32,heat_norm18,template_random_robust,1,1,0.036351806984527564,0.0015615686511415193,0.036351806984527564,0.06778668030013013,0.08413762061638645,0.1287644063915075,0,139,139
oasis,32,heat_norm18,template_random_robust,1,2,0.03272676597934275,0.0012447329103694876,0.03272676597934275,0.06035624854100534,0.07722440774271301,0.1025715896649797,0,139,139
oasis,32,heat_norm18,template_random_robust,1,3,0.03732697102461184,0.0016163811432977424,0.03732697102461184,0.0687076789136102,0.08606215659552154,0.1126862718384566,0,139,139
oasis,32,heat_norm18,template_random_robust,2,1,0.03500845273487651,0.0013642311016040657,0.03500845273487651,0.05506834459032044,0.06922172269090211,0.0846102935284137,0,139,139
oasis,32,heat_norm18,template_random_robust,2,2,0.03266787954906223,0.001198492754236015,0.03266787954906223,0.054213620123804714,0.06693366834294777,0.0792374260971353,0,139,139
oasis,32,heat_norm18,template_random_robust,2,3,0.03657837152385038,0.0014789265155968055,0.03657837152385038,0.058877953891793684,0.07164673625293924,0.0819947782990347,0,139,139
oasis,32,heat_norm18,template_random_robust,3,1,0.036914711083330026,0.0016082157438456785,0.036914711083330026,0.06684058797391075,0.08429530462745013,0.0985556000781975,0,139,139
oasis,32,heat_norm18,template_random_robust,3,2,0.0330446802775352,0.0012696777981901222,0.0330446802775352,0.059844412311970255,0.07697225645664088,0.0922831784223962,0,139,139
oasis,32,heat_norm18,template_random_robust,3,3,0.03824625648287062,0.0017292890644879987,0.03824625648287062,0.06965063035527008,0.08786757435747848,0.1128136722155939,0,139,139
oasis,32,heat_norm18,template_random_robust,4,1,0.03451221739972109,0.0013690265846505116,0.03451221739972109,0.0624231999703814,0.07209773378256357,0.0985405301242925,0,139,139
oasis,32,heat_norm18,template_random_robust,4,2,0.03265754293571676,0.0012161002659386065,0.03265754293571676,0.05333728251419051,0.07291883068483511,0.0988620562382795,0,139,139
oasis,32,heat_norm18,template_random_robust,4,3,0.03588192517273381,0.0014675266778953037,0.03588192517273381,0.06150021969121225,0.07497599349425577,0.1092402010991496,0,139,139
oasis,32,heat_norm18,template_random_robust,5,1,0.03755602058235562,0.0016356178633661863,0.03755602058235562,0.06823073584914155,0.08469687636634768,0.0879545828808231,0,139,139
oasis,32,heat_norm18,template_random_robust,5,2,0.03408297340818601,0.0013317351987585748,0.03408297340818601,0.06126122170701302,0.07394411509269519,0.0796076862184088,0,139,139
oasis,32,heat_norm18,template_random_robust,5,3,0.039726375091100004,0.001801530173976656,0.039726375091100004,0.0719422689400487,0.0861327074788804,0.0878008357357035,0,139,139
oasis,32,heat_norm18,template_selected_bounded_residual,1,1,0.03311291709242023,0.001316629392128618,0.03311291709242023,0.057151884087842456,0.07679455219574091,0.1386005376528082,0,139,139
oasis,32,heat_norm18,template_selected_bounded_residual,1,2,0.03045099239782148,0.0010738714140462143,0.03045099239782148,0.05256176976848598,0.0685366684524714,0.1018255274270374,0,139,139
oasis,32,heat_norm18,template_selected_bounded_residual,1,3,0.03338862389895705,0.0013036097200920217,0.03338862389895705,0.059957380246747155,0.07987864399668497,0.1157381425941569,0,139,139
oasis,32,heat_norm18,template_selected_bounded_residual,2,1,0.03326877631987592,0.0012203502078609785,0.03326877631987592,0.053165447657607216,0.06939185191303551,0.0777983387159353,0,139,139
oasis,32,heat_norm18,template_selected_bounded_residual,2,2,0.030988489684231426,0.0010617672805275733,0.030988489684231426,0.05055706981547976,0.06032299428455924,0.0709535898445736,0,139,139
oasis,32,heat_norm18,template_selected_bounded_residual,2,3,0.03657837152385038,0.0014789265155968055,0.03657837152385038,0.058877953891793684,0.07164673625293924,0.0819947782990347,0,139,139
oasis,32,heat_norm18,template_selected_bounded_residual,3,1,0.03393480981532013,0.0013431680072078886,0.03393480981532013,0.06349807393085462,0.0748102876700637,0.0907153440445632,0,139,139
oasis,32,heat_norm18,template_selected_bounded_residual,3,2,0.03159030797576753,0.0011456709026065417,0.03159030797576753,0.055264214841421716,0.06875920626627628,0.085768920069688,0,139,139
oasis,32,heat_norm18,template_selected_bounded_residual,3,3,0.034315174475767596,0.0013697639893011685,0.034315174475767596,0.0625792658073807,0.07742477387272925,0.0974170056277405,0,139,139
oasis,32,heat_norm18,template_selected_bounded_residual,4,1,0.03287483992510005,0.0012129966532863142,0.03287483992510005,0.05626448869917072,0.07168871466698991,0.0885746226145225,0,139,139
oasis,32,heat_norm18,template_selected_bounded_residual,4,2,0.030638785559587812,0.0010484380183722725,0.030638785559587812,0.05051837913251606,0.06547844758800228,0.0853663791127986,0,139,139
oasis,32,heat_norm18,template_selected_bounded_residual,4,3,0.03222812726598526,0.0011856335461904123,0.03222812726598526,0.05456946616428019,0.0761035293923636,0.0964835410923098,0,139,139
oasis,32,heat_norm18,template_selected_bounded_residual,5,1,0.034525050581211074,0.001344790594448837,0.034525050581211074,0.06173873148460364,0.07175321651765872,0.0773557445417418,0,139,139
oasis,32,heat_norm18,template_selected_bounded_residual,5,2,0.031460623737875906,0.0011093933620314024,0.031460623737875906,0.05395414961682656,0.06524233841651866,0.0704486621320197,0,139,139
oasis,32,heat_norm18,template_selected_bounded_residual,5,3,0.03372451885089461,0.0012940413842558868,0.03372451885089461,0.06329615995918374,0.07052536186858822,0.0716747614990898,0,139,139
oasis,32,heat_norm18,template_selected_projection,1,1,0.03500942344217403,0.0014637236916887166,0.03500942344217403,0.06283800061198731,0.08444156982004504,0.1483910890333999,0,139,139
oasis,32,heat_norm18,template_selected_projection,1,2,0.03275587342291255,0.0012558558868898907,0.03275587342291255,0.0587772961432697,0.08394327792737331,0.1181556949768356,0,139,139
oasis,32,heat_norm18,template_selected_projection,1,3,0.03522927997157316,0.0014548783118622467,0.03522927997157316,0.0618430202258608,0.08830048780552954,0.1272139635693417,0,139,139
oasis,32,heat_norm18,template_selected_projection,2,1,0.035126467378497284,0.0013513951138964567,0.035126467378497284,0.055879904762283855,0.07446406461260752,0.0793149746968377,0,139,139
oasis,32,heat_norm18,template_selected_projection,2,2,0.03330095322095355,0.0012303901524609252,0.03330095322095355,0.05214801156708996,0.0693170720902845,0.0899507320499511,0,139,139
oasis,32,heat_norm18,template_selected_projection,2,3,0.038476152797028915,0.0016321357770492885,0.038476152797028915,0.06280161535990195,0.08068490169703117,0.0864016798484172,0,139,139
oasis,32,heat_norm18,template_selected_projection,3,1,0.03551886669271189,0.0014498044137111641,0.03551886669271189,0.0642433531288607,0.07539126855556885,0.0919928642459255,0,139,139
oasis,32,heat_norm18,template_selected_projection,3,2,0.03346202465406849,0.0012877097096046482,0.03346202465406849,0.059623878319395585,0.08072981890000142,0.089883002172305,0,139,139
oasis,32,heat_norm18,template_selected_projection,3,3,0.0359933198414281,0.0015004994434102842,0.0359933198414281,0.06473329388587001,0.08492537293638579,0.1010786794882687,0,139,139
oasis,32,heat_norm18,template_selected_projection,4,1,0.03476944011372824,0.0013546973563236468,0.03476944011372824,0.057961232470059985,0.0807886304814066,0.092677647822115,0,139,139
oasis,32,heat_norm18,template_selected_projection,4,2,0.03268544294121505,0.001201513614879044,0.03268544294121505,0.053168902156279965,0.07767406887575583,0.0953902790206561,0,139,139
oasis,32,heat_norm18,template_selected_projection,4,3,0.03401235469714435,0.0013208091369629482,0.03401235469714435,0.05746877032648608,0.0860125295740615,0.1003423910584682,0,139,139
oasis,32,heat_norm18,template_selected_projection,5,1,0.036490097731524236,0.001480111456890538,0.036490097731524236,0.06265813975935706,0.07345745144867603,0.0788515280632875,0,139,139
oasis,32,heat_norm18,template_selected_projection,5,2,0.03366956191934033,0.0012724500061635697,0.03366956191934033,0.05564581685408907,0.07043226942984089,0.0852164509459978,0,139,139
oasis,32,heat_norm18,template_selected_projection,5,3,0.035682119716404156,0.0014430298133147165,0.035682119716404156,0.06357567950981895,0.07365070158896447,0.084932017705212,0,139,139
oasis,32,heat_norm18,template_selected_robust,1,1,0.03311291709242023,0.001316629392128618,0.03311291709242023,0.057151884087842456,0.07679455219574091,0.1386005376528082,0,139,139
oasis,32,heat_norm18,template_selected_robust,1,2,0.03045099239782148,0.0010738714140462143,0.03045099239782148,0.05256176976848598,0.0685366684524714,0.1018255274270374,0,139,139
oasis,32,heat_norm18,template_selected_robust,1,3,0.03338862389895705,0.0013036097200920217,0.03338862389895705,0.059957380246747155,0.07987864399668497,0.1157381425941569,0,139,139
oasis,32,heat_norm18,template_selected_robust,2,1,0.03326877631987592,0.0012203502078609785,0.03326877631987592,0.053165447657607216,0.06939185191303551,0.0777983387159353,0,139,139
oasis,32,heat_norm18,template_selected_robust,2,2,0.030988489684231426,0.0010617672805275733,0.030988489684231426,0.05055706981547976,0.06032299428455924,0.0709535898445736,0,139,139
oasis,32,heat_norm18,template_selected_robust,2,3,0.03657837152385038,0.0014789265155968055,0.03657837152385038,0.058877953891793684,0.07164673625293924,0.0819947782990347,0,139,139
oasis,32,heat_norm18,template_selected_robust,3,1,0.03393480981532013,0.0013431680072078886,0.03393480981532013,0.06349807393085462,0.0748102876700637,0.0907153440445632,0,139,139
oasis,32,heat_norm18,template_selected_robust,3,2,0.03159030797576753,0.0011456709026065417,0.03159030797576753,0.055264214841421716,0.06875920626627628,0.085768920069688,0,139,139
oasis,32,heat_norm18,template_selected_robust,3,3,0.034315174475767596,0.0013697639893011685,0.034315174475767596,0.0625792658073807,0.07742477387272925,0.0974170056277405,0,139,139
oasis,32,heat_norm18,template_selected_robust,4,1,0.03287483992510005,0.0012129966532863142,0.03287483992510005,0.05626448869917072,0.07168871466698991,0.0885746226145225,0,139,139
oasis,32,heat_norm18,template_selected_robust,4,2,0.030638785559587812,0.0010484380183722725,0.030638785559587812,0.05051837913251606,0.06547844758800228,0.0853663791127986,0,139,139
oasis,32,heat_norm18,template_selected_robust,4,3,0.03222812726598526,0.0011856335461904123,0.03222812726598526,0.05456946616428019,0.0761035293923636,0.0964835410923098,0,139,139
oasis,32,heat_norm18,template_selected_robust,5,1,0.034525050581211074,0.001344790594448837,0.034525050581211074,0.06173873148460364,0.07175321651765872,0.0773557445417418,0,139,139
oasis,32,heat_norm18,template_selected_robust,5,2,0.031460623737875906,0.0011093933620314024,0.031460623737875906,0.05395414961682656,0.06524233841651866,0.0704486621320197,0,139,139
oasis,32,heat_norm18,template_selected_robust,5,3,0.03372451885089461,0.0012940413842558868,0.03372451885089461,0.06329615995918374,0.07052536186858822,0.0716747614990898,0,139,139
oasis,32,heat_raw18,atlas_random_aligned,1,1,0.023636046921983938,0.0006067983944697539,0.023636046921983938,0.032776780614730175,0.056019397818970806,0.0700814077255265,0,139,139
oasis,32,heat_raw18,atlas_random_aligned,1,2,0.021865587286626374,0.0005144967777942301,0.021865587286626374,0.030880950315720534,0.04645394075620761,0.0649559666491833,0,139,139
oasis,32,heat_raw18,atlas_random_aligned,1,3,0.024498312114624568,0.000652245423257013,0.024498312114624568,0.035442510526887024,0.061327215258922985,0.0690816875023879,0,139,139
oasis,32,heat_raw18,atlas_random_aligned,2,1,0.023246210440247866,0.0005677840313088381,0.023246210440247866,0.03196797421114074,0.04318499508272527,0.0481877205136601,0,139,139
oasis,32,heat_raw18,atlas_random_aligned,2,2,0.021983410624730852,0.000513020366645405,0.021983410624730852,0.03378351009915635,0.044966594762530745,0.0481864880739233,0,139,139
oasis,32,heat_raw18,atlas_random_aligned,2,3,0.02392726879340121,0.0005996067578081893,0.02392726879340121,0.03160697371597813,0.04375549307724547,0.0513403817285242,0,139,139
oasis,32,heat_raw18,atlas_random_aligned,3,1,0.02258856128451903,0.0005364552055873317,0.02258856128451903,0.029564458034618993,0.045580657691439735,0.0489855715613106,0,139,139
oasis,32,heat_raw18,atlas_random_aligned,3,2,0.020812713860559242,0.00045035841268902807,0.020812713860559242,0.026450685442756007,0.034821349760625966,0.0454788630637972,0,139,139
oasis,32,heat_raw18,atlas_random_aligned,3,3,0.023630877488352638,0.000584087671591459,0.023630877488352638,0.031194017389352728,0.04203836534289589,0.0522063065174648,0,139,139
oasis,32,heat_raw18,atlas_random_aligned,4,1,0.022886075099680894,0.0005594843451812273,0.022886075099680894,0.030567754087418155,0.04446256901880987,0.064366917384783,0,139,139
oasis,32,heat_raw18,atlas_random_aligned,4,2,0.022115394220196965,0.0005240430801281619,0.022115394220196965,0.030411053250284797,0.035816523259659526,0.0702719751252495,0,139,139
oasis,32,heat_raw18,atlas_random_aligned,4,3,0.02381588038741513,0.0005955003680165021,0.02381588038741513,0.03178403661866818,0.03741416008481898,0.0610845574251229,0,139,139
oasis,32,heat_raw18,atlas_random_aligned,5,1,0.02343817445645145,0.0005765141006400943,0.02343817445645145,0.03555807451926985,0.038674386138740725,0.0485131085378829,0,139,139
oasis,32,heat_raw18,atlas_random_aligned,5,2,0.021845173920835237,0.0005032108590951447,0.021845173920835237,0.029857106107891145,0.040844769436024525,0.0470427576750753,0,139,139
oasis,32,heat_raw18,atlas_random_aligned,5,3,0.024837615623337295,0.0006504137401925338,0.024837615623337295,0.03637890194800029,0.045128783305680265,0.0548955027993493,0,139,139
oasis,32,heat_raw18,atlas_random_mean,1,1,0.13738900210118868,0.02140982883650365,0.13738900210118868,0.18478341861266312,0.36456627439512634,0.3836173298436859,0,139,139
oasis,32,heat_raw18,atlas_random_mean,1,2,0.13727881644694773,0.02138825183467159,0.13727881644694773,0.18759460673418374,0.368734895575849,0.3743018720868541,0,139,139
oasis,32,heat_raw18,atlas_random_mean,1,3,0.13903943412806524,0.021832937456548,0.13903943412806524,0.19699904098030357,0.3588275844555267,0.3754811214122378,0,139,139
oasis,32,heat_raw18,atlas_random_mean,2,1,0.13693555489463874,0.020842967912880685,0.13693555489463874,0.1798566958500616,0.31362525572075234,0.4432654098062407,0,139,139
oasis,32,heat_raw18,atlas_random_mean,2,2,0.13689040927802051,0.020924246538336053,0.13689040927802051,0.18351130680778382,0.31866589381172705,0.4520439834810298,0,139,139
oasis,32,heat_raw18,atlas_random_mean,2,3,0.13785354023501215,0.02116794147676493,0.13785354023501215,0.19091247629054683,0.31092438791306204,0.4394109999429702,0,139,139
oasis,32,heat_raw18,atlas_random_mean,3,1,0.13391619642797628,0.02001309125942919,0.13391619642797628,0.18083880013749218,0.31250534075283476,0.4433409607023069,0,139,139
oasis,32,heat_raw18,atlas_random_mean,3,2,0.1334711432110502,0.01998174020398534,0.1334711432110502,0.1818104402851129,0.31629127039203725,0.4519113574515719,0,139,139
oasis,32,heat_raw18,atlas_random_mean,3,3,0.13580162242122784,0.020578430414160426,0.13580162242122784,0.1951617083635982,0.3081464655900118,0.4393632425379693,0,139,139
oasis,32,heat_raw18,atlas_random_mean,4,1,0.13558225884294461,0.020134298648463247,0.13558225884294461,0.2008489173010991,0.3028958208398889,0.3595446954336959,0,139,139
oasis,32,heat_raw18,atlas_random_mean,4,2,0.13522465487977828,0.020109982565534514,0.13522465487977828,0.20065337126468027,0.3056558056571383,0.3650004752232471,0,139,139
oasis,32,heat_raw18,atlas_random_mean,4,3,0.13704322826429036,0.02057534552927918,0.13704322826429036,0.20628766182654837,0.2962380242987523,0.358787796336711,0,139,139
oasis,32,heat_raw18,atlas_random_mean,5,1,0.1347143505163465,0.019946556261100507,0.1347143505163465,0.18153280275771458,0.2719429316233429,0.443780504356907,0,139,139
oasis,32,heat_raw18,atlas_random_mean,5,2,0.1341768562326266,0.019879958975019818,0.1341768562326266,0.18014134254970993,0.27816070630655937,0.4524658031541464,0,139,139
oasis,32,heat_raw18,atlas_random_mean,5,3,0.13614764567938262,0.020440180520362644,0.13614764567938262,0.19503062928443168,0.27925921364740164,0.4400289128220818,0,139,139
oasis,32,heat_raw18,atlas_selected_aligned,1,1,0.023629065950347132,0.0006037225673249662,0.023629065950347132,0.03260902945350251,0.05586539730704507,0.0671960199002177,0,139,139
oasis,32,heat_raw18,atlas_selected_aligned,1,2,0.02198253860465851,0.0005224059410011633,0.02198253860465851,0.029708498121423992,0.05006345805906576,0.0650841745929716,0,139,139
oasis,32,heat_raw18,atlas_selected_aligned,1,3,0.024248567801031882,0.0006343672131449776,0.024248567801031882,0.03541501947041352,0.059514595296505525,0.0638143588130218,0,139,139
oasis,32,heat_raw18,atlas_selected_aligned,2,1,0.023367668174961814,0.0005740346710433231,0.023367668174961814,0.0325304226485819,0.043288951463054864,0.0501415540007426,0,139,139
oasis,32,heat_raw18,atlas_selected_aligned,2,2,0.02219883085059803,0.000523095012228687,0.02219883085059803,0.032743801240064735,0.04543586491629804,0.0478539293526665,0,139,139
oasis,32,heat_raw18,atlas_selected_aligned,2,3,0.02392726879340121,0.0005996067578081893,0.02392726879340121,0.03160697371597813,0.04375549307724547,0.0513403817285242,0,139,139
oasis,32,heat_raw18,atlas_selected_aligned,3,1,0.022696804787306138,0.0005423598191949584,0.022696804787306138,0.029434228978023967,0.04621805344366967,0.050370908225835,0,139,139
oasis,32,heat_raw18,atlas_selected_aligned,3,2,0.020799404214081153,0.0004510913064270251,0.020799404214081153,0.02628822947587767,0.03531199020498086,0.04763193266624,0,139,139
oasis,32,heat_raw18,atlas_selected_aligned,3,3,0.023390721772149604,0.0005717376594962821,0.023390721772149604,0.03049500733246436,0.04076167989751494,0.0524006423791705,0,139,139
oasis,32,heat_raw18,atlas_selected_aligned,4,1,0.0231629751056607,0.0005732604550839828,0.0231629751056607,0.030453968509712773,0.044697625868196034,0.0664142735064567,0,139,139
oasis,32,heat_raw18,atlas_selected_aligned,4,2,0.021665610827997162,0.0004995000237338878,0.021665610827997162,0.029691504376708908,0.03407677985283589,0.064983381413604,0,139,139
oasis,32,heat_raw18,atlas_selected_aligned,4,3,0.02330638439295154,0.0005728668373661986,0.02330638439295154,0.03151295566415273,0.03712970059439621,0.0631257780288921,0,139,139
oasis,32,heat_raw18,atlas_selected_aligned,5,1,0.023388999053626056,0.0005732387886286417,0.023388999053626056,0.03241246946452963,0.037947876866132914,0.050213773008807,0,139,139
oasis,32,heat_raw18,atlas_selected_aligned,5,2,0.021644475193173716,0.0004946538082001913,0.021644475193173716,0.029265603577125543,0.04108277575477445,0.0474905988369094,0,139,139
oasis,32,heat_raw18,atlas_selected_aligned,5,3,0.024193591403696035,0.0006171857492057942,0.024193591403696035,0.03620364102515689,0.04481154289941018,0.05153125144319,0,139,139
oasis,32,heat_raw18,atlas_selected_mean,1,1,0.13738900210118868,0.02140982883650365,0.13738900210118868,0.18478341861266312,0.36456627439512634,0.3836173298436859,0,139,139
oasis,32,heat_raw18,atlas_selected_mean,1,2,0.13727881644694773,0.02138825183467159,0.13727881644694773,0.18759460673418374,0.368734895575849,0.3743018720868541,0,139,139
oasis,32,heat_raw18,atlas_selected_mean,1,3,0.13903943412806524,0.021832937456548,0.13903943412806524,0.19699904098030357,0.3588275844555267,0.3754811214122378,0,139,139
oasis,32,heat_raw18,atlas_selected_mean,2,1,0.13693555489463874,0.020842967912880685,0.13693555489463874,0.1798566958500616,0.31362525572075234,0.4432654098062407,0,139,139
oasis,32,heat_raw18,atlas_selected_mean,2,2,0.13689040927802051,0.020924246538336053,0.13689040927802051,0.18351130680778382,0.31866589381172705,0.4520439834810298,0,139,139
oasis,32,heat_raw18,atlas_selected_mean,2,3,0.13785354023501215,0.02116794147676493,0.13785354023501215,0.19091247629054683,0.31092438791306204,0.4394109999429702,0,139,139
oasis,32,heat_raw18,atlas_selected_mean,3,1,0.13391619642797628,0.02001309125942919,0.13391619642797628,0.18083880013749218,0.31250534075283476,0.4433409607023069,0,139,139
oasis,32,heat_raw18,atlas_selected_mean,3,2,0.1334711432110502,0.01998174020398534,0.1334711432110502,0.1818104402851129,0.31629127039203725,0.4519113574515719,0,139,139
oasis,32,heat_raw18,atlas_selected_mean,3,3,0.13580162242122784,0.020578430414160426,0.13580162242122784,0.1951617083635982,0.3081464655900118,0.4393632425379693,0,139,139
oasis,32,heat_raw18,atlas_selected_mean,4,1,0.13558225884294461,0.020134298648463247,0.13558225884294461,0.2008489173010991,0.3028958208398889,0.3595446954336959,0,139,139
oasis,32,heat_raw18,atlas_selected_mean,4,2,0.13522465487977828,0.020109982565534514,0.13522465487977828,0.20065337126468027,0.3056558056571383,0.3650004752232471,0,139,139
oasis,32,heat_raw18,atlas_selected_mean,4,3,0.13704322826429036,0.02057534552927918,0.13704322826429036,0.20628766182654837,0.2962380242987523,0.358787796336711,0,139,139
oasis,32,heat_raw18,atlas_selected_mean,5,1,0.1347143505163465,0.019946556261100507,0.1347143505163465,0.18153280275771458,0.2719429316233429,0.443780504356907,0,139,139
oasis,32,heat_raw18,atlas_selected_mean,5,2,0.1341768562326266,0.019879958975019818,0.1341768562326266,0.18014134254970993,0.27816070630655937,0.4524658031541464,0,139,139
oasis,32,heat_raw18,atlas_selected_mean,5,3,0.13614764567938262,0.020440180520362644,0.13614764567938262,0.19503062928443168,0.27925921364740164,0.4400289128220818,0,139,139
oasis,32,heat_raw18,floor_random_robust,1,1,0.071469900346097,0.005271313234554448,0.071469900346097,0.09142420975087971,0.12880447929626457,0.1502458817138485,0,139,139
oasis,32,heat_raw18,floor_random_robust,1,2,0.06798964884032589,0.004796979421989695,0.06798964884032589,0.08947834990215309,0.12104029225970339,0.1674910328719654,0,139,139
oasis,32,heat_raw18,floor_random_robust,1,3,0.08029476417511087,0.006624746190941667,0.08029476417511087,0.099375551881664,0.13546565855384896,0.1702595318842238,0,139,139
oasis,32,heat_raw18,floor_random_robust,2,1,0.0723177828634554,0.0054152107169524065,0.0723177828634554,0.08638190436316974,0.11508145152560502,0.1956427029301049,0,139,139
oasis,32,heat_raw18,floor_random_robust,2,2,0.0688117463614177,0.004845852153374891,0.0688117463614177,0.08502735034672873,0.10836242024207109,0.1429658383234867,0,139,139
oasis,32,heat_raw18,floor_random_robust,2,3,0.0770255647318662,0.006096543665513348,0.0770255647318662,0.09246980087830534,0.12915174235501414,0.1703281319264926,0,139,139
oasis,32,heat_raw18,floor_random_robust,3,1,0.07054212785712966,0.005093436062451241,0.07054212785712966,0.09138233597337851,0.10399186621000218,0.1261201757440425,0,139,139
oasis,32,heat_raw18,floor_random_robust,3,2,0.06602285382490433,0.004450344858294828,0.06602285382490433,0.08590689477489338,0.09554684541455302,0.1050054270763665,0,139,139
oasis,32,heat_raw18,floor_random_robust,3,3,0.07852256509058714,0.0062992311808829585,0.07852256509058714,0.09852510742106468,0.11987477443831675,0.1341692626819294,0,139,139
oasis,32,heat_raw18,floor_random_robust,4,1,0.07168034789936176,0.005274136531590733,0.07168034789936176,0.08856980243982647,0.10622192674952202,0.1606847224110678,0,139,139
oasis,32,heat_raw18,floor_random_robust,4,2,0.07102018224237999,0.005227420233075141,0.07102018224237999,0.08920289279582898,0.10714288096081803,0.192121876448765,0,139,139
oasis,32,heat_raw18,floor_random_robust,4,3,0.0768177171074422,0.0060685180296853195,0.0768177171074422,0.093090493991834,0.11421979808098437,0.1832453475847469,0,139,139
oasis,32,heat_raw18,floor_random_robust,5,1,0.07125137916309324,0.00520390067436693,0.07125137916309324,0.09485678293168048,0.10530395844006234,0.1301996046975655,0,139,139
oasis,32,heat_raw18,floor_random_robust,5,2,0.07137114632941019,0.005224136130320953,0.07137114632941019,0.08935738249019191,0.11228431437223071,0.13073002946475,0,139,139
oasis,32,heat_raw18,floor_random_robust,5,3,0.08189591796288803,0.006920826974725721,0.08189591796288803,0.10460322999979976,0.13521475973329056,0.1855446703262662,0,139,139
oasis,32,heat_raw18,ordinary_selected,1,1,0.06894812663984265,0.005056225022395846,0.06894812663984265,0.09316325504499495,0.15230628278493555,0.161379649121799,0,139,139
oasis,32,heat_raw18,ordinary_selected,1,2,0.06702040790396371,0.004840418847846216,0.06702040790396371,0.09360951277637357,0.14318629678924236,0.2098772004907851,0,139,139
oasis,32,heat_raw18,ordinary_selected,1,3,0.07520490863492714,0.006179919994687166,0.07520490863492714,0.10057851157020169,0.19973262445748913,0.2284643853514122,0,139,139
oasis,32,heat_raw18,ordinary_selected,2,1,0.06933861270787949,0.005202935873213934,0.06933861270787949,0.08863390005253549,0.14121585869181957,0.2491135412149127,0,139,139
oasis,32,heat_raw18,ordinary_selected,2,2,0.06364797931638708,0.004774602229135184,0.06364797931638708,0.08142300433206186,0.1643157463038917,0.3240064162846197,0,139,139
oasis,32,heat_raw18,ordinary_selected,2,3,0.07505613293839947,0.006148116859275151,0.07505613293839947,0.09900787409715425,0.15125982538826468,0.2746523185295593,0,139,139
oasis,32,heat_raw18,ordinary_selected,3,1,0.06902011373639211,0.005001586090106605,0.06902011373639211,0.09003542349922135,0.13124093845611973,0.1776592475529239,0,139,139
oasis,32,heat_raw18,ordinary_selected,3,2,0.06239980080470637,0.004077389682651939,0.06239980080470637,0.0832555937739303,0.1034964292988323,0.1710551717393789,0,139,139
oasis,32,heat_raw18,ordinary_selected,3,3,0.07423802074415237,0.0057514543536328015,0.07423802074415237,0.10077571910092666,0.14120174814977923,0.1631386831265724,0,139,139
oasis,32,heat_raw18,ordinary_selected,4,1,0.06745715998083908,0.004756755344082893,0.06745715998083908,0.08652227197605528,0.11178311721140535,0.1878525662713853,0,139,139
oasis,32,heat_raw18,ordinary_selected,4,2,0.06109031998093238,0.003976921730764042,0.06109031998093238,0.08049921208148517,0.10773599295281326,0.20723218822029,0,139,139
oasis,32,heat_raw18,ordinary_selected,4,3,0.07480096966099617,0.005952491620711252,0.07480096966099617,0.09578978947702167,0.1419681947264491,0.2386578190674694,0,139,139
oasis,32,heat_raw18,ordinary_selected,5,1,0.06850372454637522,0.0050741636094978,0.06850372454637522,0.09530087787350476,0.15238912578723526,0.2171587023975533,0,139,139
oasis,32,heat_raw18,ordinary_selected,5,2,0.06361758452033428,0.004312416479222622,0.06361758452033428,0.08599438765284366,0.14101534149981654,0.1702169512724346,0,139,139
oasis,32,heat_raw18,ordinary_selected,5,3,0.07427941243344194,0.006043893364258446,0.07427941243344194,0.10426676275834387,0.1567171927960424,0.2683365802643672,0,139,139
oasis,32,heat_raw18,random_bounded_residual,1,1,0.07095870208082718,0.00535312667246309,0.07095870208082718,0.09616637773593302,0.15982857465745712,0.1948165743787327,0,139,139
oasis,32,heat_raw18,random_bounded_residual,1,2,0.06562316866658684,0.004576445892201635,0.06562316866658684,0.09162679179684308,0.12844391259188645,0.1871022903969398,0,139,139
oasis,32,heat_raw18,random_bounded_residual,1,3,0.07563143485557403,0.0062320688038832684,0.07563143485557403,0.09822532544269767,0.18872971050498372,0.2397918920771943,0,139,139
oasis,32,heat_raw18,random_bounded_residual,2,1,0.07162999958957142,0.005395202432211048,0.07162999958957142,0.08958532662180647,0.1472257862682968,0.1865956080080268,0,139,139
oasis,32,heat_raw18,random_bounded_residual,2,2,0.06676191053672352,0.004688472597025789,0.06676191053672352,0.08919080459019013,0.12345680401262847,0.1774879562411217,0,139,139
oasis,32,heat_raw18,random_bounded_residual,2,3,0.07313808361007926,0.005603389237378614,0.07313808361007926,0.092477399154358,0.12546193709913564,0.1998558080989129,0,139,139
oasis,32,heat_raw18,random_bounded_residual,3,1,0.07105363677262762,0.005240272080563544,0.07105363677262762,0.09726963303820992,0.12187527802256004,0.1536443946136725,0,139,139
oasis,32,heat_raw18,random_bounded_residual,3,2,0.06520158751352566,0.004467424941659652,0.06520158751352566,0.0848996166109507,0.12071756787161947,0.1754223138281133,0,139,139
oasis,32,heat_raw18,random_bounded_residual,3,3,0.0750112576043299,0.005874559773837342,0.0750112576043299,0.10000703111205032,0.13491317918577525,0.1715636144918082,0,139,139
oasis,32,heat_raw18,random_bounded_residual,4,1,0.07054298539581794,0.005180990258893268,0.07054298539581794,0.08832970292101995,0.11190210520448299,0.189457844414118,0,139,139
oasis,32,heat_raw18,random_bounded_residual,4,2,0.0702309095052072,0.005220337147852539,0.0702309095052072,0.09233589580299574,0.10950941742260857,0.2286512700998865,0,139,139
oasis,32,heat_raw18,random_bounded_residual,4,3,0.0744456404549718,0.005829890951182233,0.0744456404549718,0.09070304319299279,0.12598698471060862,0.2242433264577397,0,139,139
oasis,32,heat_raw18,random_bounded_residual,5,1,0.07114055188086552,0.005311961411808735,0.07114055188086552,0.09672140672664915,0.1350767207555582,0.1748705388514441,0,139,139
oasis,32,heat_raw18,random_bounded_residual,5,2,0.06842111406502294,0.004981061157447861,0.06842111406502294,0.09741957571692117,0.13379618233210042,0.1968924171519193,0,139,139
oasis,32,heat_raw18,random_bounded_residual,5,3,0.07700887958608924,0.006257410609076145,0.07700887958608924,0.10785092510204435,0.14905097138040332,0.1909960988944911,0,139,139
oasis,32,heat_raw18,random_ordinary,1,1,0.0720047448388292,0.005548816313907975,0.0720047448388292,0.09591588412538338,0.16438716745592433,0.2003226002518101,0,139,139
oasis,32,heat_raw18,random_ordinary,1,2,0.06702040790396371,0.004840418847846216,0.06702040790396371,0.09360951277637357,0.14318629678924236,0.2098772004907851,0,139,139
oasis,32,heat_raw18,random_ordinary,1,3,0.07861911198514789,0.006827801337994526,0.07861911198514789,0.10107787248682153,0.21128377670977905,0.2629184661806442,0,139,139
oasis,32,heat_raw18,random_ordinary,2,1,0.07265130716704687,0.005608464149184026,0.07265130716704687,0.09278648804025774,0.14789784962241975,0.2218418321177525,0,139,139
oasis,32,heat_raw18,random_ordinary,2,2,0.0690181076294047,0.005102030815410461,0.0690181076294047,0.09165011515833577,0.1277026681599448,0.2304078691302694,0,139,139
oasis,32,heat_raw18,random_ordinary,2,3,0.07505613293839947,0.006148116859275151,0.07505613293839947,0.09900787409715425,0.15125982538826468,0.2746523185295593,0,139,139
oasis,32,heat_raw18,random_ordinary,3,1,0.07175018191348681,0.005340965247378338,0.07175018191348681,0.09820801665672914,0.1256416351469318,0.1505115044015119,0,139,139
oasis,32,heat_raw18,random_ordinary,3,2,0.06600548597799752,0.004576411619425898,0.06600548597799752,0.08776267480016138,0.12152162166736581,0.1772715825950664,0,139,139
oasis,32,heat_raw18,random_ordinary,3,3,0.075824196952778,0.006037916439703264,0.075824196952778,0.10077826363229375,0.1464307488050608,0.1834160992559431,0,139,139
oasis,32,heat_raw18,random_ordinary,4,1,0.07125930355186241,0.005290496624625958,0.07125930355186241,0.08945679497507691,0.11320745796406863,0.194450818267979,0,139,139
oasis,32,heat_raw18,random_ordinary,4,2,0.07103549547619809,0.00537604408225348,0.07103549547619809,0.0917804959828184,0.11350274823413706,0.2449920559973244,0,139,139
oasis,32,heat_raw18,random_ordinary,4,3,0.07535561270793864,0.006010690293080528,0.07535561270793864,0.09127996633502507,0.13946994867638346,0.2341690521780685,0,139,139
oasis,32,heat_raw18,random_ordinary,5,1,0.0721262934976913,0.005500621145028826,0.0721262934976913,0.09756686096068298,0.15171983693382532,0.177839617284587,0,139,139
oasis,32,heat_raw18,random_ordinary,5,2,0.06927742454354502,0.005097829053091149,0.06927742454354502,0.09875100864220543,0.14260620252661324,0.1861101565067677,0,139,139
oasis,32,heat_raw18,random_ordinary,5,3,0.07807453010537813,0.006476737428194719,0.07807453010537813,0.1098432029240045,0.16387695517669365,0.2019434798481003,0,139,139
oasis,32,heat_raw18,random_projection,1,1,0.0720047448388292,0.005548816313907975,0.0720047448388292,0.09591588412538338,0.16438716745592433,0.2003226002518101,0,139,139
oasis,32,heat_raw18,random_projection,1,2,0.06703316451745626,0.004813467151522606,0.06703316451745626,0.09362273755051036,0.13667159037266033,0.2052172708460585,0,139,139
oasis,32,heat_raw18,random_projection,1,3,0.07646553407670162,0.0064329507543786895,0.07646553407670162,0.09853857734737448,0.1986541727745118,0.2583507867493905,0,139,139
oasis,32,heat_raw18,random_projection,2,1,0.07265130716704687,0.005608464149184026,0.07265130716704687,0.09278648804025774,0.14789784962241975,0.2218418321177525,0,139,139
oasis,32,heat_raw18,random_projection,2,2,0.06788061940022576,0.0048584535328163175,0.06788061940022576,0.09088672494577955,0.13325924431292957,0.176330957002236,0,139,139
oasis,32,heat_raw18,random_projection,2,3,0.07416474670425537,0.005777602929362096,0.07416474670425537,0.09807166381925257,0.1443640891894397,0.1935118238025731,0,139,139
oasis,32,heat_raw18,random_projection,3,1,0.07175018191348681,0.005340965247378338,0.07175018191348681,0.09820801665672914,0.1256416351469318,0.1505115044015119,0,139,139
oasis,32,heat_raw18,random_projection,3,2,0.06629895108502921,0.0046027729239863195,0.06629895108502921,0.08791107162797054,0.1210426112486829,0.1723722064893071,0,139,139
oasis,32,heat_raw18,random_projection,3,3,0.075824196952778,0.006037916439703264,0.075824196952778,0.10077826363229375,0.1464307488050608,0.1834160992559431,0,139,139
oasis,32,heat_raw18,random_projection,4,1,0.07125930355186241,0.005290496624625958,0.07125930355186241,0.08945679497507691,0.11320745796406863,0.194450818267979,0,139,139
oasis,32,heat_raw18,random_projection,4,2,0.07103549547619809,0.00537604408225348,0.07103549547619809,0.0917804959828184,0.11350274823413706,0.2449920559973244,0,139,139
oasis,32,heat_raw18,random_projection,4,3,0.07607687940832145,0.00604958889239759,0.07607687940832145,0.09067385614717312,0.13857661103545904,0.2058724070230641,0,139,139
oasis,32,heat_raw18,random_projection,5,1,0.0721262934976913,0.005500621145028826,0.0721262934976913,0.09756686096068298,0.15171983693382532,0.177839617284587,0,139,139
oasis,32,heat_raw18,random_projection,5,2,0.06927742454354502,0.005097829053091149,0.06927742454354502,0.09875100864220543,0.14260620252661324,0.1861101565067677,0,139,139
oasis,32,heat_raw18,random_projection,5,3,0.07807453010537813,0.006476737428194719,0.07807453010537813,0.1098432029240045,0.16387695517669365,0.2019434798481003,0,139,139
oasis,32,heat_raw18,random_robust,1,1,0.07095870208082718,0.00535312667246309,0.07095870208082718,0.09616637773593302,0.15982857465745712,0.1948165743787327,0,139,139
oasis,32,heat_raw18,random_robust,1,2,0.06562316866658684,0.004576445892201635,0.06562316866658684,0.09162679179684308,0.12844391259188645,0.1871022903969398,0,139,139
oasis,32,heat_raw18,random_robust,1,3,0.07563143485557403,0.0062320688038832684,0.07563143485557403,0.09822532544269767,0.18872971050498372,0.2397918920771943,0,139,139
oasis,32,heat_raw18,random_robust,2,1,0.07162999958957142,0.005395202432211048,0.07162999958957142,0.08958532662180647,0.1472257862682968,0.1865956080080268,0,139,139
oasis,32,heat_raw18,random_robust,2,2,0.06676191053672352,0.004688472597025789,0.06676191053672352,0.08919080459019013,0.12345680401262847,0.1774879562411217,0,139,139
oasis,32,heat_raw18,random_robust,2,3,0.07313808361007926,0.005603389237378614,0.07313808361007926,0.092477399154358,0.12546193709913564,0.1998558080989129,0,139,139
oasis,32,heat_raw18,random_robust,3,1,0.07105363677262762,0.005240272080563544,0.07105363677262762,0.09726963303820992,0.12187527802256004,0.1536443946136725,0,139,139
oasis,32,heat_raw18,random_robust,3,2,0.06520158751352566,0.004467424941659652,0.06520158751352566,0.0848996166109507,0.12071756787161947,0.1754223138281133,0,139,139
oasis,32,heat_raw18,random_robust,3,3,0.0750112576043299,0.005874559773837342,0.0750112576043299,0.10000703111205032,0.13491317918577525,0.1715636144918082,0,139,139
oasis,32,heat_raw18,random_robust,4,1,0.07054298539581794,0.005180990258893268,0.07054298539581794,0.08832970292101995,0.11190210520448299,0.189457844414118,0,139,139
oasis,32,heat_raw18,random_robust,4,2,0.0702309095052072,0.005220337147852539,0.0702309095052072,0.09233589580299574,0.10950941742260857,0.2286512700998865,0,139,139
oasis,32,heat_raw18,random_robust,4,3,0.0744456404549718,0.005829890951182233,0.0744456404549718,0.09070304319299279,0.12598698471060862,0.2242433264577397,0,139,139
oasis,32,heat_raw18,random_robust,5,1,0.07114055188086552,0.005311961411808735,0.07114055188086552,0.09672140672664915,0.1350767207555582,0.1748705388514441,0,139,139
oasis,32,heat_raw18,random_robust,5,2,0.06842111406502294,0.004981061157447861,0.06842111406502294,0.09741957571692117,0.13379618233210042,0.1968924171519193,0,139,139
oasis,32,heat_raw18,random_robust,5,3,0.07700887958608924,0.006257410609076145,0.07700887958608924,0.10785092510204435,0.14905097138040332,0.1909960988944911,0,139,139
oasis,32,heat_raw18,selected_bounded_residual,1,1,0.06749978888340764,0.004800138117900821,0.06749978888340764,0.09286630989950587,0.142744452077473,0.1639773846995147,0,139,139
oasis,32,heat_raw18,selected_bounded_residual,1,2,0.062167960603183636,0.004264747202732663,0.062167960603183636,0.08510620160719153,0.15794229339613194,0.219188955810635,0,139,139
oasis,32,heat_raw18,selected_bounded_residual,1,3,0.0725376820060735,0.005613234219852257,0.0725376820060735,0.09760160694001635,0.157391018449002,0.2149009876259162,0,139,139
oasis,32,heat_raw18,selected_bounded_residual,2,1,0.067790785697937,0.004859437868245136,0.067790785697937,0.08675091560582132,0.13595721657798182,0.1955155080803448,0,139,139
oasis,32,heat_raw18,selected_bounded_residual,2,2,0.06107840969171419,0.003980906598093702,0.06107840969171419,0.08078836271732878,0.14057672508803395,0.1697729895805969,0,139,139
oasis,32,heat_raw18,selected_bounded_residual,2,3,0.07313808361007926,0.005603389237378614,0.07313808361007926,0.092477399154358,0.12546193709913564,0.1998558080989129,0,139,139
oasis,32,heat_raw18,selected_bounded_residual,3,1,0.06800206655792392,0.0048447094893511325,0.06800206655792392,0.08829533265882673,0.13048904975768982,0.166671441304827,0,139,139
oasis,32,heat_raw18,selected_bounded_residual,3,2,0.061524198457099846,0.003969895923174285,0.061524198457099846,0.08208811418819233,0.10470520712886326,0.1722796431191524,0,139,139
oasis,32,heat_raw18,selected_bounded_residual,3,3,0.07346587513667056,0.005599529340002929,0.07346587513667056,0.09955901448071999,0.12921302460755524,0.1483130121414549,0,139,139
oasis,32,heat_raw18,selected_bounded_residual,4,1,0.06632472496277579,0.004578785467901801,0.06632472496277579,0.08457790433349004,0.1070045801549526,0.1757349206512137,0,139,139
oasis,32,heat_raw18,selected_bounded_residual,4,2,0.05989976304906371,0.0037629614491270767,0.05989976304906371,0.0787148020740388,0.10338193508748188,0.1729466208338918,0,139,139
oasis,32,heat_raw18,selected_bounded_residual,4,3,0.07239835562857519,0.005452720984127592,0.07239835562857519,0.0872082189268973,0.1243179891348884,0.1941922302887737,0,139,139
oasis,32,heat_raw18,selected_bounded_residual,5,1,0.06666635867699111,0.004669750068238386,0.06666635867699111,0.09240194463667843,0.13257783013921248,0.1510013171291329,0,139,139
oasis,32,heat_raw18,selected_bounded_residual,5,2,0.06118519976666388,0.004004244784570921,0.06118519976666388,0.08501732341864535,0.1322154008286506,0.1777021636613681,0,139,139
oasis,32,heat_raw18,selected_bounded_residual,5,3,0.07291917237859902,0.0057120060314636975,0.07291917237859902,0.1007422594649838,0.12493917744070883,0.2525610134492648,0,139,139
oasis,32,heat_raw18,selected_projection,1,1,0.06876176728363263,0.005009839895825534,0.06876176728363263,0.09316325504499495,0.15230628278493555,0.1595548773609553,0,139,139
oasis,32,heat_raw18,selected_projection,1,2,0.06366928528599133,0.0045885831592817825,0.06366928528599133,0.08626924732997747,0.18094282670520642,0.2413649020821441,0,139,139
oasis,32,heat_raw18,selected_projection,1,3,0.07341073436828062,0.0057699886732319235,0.07341073436828062,0.09874719880677224,0.1600334982569325,0.2229391238524546,0,139,139
oasis,32,heat_raw18,selected_projection,2,1,0.06887319355691927,0.005034920631740037,0.06887319355691927,0.08842148039040505,0.13969344486712126,0.2062650626596106,0,139,139
oasis,32,heat_raw18,selected_projection,2,2,0.06235670258476835,0.00417487729099825,0.06235670258476835,0.08142300433206186,0.14434447354713253,0.1835175022903218,0,139,139
oasis,32,heat_raw18,selected_projection,2,3,0.07416474670425537,0.005777602929362096,0.07416474670425537,0.09807166381925257,0.1443640891894397,0.1935118238025731,0,139,139
oasis,32,heat_raw18,selected_projection,3,1,0.06894886740146121,0.004987091981827058,0.06894886740146121,0.08940458630287572,0.12952567199402112,0.1776592475529239,0,139,139
oasis,32,heat_raw18,selected_projection,3,2,0.062337036253692114,0.004068198494671736,0.062337036253692114,0.0832555937739303,0.1034964292988323,0.170016596149781,0,139,139
oasis,32,heat_raw18,selected_projection,3,3,0.07421999782646559,0.0057478675306545995,0.07421999782646559,0.09933111893096698,0.14120174814977923,0.1631386831265724,0,139,139
oasis,32,heat_raw18,selected_projection,4,1,0.06735442990642536,0.00472825730506804,0.06735442990642536,0.08652227197605528,0.10957665628940876,0.1810686880402836,0,139,139
oasis,32,heat_raw18,selected_projection,4,2,0.061009015283089565,0.00396037213506661,0.061009015283089565,0.08049921208148517,0.10773599295281326,0.2039277454587239,0,139,139
oasis,32,heat_raw18,selected_projection,4,3,0.07340024287940469,0.0056339099130759355,0.07340024287940469,0.08741895206859565,0.14177008216905007,0.197374776895763,0,139,139
oasis,32,heat_raw18,selected_projection,5,1,0.06785233640694374,0.00485791575998431,0.06785233640694374,0.09496842579081861,0.14080208556714888,0.1603017656777128,0,139,139
oasis,32,heat_raw18,selected_projection,5,2,0.06335382642971288,0.004244230165120897,0.06335382642971288,0.08599517013005535,0.12483100426580652,0.1675449473151963,0,139,139
oasis,32,heat_raw18,selected_projection,5,3,0.07397534349741898,0.005923854919419428,0.07397534349741898,0.10327895105908921,0.1410371260087695,0.2629891596320094,0,139,139
oasis,32,heat_raw18,selected_robust,1,1,0.06749978888340764,0.004800138117900821,0.06749978888340764,0.09286630989950587,0.142744452077473,0.1639773846995147,0,139,139
oasis,32,heat_raw18,selected_robust,1,2,0.062167960603183636,0.004264747202732663,0.062167960603183636,0.08510620160719153,0.15794229339613194,0.219188955810635,0,139,139
oasis,32,heat_raw18,selected_robust,1,3,0.0725376820060735,0.005613234219852257,0.0725376820060735,0.09760160694001635,0.157391018449002,0.2149009876259162,0,139,139
oasis,32,heat_raw18,selected_robust,2,1,0.067790785697937,0.004859437868245136,0.067790785697937,0.08675091560582132,0.13595721657798182,0.1955155080803448,0,139,139
oasis,32,heat_raw18,selected_robust,2,2,0.06107840969171419,0.003980906598093702,0.06107840969171419,0.08078836271732878,0.14057672508803395,0.1697729895805969,0,139,139
oasis,32,heat_raw18,selected_robust,2,3,0.07313808361007926,0.005603389237378614,0.07313808361007926,0.092477399154358,0.12546193709913564,0.1998558080989129,0,139,139
oasis,32,heat_raw18,selected_robust,3,1,0.06800206655792392,0.0048447094893511325,0.06800206655792392,0.08829533265882673,0.13048904975768982,0.166671441304827,0,139,139
oasis,32,heat_raw18,selected_robust,3,2,0.061524198457099846,0.003969895923174285,0.061524198457099846,0.08208811418819233,0.10470520712886326,0.1722796431191524,0,139,139
oasis,32,heat_raw18,selected_robust,3,3,0.07346587513667056,0.005599529340002929,0.07346587513667056,0.09955901448071999,0.12921302460755524,0.1483130121414549,0,139,139
oasis,32,heat_raw18,selected_robust,4,1,0.06632472496277579,0.004578785467901801,0.06632472496277579,0.08457790433349004,0.1070045801549526,0.1757349206512137,0,139,139
oasis,32,heat_raw18,selected_robust,4,2,0.05989976304906371,0.0037629614491270767,0.05989976304906371,0.0787148020740388,0.10338193508748188,0.1729466208338918,0,139,139
oasis,32,heat_raw18,selected_robust,4,3,0.07239835562857519,0.005452720984127592,0.07239835562857519,0.0872082189268973,0.1243179891348884,0.1941922302887737,0,139,139
oasis,32,heat_raw18,selected_robust,5,1,0.06666635867699111,0.004669750068238386,0.06666635867699111,0.09240194463667843,0.13257783013921248,0.1510013171291329,0,139,139
oasis,32,heat_raw18,selected_robust,5,2,0.06118519976666388,0.004004244784570921,0.06118519976666388,0.08501732341864535,0.1322154008286506,0.1777021636613681,0,139,139
oasis,32,heat_raw18,selected_robust,5,3,0.07291917237859902,0.0057120060314636975,0.07291917237859902,0.1007422594649838,0.12493917744070883,0.2525610134492648,0,139,139
oasis,32,heat_raw18,selected_sources_ordinary,1,1,0.06894812663984265,0.005056225022395846,0.06894812663984265,0.09316325504499495,0.15230628278493555,0.161379649121799,0,139,139
oasis,32,heat_raw18,selected_sources_ordinary,1,2,0.06671190450185747,0.004850067772987556,0.06671190450185747,0.08863263608568364,0.17044533675014956,0.2135469658894072,0,139,139
oasis,32,heat_raw18,selected_sources_ordinary,1,3,0.07520490863492714,0.006179919994687166,0.07520490863492714,0.10057851157020169,0.19973262445748913,0.2284643853514122,0,139,139
oasis,32,heat_raw18,selected_sources_ordinary,2,1,0.06933861270787949,0.005202935873213934,0.06933861270787949,0.08863390005253549,0.14121585869181957,0.2491135412149127,0,139,139
oasis,32,heat_raw18,selected_sources_ordinary,2,2,0.06364797931638708,0.004774602229135184,0.06364797931638708,0.08142300433206186,0.1643157463038917,0.3240064162846197,0,139,139
oasis,32,heat_raw18,selected_sources_ordinary,2,3,0.07505613293839947,0.006148116859275151,0.07505613293839947,0.09900787409715425,0.15125982538826468,0.2746523185295593,0,139,139
oasis,32,heat_raw18,selected_sources_ordinary,3,1,0.06902011373639211,0.005001586090106605,0.06902011373639211,0.09003542349922135,0.13124093845611973,0.1776592475529239,0,139,139
oasis,32,heat_raw18,selected_sources_ordinary,3,2,0.06239980080470637,0.004077389682651939,0.06239980080470637,0.0832555937739303,0.1034964292988323,0.1710551717393789,0,139,139
oasis,32,heat_raw18,selected_sources_ordinary,3,3,0.07423802074415237,0.0057514543536328015,0.07423802074415237,0.10077571910092666,0.14120174814977923,0.1631386831265724,0,139,139
oasis,32,heat_raw18,selected_sources_ordinary,4,1,0.06745715998083908,0.004756755344082893,0.06745715998083908,0.08652227197605528,0.11178311721140535,0.1878525662713853,0,139,139
oasis,32,heat_raw18,selected_sources_ordinary,4,2,0.06109031998093238,0.003976921730764042,0.06109031998093238,0.08049921208148517,0.10773599295281326,0.20723218822029,0,139,139
oasis,32,heat_raw18,selected_sources_ordinary,4,3,0.07306619648652135,0.005615697526039445,0.07306619648652135,0.0872301534580931,0.1459104940369469,0.2069176183007672,0,139,139
oasis,32,heat_raw18,selected_sources_ordinary,5,1,0.06850372454637522,0.0050741636094978,0.06850372454637522,0.09530087787350476,0.15238912578723526,0.2171587023975533,0,139,139
oasis,32,heat_raw18,selected_sources_ordinary,5,2,0.06361758452033428,0.004312416479222622,0.06361758452033428,0.08599438765284366,0.14101534149981654,0.1702169512724346,0,139,139
oasis,32,heat_raw18,selected_sources_ordinary,5,3,0.07404118705327921,0.005959089819230076,0.07404118705327921,0.10327895105908921,0.1410371260087695,0.2721414138965817,0,139,139
oasis,32,heat_raw18,spatial_robust,1,1,0.0665582335653611,0.004627777745016527,0.0665582335653611,0.08973359826749491,0.11860120126856832,0.1634883529418277,0,139,139
oasis,32,heat_raw18,spatial_robust,1,2,0.06289083036380384,0.004278261109766644,0.06289083036380384,0.08894512723093916,0.1255144282418147,0.2063058936839981,0,139,139
oasis,32,heat_raw18,spatial_robust,1,3,0.07266354658454652,0.005702593619028928,0.07266354658454652,0.09629481314251612,0.17720314717145746,0.2186722839500083,0,139,139
oasis,32,heat_raw18,spatial_robust,2,1,0.06644004160498158,0.004694390731682093,0.06644004160498158,0.0893922469308092,0.12953045869969193,0.2037600159553484,0,139,139
oasis,32,heat_raw18,spatial_robust,2,2,0.06284447851081668,0.004241986087380679,0.06284447851081668,0.08298712744398716,0.14712790204082257,0.1840007012186879,0,139,139
oasis,32,heat_raw18,spatial_robust,2,3,0.0728728445885052,0.005587861936670288,0.0728728445885052,0.1005162095341086,0.134807194854002,0.180461924663365,0,139,139
oasis,32,heat_raw18,spatial_robust,3,1,0.06821053965463476,0.004816805699494453,0.06821053965463476,0.08908176862935917,0.11418517502685507,0.1454351781800466,0,139,139
oasis,32,heat_raw18,spatial_robust,3,2,0.06414248176877035,0.004338020221353,0.06414248176877035,0.08655279312904637,0.11260080239901654,0.1860333718459983,0,139,139
oasis,32,heat_raw18,spatial_robust,3,3,0.07329265075277655,0.005563712563299739,0.07329265075277655,0.09592853424892149,0.1284891845244352,0.154486416124662,0,139,139
oasis,32,heat_raw18,spatial_robust,4,1,0.06592577007781714,0.004551929452568131,0.06592577007781714,0.08771670192363998,0.11170116183915732,0.1889993479898109,0,139,139
oasis,32,heat_raw18,spatial_robust,4,2,0.061524050221401165,0.004038683737519885,0.061524050221401165,0.08473047425926007,0.10377505988140973,0.2101324177224099,0,139,139
oasis,32,heat_raw18,spatial_robust,4,3,0.07354601191732382,0.005677315283104835,0.07354601191732382,0.08992842426959326,0.12867850040103268,0.2196656939280809,0,139,139
oasis,32,heat_raw18,spatial_robust,5,1,0.06634800814620549,0.004627597018687227,0.06634800814620549,0.08871370327398581,0.13233039128333007,0.161452286179595,0,139,139
oasis,32,heat_raw18,spatial_robust,5,2,0.06425961737237852,0.00459181362949633,0.06425961737237852,0.08861382978967947,0.17212300181581813,0.224936945333256,0,139,139
oasis,32,heat_raw18,spatial_robust,5,3,0.07240211289595769,0.005531568653095009,0.07240211289595769,0.0988000120195385,0.1420155622906228,0.1931451146758892,0,139,139
oasis,32,heat_raw18,template_random_bounded_residual,1,1,0.03558474757762227,0.0015134132843110243,0.03558474757762227,0.06740595427357973,0.08388228992270416,0.1290027360723325,0,139,139
oasis,32,heat_raw18,template_random_bounded_residual,1,2,0.032388319738744176,0.0012222374029664655,0.032388319738744176,0.059773714021795946,0.07686300479435465,0.10255568471117,0,139,139
oasis,32,heat_raw18,template_random_bounded_residual,1,3,0.03647207524791929,0.0015555954594480266,0.03647207524791929,0.06779264435650205,0.08517926367042357,0.1127406896354241,0,139,139
oasis,32,heat_raw18,template_random_bounded_residual,2,1,0.03499066560287195,0.0013609828690140907,0.03499066560287195,0.05459075653959081,0.06894513379583016,0.084323109476666,0,139,139
oasis,32,heat_raw18,template_random_bounded_residual,2,2,0.03195283340670084,0.001156260655327013,0.03195283340670084,0.05356971366934863,0.0665675624383444,0.0790444338809042,0,139,139
oasis,32,heat_raw18,template_random_bounded_residual,2,3,0.03571342656408414,0.001416829051575251,0.03571342656408414,0.057973440081112514,0.07095988691973183,0.0807914520532318,0,139,139
oasis,32,heat_raw18,template_random_bounded_residual,3,1,0.037358191960519246,0.0016297865328429488,0.037358191960519246,0.06693303464171221,0.08400895245646241,0.0979530048673611,0,139,139
oasis,32,heat_raw18,template_random_bounded_residual,3,2,0.03249624839686667,0.0012352014467005158,0.03249624839686667,0.059297377582690894,0.07653583700596603,0.0916380278969672,0,139,139
oasis,32,heat_raw18,template_random_bounded_residual,3,3,0.03829053719514223,0.001721492877122557,0.03829053719514223,0.06922096338604969,0.08680378642696564,0.1118287877999438,0,139,139
oasis,32,heat_raw18,template_random_bounded_residual,4,1,0.03442489897659009,0.0013613464678836043,0.03442489897659009,0.06223758086976125,0.07206012660389172,0.0980491973826005,0,139,139
oasis,32,heat_raw18,template_random_bounded_residual,4,2,0.0325505666519279,0.001206935783090402,0.0325505666519279,0.05332345453793343,0.07323295309524742,0.0980139424649373,0,139,139
oasis,32,heat_raw18,template_random_bounded_residual,4,3,0.03545362475440219,0.0014314210935520836,0.03545362475440219,0.06080713990041075,0.07393443892723907,0.1076797265704713,0,139,139
oasis,32,heat_raw18,template_random_bounded_residual,5,1,0.037503498619500614,0.0016293332305868072,0.037503498619500614,0.068094519456045,0.0844020449121152,0.0876111975537831,0,139,139
oasis,32,heat_raw18,template_random_bounded_residual,5,2,0.033697115549979915,0.0013066110165662048,0.033697115549979915,0.060793009265588185,0.07362857013134595,0.0793722468095348,0,139,139
oasis,32,heat_raw18,template_random_bounded_residual,5,3,0.03943046073652073,0.001774266998951634,0.03943046073652073,0.07133859062148466,0.08545597352446573,0.0870640103460544,0,139,139
oasis,32,heat_raw18,template_random_projection,1,1,0.03744552018942622,0.0016742712304996638,0.03744552018942622,0.068560546696441,0.08986677472847414,0.1444223017007116,0,139,139
oasis,32,heat_raw18,template_random_projection,1,2,0.034799272523403146,0.0014091715865730094,0.034799272523403146,0.062137533240580134,0.08317972852264588,0.1153216315664337,0,139,139
oasis,32,heat_raw18,template_random_projection,1,3,0.038034818706623674,0.0016843575537165295,0.038034818706623674,0.07094958461204803,0.08733990826559675,0.1243263220857352,0,139,139
oasis,32,heat_raw18,template_random_projection,2,1,0.03702666221538003,0.001526579186114243,0.03702666221538003,0.05802314990660432,0.08137931232614717,0.0889305765455165,0,139,139
oasis,32,heat_raw18,template_random_projection,2,2,0.03450557907961428,0.0013520612672807603,0.03450557907961428,0.05627569592711085,0.07711704862421054,0.0974711119393218,0,139,139
oasis,32,heat_raw18,template_random_projection,2,3,0.0376753100790725,0.0015708704890523737,0.0376753100790725,0.06255722238317145,0.0798512659192052,0.08608158015215,0,139,139
oasis,32,heat_raw18,template_random_projection,3,1,0.039036106389006335,0.0017585254872912886,0.039036106389006335,0.07127012117216756,0.08381022885381903,0.0984932642713993,0,139,139
oasis,32,heat_raw18,template_random_projection,3,2,0.03453641062579284,0.0014006438545704964,0.03453641062579284,0.061046413089849136,0.08740190916979955,0.0990870261149877,0,139,139
oasis,32,heat_raw18,template_random_projection,3,3,0.03975358314714761,0.0018404992883985854,0.03975358314714761,0.07442174726842629,0.09021669420077832,0.1126605382014847,0,139,139
oasis,32,heat_raw18,template_random_projection,4,1,0.036304880427296356,0.0015013682098330668,0.036304880427296356,0.06548863760176844,0.08059312158278079,0.0984409463183487,0,139,139
oasis,32,heat_raw18,template_random_projection,4,2,0.03467058147541884,0.0013822360588849232,0.03467058147541884,0.05757531513841347,0.0890676488520771,0.105240872923371,0,139,139
oasis,32,heat_raw18,template_random_projection,4,3,0.036972128353544687,0.0015446022177846512,0.036972128353544687,0.06014204232801942,0.07737560576623065,0.1086139312345486,0,139,139
oasis,32,heat_raw18,template_random_projection,5,1,0.03953599803487696,0.0017877099532117389,0.03953599803487696,0.07147594011593676,0.08357947274393353,0.0885066186493906,0,139,139
oasis,32,heat_raw18,template_random_projection,5,2,0.035870396097348954,0.0014765492296521627,0.035870396097348954,0.06278640937574478,0.07795511005634467,0.0932685205538344,0,139,139
oasis,32,heat_raw18,template_random_projection,5,3,0.041312045510484674,0.0019318520935863346,0.041312045510484674,0.0746894569529654,0.08649095208759178,0.0884663032470144,0,139,139
oasis,32,heat_raw18,template_random_robust,1,1,0.03558474757762227,0.0015134132843110243,0.03558474757762227,0.06740595427357973,0.08388228992270416,0.1290027360723325,0,139,139
oasis,32,heat_raw18,template_random_robust,1,2,0.032388319738744176,0.0012222374029664655,0.032388319738744176,0.059773714021795946,0.07686300479435465,0.10255568471117,0,139,139
oasis,32,heat_raw18,template_random_robust,1,3,0.03647207524791929,0.0015555954594480266,0.03647207524791929,0.06779264435650205,0.08517926367042357,0.1127406896354241,0,139,139
oasis,32,heat_raw18,template_random_robust,2,1,0.03499066560287195,0.0013609828690140907,0.03499066560287195,0.05459075653959081,0.06894513379583016,0.084323109476666,0,139,139
oasis,32,heat_raw18,template_random_robust,2,2,0.03195283340670084,0.001156260655327013,0.03195283340670084,0.05356971366934863,0.0665675624383444,0.0790444338809042,0,139,139
oasis,32,heat_raw18,template_random_robust,2,3,0.03571342656408414,0.001416829051575251,0.03571342656408414,0.057973440081112514,0.07095988691973183,0.0807914520532318,0,139,139
oasis,32,heat_raw18,template_random_robust,3,1,0.037358191960519246,0.0016297865328429488,0.037358191960519246,0.06693303464171221,0.08400895245646241,0.0979530048673611,0,139,139
oasis,32,heat_raw18,template_random_robust,3,2,0.03249624839686667,0.0012352014467005158,0.03249624839686667,0.059297377582690894,0.07653583700596603,0.0916380278969672,0,139,139
oasis,32,heat_raw18,template_random_robust,3,3,0.03829053719514223,0.001721492877122557,0.03829053719514223,0.06922096338604969,0.08680378642696564,0.1118287877999438,0,139,139
oasis,32,heat_raw18,template_random_robust,4,1,0.03442489897659009,0.0013613464678836043,0.03442489897659009,0.06223758086976125,0.07206012660389172,0.0980491973826005,0,139,139
oasis,32,heat_raw18,template_random_robust,4,2,0.0325505666519279,0.001206935783090402,0.0325505666519279,0.05332345453793343,0.07323295309524742,0.0980139424649373,0,139,139
oasis,32,heat_raw18,template_random_robust,4,3,0.03545362475440219,0.0014314210935520836,0.03545362475440219,0.06080713990041075,0.07393443892723907,0.1076797265704713,0,139,139
oasis,32,heat_raw18,template_random_robust,5,1,0.037503498619500614,0.0016293332305868072,0.037503498619500614,0.068094519456045,0.0844020449121152,0.0876111975537831,0,139,139
oasis,32,heat_raw18,template_random_robust,5,2,0.033697115549979915,0.0013066110165662048,0.033697115549979915,0.060793009265588185,0.07362857013134595,0.0793722468095348,0,139,139
oasis,32,heat_raw18,template_random_robust,5,3,0.03943046073652073,0.001774266998951634,0.03943046073652073,0.07133859062148466,0.08545597352446573,0.0870640103460544,0,139,139
oasis,32,heat_raw18,template_selected_bounded_residual,1,1,0.033051925882643406,0.0013107887443525915,0.033051925882643406,0.057021154468816726,0.07653355347161464,0.1382410711753372,0,139,139
oasis,32,heat_raw18,template_selected_bounded_residual,1,2,0.03033416529081523,0.001065898335045687,0.03033416529081523,0.05236460629484059,0.06841438338790909,0.1019671867757855,0,139,139
oasis,32,heat_raw18,template_selected_bounded_residual,1,3,0.03452640337187796,0.001396583109349875,0.03452640337187796,0.06142414723182613,0.08421308912644421,0.1261553907953915,0,139,139
oasis,32,heat_raw18,template_selected_bounded_residual,2,1,0.0323814814767672,0.0011670828907706793,0.0323814814767672,0.05338154339844261,0.06872839353896744,0.0774954427048571,0,139,139
oasis,32,heat_raw18,template_selected_bounded_residual,2,2,0.030855671202670416,0.0010539448638790412,0.030855671202670416,0.05017983794791392,0.06044675930712792,0.0704410287169117,0,139,139
oasis,32,heat_raw18,template_selected_bounded_residual,2,3,0.03571342656408414,0.001416829051575251,0.03571342656408414,0.057973440081112514,0.07095988691973183,0.0807914520532318,0,139,139
oasis,32,heat_raw18,template_selected_bounded_residual,3,1,0.033869334845593416,0.0013369839742425347,0.033869334845593416,0.06336343139337347,0.07462455768499437,0.0904445634748071,0,139,139
oasis,32,heat_raw18,template_selected_bounded_residual,3,2,0.03096025739553376,0.0011096390540392951,0.03096025739553376,0.05488368086146647,0.0684943801204858,0.0851608031661937,0,139,139
oasis,32,heat_raw18,template_selected_bounded_residual,3,3,0.03836938378209181,0.0017268628127847334,0.03836938378209181,0.06852645878945221,0.08790139045121916,0.1096199685414707,0,139,139
oasis,32,heat_raw18,template_selected_bounded_residual,4,1,0.03203859627019329,0.0011634723138744553,0.03203859627019329,0.05577525407543204,0.0711993980802477,0.088354680040162,0,139,139
oasis,32,heat_raw18,template_selected_bounded_residual,4,2,0.030447579614280306,0.0010359044028948417,0.030447579614280306,0.0502118099992862,0.06552813445141978,0.0847127509584288,0,139,139
oasis,32,heat_raw18,template_selected_bounded_residual,4,3,0.0334715968065817,0.0012707602137273278,0.0334715968065817,0.055978582476036015,0.08086194998003529,0.0976585136879432,0,139,139
oasis,32,heat_raw18,template_selected_bounded_residual,5,1,0.033710288230256485,0.0012954014250991276,0.033710288230256485,0.06168196548971979,0.071407782388416,0.07704261297169,0,139,139
oasis,32,heat_raw18,template_selected_bounded_residual,5,2,0.030894170106964193,0.001076537110512208,0.030894170106964193,0.05351970710144745,0.0648744524149147,0.0701726731053691,0,139,139
oasis,32,heat_raw18,template_selected_bounded_residual,5,3,0.03662680924420062,0.0015301232534569275,0.03662680924420062,0.06589647902729924,0.0774135133891653,0.0776499811040484,0,139,139
oasis,32,heat_raw18,template_selected_projection,1,1,0.03497782745094777,0.0014588594316640201,0.03497782745094777,0.06253493851520166,0.08376765244682248,0.1478249973256081,0,139,139
oasis,32,heat_raw18,template_selected_projection,1,2,0.033306584463405335,0.0012871467089833116,0.033306584463405335,0.05976256989310003,0.08399506672637899,0.1183314191874271,0,139,139
oasis,32,heat_raw18,template_selected_projection,1,3,0.03635954182083369,0.0015497634030521748,0.03635954182083369,0.0641392761641418,0.09003289272454072,0.134378435759835,0,139,139
oasis,32,heat_raw18,template_selected_projection,2,1,0.034318531936988625,0.0012983475424984136,0.034318531936988625,0.0559849009657065,0.07311382596357803,0.0788812234784749,0,139,139
oasis,32,heat_raw18,template_selected_projection,2,2,0.03322503012328057,0.001226309324258636,0.03322503012328057,0.051980924634844265,0.06891778326430553,0.0909273713075342,0,139,139
oasis,32,heat_raw18,template_selected_projection,2,3,0.0376753100790725,0.0015708704890523737,0.0376753100790725,0.06255722238317145,0.0798512659192052,0.08608158015215,0,139,139
oasis,32,heat_raw18,template_selected_projection,3,1,0.035484737200028676,0.001445059461976749,0.035484737200028676,0.06408371151222601,0.07522961886991786,0.0917248637528998,0,139,139
oasis,32,heat_raw18,template_selected_projection,3,2,0.032914630961045,0.0012530476724718794,0.032914630961045,0.05932549320486477,0.08024655101806738,0.0888810999237475,0,139,139
oasis,32,heat_raw18,template_selected_projection,3,3,0.03988308139449498,0.0018521696404190462,0.03988308139449498,0.07547812334166236,0.08729775145697849,0.1103825729902535,0,139,139
oasis,32,heat_raw18,template_selected_projection,4,1,0.034002907890431894,0.0013054246049075667,0.034002907890431894,0.05743529577264588,0.0806382149210053,0.0911588847113488,0,139,139
oasis,32,heat_raw18,template_selected_projection,4,2,0.03253591310307507,0.0011910012180237222,0.03253591310307507,0.05303765689472963,0.07710867682970932,0.0954086762248543,0,139,139
oasis,32,heat_raw18,template_selected_projection,4,3,0.035197356534181594,0.0014072081102764365,0.035197356534181594,0.059576819417447,0.08822239936653165,0.1021162605544012,0,139,139
oasis,32,heat_raw18,template_selected_projection,5,1,0.03574608870968497,0.0014309684209397684,0.03574608870968497,0.06231034353708268,0.07256999687192511,0.078437114463226,0,139,139
oasis,32,heat_raw18,template_selected_projection,5,2,0.03389154230871699,0.0012860293357661778,0.03389154230871699,0.055787980946052404,0.07015636828746523,0.0864965435330398,0,139,139
oasis,32,heat_raw18,template_selected_projection,5,3,0.038566884301932385,0.0016893774685002257,0.038566884301932385,0.06911603531051008,0.07881020907957198,0.0900100614767032,0,139,139
oasis,32,heat_raw18,template_selected_robust,1,1,0.033051925882643406,0.0013107887443525915,0.033051925882643406,0.057021154468816726,0.07653355347161464,0.1382410711753372,0,139,139
oasis,32,heat_raw18,template_selected_robust,1,2,0.03033416529081523,0.001065898335045687,0.03033416529081523,0.05236460629484059,0.06841438338790909,0.1019671867757855,0,139,139
oasis,32,heat_raw18,template_selected_robust,1,3,0.03452640337187796,0.001396583109349875,0.03452640337187796,0.06142414723182613,0.08421308912644421,0.1261553907953915,0,139,139
oasis,32,heat_raw18,template_selected_robust,2,1,0.0323814814767672,0.0011670828907706793,0.0323814814767672,0.05338154339844261,0.06872839353896744,0.0774954427048571,0,139,139
oasis,32,heat_raw18,template_selected_robust,2,2,0.030855671202670416,0.0010539448638790412,0.030855671202670416,0.05017983794791392,0.06044675930712792,0.0704410287169117,0,139,139
oasis,32,heat_raw18,template_selected_robust,2,3,0.03571342656408414,0.001416829051575251,0.03571342656408414,0.057973440081112514,0.07095988691973183,0.0807914520532318,0,139,139
oasis,32,heat_raw18,template_selected_robust,3,1,0.033869334845593416,0.0013369839742425347,0.033869334845593416,0.06336343139337347,0.07462455768499437,0.0904445634748071,0,139,139
oasis,32,heat_raw18,template_selected_robust,3,2,0.03096025739553376,0.0011096390540392951,0.03096025739553376,0.05488368086146647,0.0684943801204858,0.0851608031661937,0,139,139
oasis,32,heat_raw18,template_selected_robust,3,3,0.03836938378209181,0.0017268628127847334,0.03836938378209181,0.06852645878945221,0.08790139045121916,0.1096199685414707,0,139,139
oasis,32,heat_raw18,template_selected_robust,4,1,0.03203859627019329,0.0011634723138744553,0.03203859627019329,0.05577525407543204,0.0711993980802477,0.088354680040162,0,139,139
oasis,32,heat_raw18,template_selected_robust,4,2,0.030447579614280306,0.0010359044028948417,0.030447579614280306,0.0502118099992862,0.06552813445141978,0.0847127509584288,0,139,139
oasis,32,heat_raw18,template_selected_robust,4,3,0.0334715968065817,0.0012707602137273278,0.0334715968065817,0.055978582476036015,0.08086194998003529,0.0976585136879432,0,139,139
oasis,32,heat_raw18,template_selected_robust,5,1,0.033710288230256485,0.0012954014250991276,0.033710288230256485,0.06168196548971979,0.071407782388416,0.07704261297169,0,139,139
oasis,32,heat_raw18,template_selected_robust,5,2,0.030894170106964193,0.001076537110512208,0.030894170106964193,0.05351970710144745,0.0648744524149147,0.0701726731053691,0,139,139
oasis,32,heat_raw18,template_selected_robust,5,3,0.03662680924420062,0.0015301232534569275,0.03662680924420062,0.06589647902729924,0.0774135133891653,0.0776499811040484,0,139,139
oasis,32,qsf,atlas_random_aligned,1,1,0.023636046921983938,0.0006067983944697539,0.023636046921983938,0.032776780614730175,0.056019397818970806,0.0700814077255265,0,139,139
oasis,32,qsf,atlas_random_aligned,1,2,0.021865587286626374,0.0005144967777942301,0.021865587286626374,0.030880950315720534,0.04645394075620761,0.0649559666491833,0,139,139
oasis,32,qsf,atlas_random_aligned,1,3,0.024498312114624568,0.000652245423257013,0.024498312114624568,0.035442510526887024,0.061327215258922985,0.0690816875023879,0,139,139
oasis,32,qsf,atlas_random_aligned,2,1,0.023246210440247866,0.0005677840313088381,0.023246210440247866,0.03196797421114074,0.04318499508272527,0.0481877205136601,0,139,139
oasis,32,qsf,atlas_random_aligned,2,2,0.021983410624730852,0.000513020366645405,0.021983410624730852,0.03378351009915635,0.044966594762530745,0.0481864880739233,0,139,139
oasis,32,qsf,atlas_random_aligned,2,3,0.02392726879340121,0.0005996067578081893,0.02392726879340121,0.03160697371597813,0.04375549307724547,0.0513403817285242,0,139,139
oasis,32,qsf,atlas_random_aligned,3,1,0.02258856128451903,0.0005364552055873317,0.02258856128451903,0.029564458034618993,0.045580657691439735,0.0489855715613106,0,139,139
oasis,32,qsf,atlas_random_aligned,3,2,0.020812713860559242,0.00045035841268902807,0.020812713860559242,0.026450685442756007,0.034821349760625966,0.0454788630637972,0,139,139
oasis,32,qsf,atlas_random_aligned,3,3,0.023630877488352638,0.000584087671591459,0.023630877488352638,0.031194017389352728,0.04203836534289589,0.0522063065174648,0,139,139
oasis,32,qsf,atlas_random_aligned,4,1,0.022886075099680894,0.0005594843451812273,0.022886075099680894,0.030567754087418155,0.04446256901880987,0.064366917384783,0,139,139
oasis,32,qsf,atlas_random_aligned,4,2,0.022115394220196965,0.0005240430801281619,0.022115394220196965,0.030411053250284797,0.035816523259659526,0.0702719751252495,0,139,139
oasis,32,qsf,atlas_random_aligned,4,3,0.02381588038741513,0.0005955003680165021,0.02381588038741513,0.03178403661866818,0.03741416008481898,0.0610845574251229,0,139,139
oasis,32,qsf,atlas_random_aligned,5,1,0.02343817445645145,0.0005765141006400943,0.02343817445645145,0.03555807451926985,0.038674386138740725,0.0485131085378829,0,139,139
oasis,32,qsf,atlas_random_aligned,5,2,0.021845173920835237,0.0005032108590951447,0.021845173920835237,0.029857106107891145,0.040844769436024525,0.0470427576750753,0,139,139
oasis,32,qsf,atlas_random_aligned,5,3,0.024837615623337295,0.0006504137401925338,0.024837615623337295,0.03637890194800029,0.045128783305680265,0.0548955027993493,0,139,139
oasis,32,qsf,atlas_random_mean,1,1,0.13738900210118868,0.02140982883650365,0.13738900210118868,0.18478341861266312,0.36456627439512634,0.3836173298436859,0,139,139
oasis,32,qsf,atlas_random_mean,1,2,0.13727881644694773,0.02138825183467159,0.13727881644694773,0.18759460673418374,0.368734895575849,0.3743018720868541,0,139,139
oasis,32,qsf,atlas_random_mean,1,3,0.13903943412806524,0.021832937456548,0.13903943412806524,0.19699904098030357,0.3588275844555267,0.3754811214122378,0,139,139
oasis,32,qsf,atlas_random_mean,2,1,0.13693555489463874,0.020842967912880685,0.13693555489463874,0.1798566958500616,0.31362525572075234,0.4432654098062407,0,139,139
oasis,32,qsf,atlas_random_mean,2,2,0.13689040927802051,0.020924246538336053,0.13689040927802051,0.18351130680778382,0.31866589381172705,0.4520439834810298,0,139,139
oasis,32,qsf,atlas_random_mean,2,3,0.13785354023501215,0.02116794147676493,0.13785354023501215,0.19091247629054683,0.31092438791306204,0.4394109999429702,0,139,139
oasis,32,qsf,atlas_random_mean,3,1,0.13391619642797628,0.02001309125942919,0.13391619642797628,0.18083880013749218,0.31250534075283476,0.4433409607023069,0,139,139
oasis,32,qsf,atlas_random_mean,3,2,0.1334711432110502,0.01998174020398534,0.1334711432110502,0.1818104402851129,0.31629127039203725,0.4519113574515719,0,139,139
oasis,32,qsf,atlas_random_mean,3,3,0.13580162242122784,0.020578430414160426,0.13580162242122784,0.1951617083635982,0.3081464655900118,0.4393632425379693,0,139,139
oasis,32,qsf,atlas_random_mean,4,1,0.13558225884294461,0.020134298648463247,0.13558225884294461,0.2008489173010991,0.3028958208398889,0.3595446954336959,0,139,139
oasis,32,qsf,atlas_random_mean,4,2,0.13522465487977828,0.020109982565534514,0.13522465487977828,0.20065337126468027,0.3056558056571383,0.3650004752232471,0,139,139
oasis,32,qsf,atlas_random_mean,4,3,0.13704322826429036,0.02057534552927918,0.13704322826429036,0.20628766182654837,0.2962380242987523,0.358787796336711,0,139,139
oasis,32,qsf,atlas_random_mean,5,1,0.1347143505163465,0.019946556261100507,0.1347143505163465,0.18153280275771458,0.2719429316233429,0.443780504356907,0,139,139
oasis,32,qsf,atlas_random_mean,5,2,0.1341768562326266,0.019879958975019818,0.1341768562326266,0.18014134254970993,0.27816070630655937,0.4524658031541464,0,139,139
oasis,32,qsf,atlas_random_mean,5,3,0.13614764567938262,0.020440180520362644,0.13614764567938262,0.19503062928443168,0.27925921364740164,0.4400289128220818,0,139,139
oasis,32,qsf,atlas_selected_aligned,1,1,0.023629065950347132,0.0006037225673249662,0.023629065950347132,0.03260902945350251,0.05586539730704507,0.0671960199002177,0,139,139
oasis,32,qsf,atlas_selected_aligned,1,2,0.02198253860465851,0.0005224059410011633,0.02198253860465851,0.029708498121423992,0.05006345805906576,0.0650841745929716,0,139,139
oasis,32,qsf,atlas_selected_aligned,1,3,0.024248567801031882,0.0006343672131449776,0.024248567801031882,0.03541501947041352,0.059514595296505525,0.0638143588130218,0,139,139
oasis,32,qsf,atlas_selected_aligned,2,1,0.023367668174961814,0.0005740346710433231,0.023367668174961814,0.0325304226485819,0.043288951463054864,0.0501415540007426,0,139,139
oasis,32,qsf,atlas_selected_aligned,2,2,0.02219883085059803,0.000523095012228687,0.02219883085059803,0.032743801240064735,0.04543586491629804,0.0478539293526665,0,139,139
oasis,32,qsf,atlas_selected_aligned,2,3,0.02392726879340121,0.0005996067578081893,0.02392726879340121,0.03160697371597813,0.04375549307724547,0.0513403817285242,0,139,139
oasis,32,qsf,atlas_selected_aligned,3,1,0.022696804787306138,0.0005423598191949584,0.022696804787306138,0.029434228978023967,0.04621805344366967,0.050370908225835,0,139,139
oasis,32,qsf,atlas_selected_aligned,3,2,0.020799404214081153,0.0004510913064270251,0.020799404214081153,0.02628822947587767,0.03531199020498086,0.04763193266624,0,139,139
oasis,32,qsf,atlas_selected_aligned,3,3,0.023301841264562796,0.0005683544927228194,0.023301841264562796,0.030316249271012133,0.04138753765218188,0.0517770545778347,0,139,139
oasis,32,qsf,atlas_selected_aligned,4,1,0.0231629751056607,0.0005732604550839828,0.0231629751056607,0.030453968509712773,0.044697625868196034,0.0664142735064567,0,139,139
oasis,32,qsf,atlas_selected_aligned,4,2,0.021665610827997162,0.0004995000237338878,0.021665610827997162,0.029691504376708908,0.03407677985283589,0.064983381413604,0,139,139
oasis,32,qsf,atlas_selected_aligned,4,3,0.02327831472121026,0.000571910339582718,0.02327831472121026,0.031139785357602916,0.03739474924862543,0.0631926854599157,0,139,139
oasis,32,qsf,atlas_selected_aligned,5,1,0.023388999053626056,0.0005732387886286417,0.023388999053626056,0.03241246946452963,0.037947876866132914,0.050213773008807,0,139,139
oasis,32,qsf,atlas_selected_aligned,5,2,0.021644475193173716,0.0004946538082001913,0.021644475193173716,0.029265603577125543,0.04108277575477445,0.0474905988369094,0,139,139
oasis,32,qsf,atlas_selected_aligned,5,3,0.024193591403696035,0.0006171857492057942,0.024193591403696035,0.03620364102515689,0.04481154289941018,0.05153125144319,0,139,139
oasis,32,qsf,atlas_selected_mean,1,1,0.13738900210118868,0.02140982883650365,0.13738900210118868,0.18478341861266312,0.36456627439512634,0.3836173298436859,0,139,139
oasis,32,qsf,atlas_selected_mean,1,2,0.13727881644694773,0.02138825183467159,0.13727881644694773,0.18759460673418374,0.368734895575849,0.3743018720868541,0,139,139
oasis,32,qsf,atlas_selected_mean,1,3,0.13903943412806524,0.021832937456548,0.13903943412806524,0.19699904098030357,0.3588275844555267,0.3754811214122378,0,139,139
oasis,32,qsf,atlas_selected_mean,2,1,0.13693555489463874,0.020842967912880685,0.13693555489463874,0.1798566958500616,0.31362525572075234,0.4432654098062407,0,139,139
oasis,32,qsf,atlas_selected_mean,2,2,0.13689040927802051,0.020924246538336053,0.13689040927802051,0.18351130680778382,0.31866589381172705,0.4520439834810298,0,139,139
oasis,32,qsf,atlas_selected_mean,2,3,0.13785354023501215,0.02116794147676493,0.13785354023501215,0.19091247629054683,0.31092438791306204,0.4394109999429702,0,139,139
oasis,32,qsf,atlas_selected_mean,3,1,0.13391619642797628,0.02001309125942919,0.13391619642797628,0.18083880013749218,0.31250534075283476,0.4433409607023069,0,139,139
oasis,32,qsf,atlas_selected_mean,3,2,0.1334711432110502,0.01998174020398534,0.1334711432110502,0.1818104402851129,0.31629127039203725,0.4519113574515719,0,139,139
oasis,32,qsf,atlas_selected_mean,3,3,0.13580162242122784,0.020578430414160426,0.13580162242122784,0.1951617083635982,0.3081464655900118,0.4393632425379693,0,139,139
oasis,32,qsf,atlas_selected_mean,4,1,0.13558225884294461,0.020134298648463247,0.13558225884294461,0.2008489173010991,0.3028958208398889,0.3595446954336959,0,139,139
oasis,32,qsf,atlas_selected_mean,4,2,0.13522465487977828,0.020109982565534514,0.13522465487977828,0.20065337126468027,0.3056558056571383,0.3650004752232471,0,139,139
oasis,32,qsf,atlas_selected_mean,4,3,0.13704322826429036,0.02057534552927918,0.13704322826429036,0.20628766182654837,0.2962380242987523,0.358787796336711,0,139,139
oasis,32,qsf,atlas_selected_mean,5,1,0.1347143505163465,0.019946556261100507,0.1347143505163465,0.18153280275771458,0.2719429316233429,0.443780504356907,0,139,139
oasis,32,qsf,atlas_selected_mean,5,2,0.1341768562326266,0.019879958975019818,0.1341768562326266,0.18014134254970993,0.27816070630655937,0.4524658031541464,0,139,139
oasis,32,qsf,atlas_selected_mean,5,3,0.13614764567938262,0.020440180520362644,0.13614764567938262,0.19503062928443168,0.27925921364740164,0.4400289128220818,0,139,139
oasis,32,qsf,floor_random_robust,1,1,0.05462481078590394,0.0032124153335669255,0.05462481078590394,0.07755901192008029,0.12823386875030723,0.1570285571990631,0,139,139
oasis,32,qsf,floor_random_robust,1,2,0.052706728520867954,0.002985509100914454,0.052706728520867954,0.07344691141926651,0.09614658038052612,0.1770951781529132,0,139,139
oasis,32,qsf,floor_random_robust,1,3,0.05878786040431805,0.003792488861318593,0.05878786040431805,0.0812593609559022,0.14198109109722845,0.2007163781851365,0,139,139
oasis,32,qsf,floor_random_robust,2,1,0.05334675649236836,0.0030211845129296507,0.05334675649236836,0.06811595572363821,0.11947392849533196,0.1471945537764224,0,139,139
oasis,32,qsf,floor_random_robust,2,2,0.05356734848046772,0.0030495003157217956,0.05356734848046772,0.07015369208094113,0.10699314521034606,0.1636826641595741,0,139,139
oasis,32,qsf,floor_random_robust,2,3,0.052678537732386406,0.003027598912156655,0.052678537732386406,0.07121024824148618,0.10762607984103519,0.1923493251711494,0,139,139
oasis,32,qsf,floor_random_robust,3,1,0.05366648745232733,0.0029789897967273625,0.05366648745232733,0.07325445967629465,0.08685197700531401,0.1088900826636155,0,139,139
oasis,32,qsf,floor_random_robust,3,2,0.05201077808453012,0.0027976327060756233,0.05201077808453012,0.0720650992442569,0.08171425274424013,0.0965826090561272,0,139,139
oasis,32,qsf,floor_random_robust,3,3,0.055304952177423955,0.0031702259442486615,0.055304952177423955,0.07451170740746667,0.09607037506589575,0.0999038246783785,0,139,139
oasis,32,qsf,floor_random_robust,4,1,0.054966000826114664,0.003234841249822672,0.054966000826114664,0.0714475914173788,0.09193649099182583,0.1957657781008416,0,139,139
oasis,32,qsf,floor_random_robust,4,2,0.05660027467446103,0.003663038960007586,0.05660027467446103,0.06987113093704911,0.09194054385383477,0.2896691035493207,0,139,139
oasis,32,qsf,floor_random_robust,4,3,0.0531757208741158,0.0029985766527658867,0.0531757208741158,0.07123777357015697,0.09360056166493026,0.1625391131823434,0,139,139
oasis,32,qsf,floor_random_robust,5,1,0.05374013867997808,0.003043197434306595,0.05374013867997808,0.07545447175690896,0.10854394182471584,0.1198201541202747,0,139,139
oasis,32,qsf,floor_random_robust,5,2,0.05524204270387964,0.003237917512361008,0.05524204270387964,0.07674515536839979,0.11655376465916434,0.1375322530327034,0,139,139
oasis,32,qsf,floor_random_robust,5,3,0.060036190065069675,0.0038843585245586115,0.060036190065069675,0.08661904660359845,0.11543793515565146,0.191912064947591,0,139,139
oasis,32,qsf,ordinary_selected,1,1,0.04960204628445557,0.002746548348690059,0.04960204628445557,0.07023638023233422,0.1437050627493975,0.1548682527457862,0,139,139
oasis,32,qsf,ordinary_selected,1,2,0.04639078877437545,0.0025180643439445508,0.04639078877437545,0.06410421848532298,0.1430049723413125,0.200652878107715,0,139,139
oasis,32,qsf,ordinary_selected,1,3,0.05182097265580403,0.002970988547322992,0.05182097265580403,0.07151533199214706,0.13319563270493467,0.1753911217356137,0,139,139
oasis,32,qsf,ordinary_selected,2,1,0.04883207609850828,0.002667973546914961,0.04883207609850828,0.06618076959639062,0.11620326612184939,0.199173711120771,0,139,139
oasis,32,qsf,ordinary_selected,2,2,0.043787950134880925,0.0020722140160155523,0.043787950134880925,0.05944338106078777,0.09786453801907623,0.1403471040045143,0,139,139
oasis,32,qsf,ordinary_selected,2,3,0.05050356223879471,0.0028613902454887523,0.05050356223879471,0.07077960438171184,0.13880473917156902,0.1633308888871422,0,139,139
oasis,32,qsf,ordinary_selected,3,1,0.0503017406888124,0.002678569437091347,0.0503017406888124,0.06909955757004521,0.0950499889643341,0.1350534629274001,0,139,139
oasis,32,qsf,ordinary_selected,3,2,0.044076755798463756,0.0020570103759249302,0.044076755798463756,0.06267934421496786,0.08750031831427693,0.0957290578234774,0,139,139
oasis,32,qsf,ordinary_selected,3,3,0.050818284970606795,0.0027901744677861517,0.050818284970606795,0.06988296939821766,0.11550442089439023,0.1506112764156708,0,139,139
oasis,32,qsf,ordinary_selected,4,1,0.047082384475495516,0.0023483358450453345,0.047082384475495516,0.06495725037180805,0.09188308597655169,0.1262856038509568,0,139,139
oasis,32,qsf,ordinary_selected,4,2,0.04363218199078465,0.0021753062028042557,0.04363218199078465,0.06152356401619036,0.07919299594949719,0.2123305068674193,0,139,139
oasis,32,qsf,ordinary_selected,4,3,0.050783807115091714,0.0028243211087754395,0.050783807115091714,0.07146412648880193,0.12214039937897236,0.1718749803408292,0,139,139
oasis,32,qsf,ordinary_selected,5,1,0.048541021127821424,0.0025547603933153504,0.048541021127821424,0.06988920865536097,0.11658143292708775,0.1395439824766745,0,139,139
oasis,32,qsf,ordinary_selected,5,2,0.044538427196642784,0.0021124632400146524,0.044538427196642784,0.06210372930943359,0.09775999113713452,0.1113602538072229,0,139,139
oasis,32,qsf,ordinary_selected,5,3,0.05199004089192849,0.002966947439325379,0.05199004089192849,0.07047713174703761,0.12486615454305854,0.1743661510184239,0,139,139
oasis,32,qsf,random_bounded_residual,1,1,0.04981996610173663,0.0026793638690096573,0.04981996610173663,0.07439231370604818,0.11660792864556527,0.1374691898886248,0,139,139
oasis,32,qsf,random_bounded_residual,1,2,0.046464540852812916,0.0023578948774627285,0.046464540852812916,0.06851126934739486,0.09070536446338073,0.1662775065876334,0,139,139
oasis,32,qsf,random_bounded_residual,1,3,0.05392949906471053,0.0031433775969957737,0.05392949906471053,0.07714301672121307,0.12423427920289232,0.1660755429368863,0,139,139
oasis,32,qsf,random_bounded_residual,2,1,0.04884178750239097,0.0025967941703333754,0.04884178750239097,0.06729350634150176,0.10432572143328753,0.1744401805747606,0,139,139
oasis,32,qsf,random_bounded_residual,2,2,0.04744692438585033,0.002411281369907355,0.04744692438585033,0.06411351654755819,0.10143659273477207,0.1420007149959733,0,139,139
oasis,32,qsf,random_bounded_residual,2,3,0.04807264298201868,0.0025402687983730756,0.04807264298201868,0.06687201350230687,0.0950725983765031,0.1803593940443676,0,139,139
oasis,32,qsf,random_bounded_residual,3,1,0.050312950878829976,0.0026204723638780614,0.050312950878829976,0.07011516051110038,0.08078710241255783,0.0868193750708477,0,139,139
oasis,32,qsf,random_bounded_residual,3,2,0.046936958791978074,0.002308842712324674,0.046936958791978074,0.06799348425152063,0.08015613222426371,0.0973182225301317,0,139,139
oasis,32,qsf,random_bounded_residual,3,3,0.050364375176318546,0.0026442166247917596,0.050364375176318546,0.0713917289563893,0.08865578133963822,0.0929058571421604,0,139,139
oasis,32,qsf,random_bounded_residual,4,1,0.05105239926373842,0.0027860604613263746,0.05105239926373842,0.07194920283334932,0.08867302061344885,0.1681549586831302,0,139,139
oasis,32,qsf,random_bounded_residual,4,2,0.051662046568871516,0.002855698969919317,0.051662046568871516,0.07008554489709284,0.08682795612005537,0.1770636904912927,0,139,139
oasis,32,qsf,random_bounded_residual,4,3,0.04920190464327292,0.0025604801755407234,0.04920190464327292,0.06517023647195178,0.09171637072128826,0.1349281838804207,0,139,139
oasis,32,qsf,random_bounded_residual,5,1,0.05063889911306464,0.0026982403287522886,0.05063889911306464,0.07354171930722965,0.09062045650912634,0.1120515732276118,0,139,139
oasis,32,qsf,random_bounded_residual,5,2,0.049904088865162385,0.0026572937493112496,0.049904088865162385,0.07185346536440683,0.10422047233886976,0.1227439943419282,0,139,139
oasis,32,qsf,random_bounded_residual,5,3,0.054940546801446964,0.0032488643328636305,0.054940546801446964,0.0806379646977773,0.1038574296443327,0.1668125062177828,0,139,139
oasis,32,qsf,random_ordinary,1,1,0.052313706053192806,0.0030074596427200856,0.052313706053192806,0.07331962978437127,0.13912398028455644,0.1482887809947103,0,139,139
oasis,32,qsf,random_ordinary,1,2,0.04868565502344645,0.002739625418606597,0.04868565502344645,0.0700851050241646,0.1309310406820655,0.213059946613097,0,139,139
oasis,32,qsf,random_ordinary,1,3,0.055517984611687034,0.0034462467519188337,0.055517984611687034,0.07648633450596584,0.15763797669825932,0.1931603651928227,0,139,139
oasis,32,qsf,random_ordinary,2,1,0.05089613417143489,0.0028711464288888942,0.05089613417143489,0.06984462770465664,0.11538058782424176,0.2023569161061615,0,139,139
oasis,32,qsf,random_ordinary,2,2,0.04903152124637056,0.0026053628722457396,0.04903152124637056,0.06704400904752704,0.11875365727139475,0.1472975856103058,0,139,139
oasis,32,qsf,random_ordinary,2,3,0.05050356223879471,0.0028613902454887523,0.05050356223879471,0.07077960438171184,0.13880473917156902,0.1633308888871422,0,139,139
oasis,32,qsf,random_ordinary,3,1,0.051391287472084254,0.002738599657319109,0.051391287472084254,0.07021888978184158,0.08830514642970083,0.0961758001050004,0,139,139
oasis,32,qsf,random_ordinary,3,2,0.04827820502830157,0.0024701232945150324,0.04827820502830157,0.07047788338891664,0.08805081006514805,0.1220761750456597,0,139,139
oasis,32,qsf,random_ordinary,3,3,0.05253897630952274,0.0029304460654258845,0.05253897630952274,0.07244663160120808,0.10392500705037315,0.1403511262318842,0,139,139
oasis,32,qsf,random_ordinary,4,1,0.052715157495562576,0.002937909557526166,0.052715157495562576,0.07316969659408869,0.09208022196259388,0.1533027334436249,0,139,139
oasis,32,qsf,random_ordinary,4,2,0.053133138051287006,0.0030844435753019385,0.053133138051287006,0.07397265678639212,0.09138395250174848,0.2103891653439444,0,139,139
oasis,32,qsf,random_ordinary,4,3,0.050783807115091714,0.0028243211087754395,0.050783807115091714,0.07146412648880193,0.12214039937897236,0.1718749803408292,0,139,139
oasis,32,qsf,random_ordinary,5,1,0.05228140460147819,0.002931478473904933,0.05228140460147819,0.07963519757955775,0.11697132398494794,0.1306801423200942,0,139,139
oasis,32,qsf,random_ordinary,5,2,0.051867329995694086,0.0028834734202437865,0.051867329995694086,0.07421607277790974,0.11658834815946909,0.1314730403622262,0,139,139
oasis,32,qsf,random_ordinary,5,3,0.05644587709498486,0.0034953216308435805,0.05644587709498486,0.08180563798541553,0.12492011818420168,0.1886173529114991,0,139,139
oasis,32,qsf,random_projection,1,1,0.05157266793310251,0.002967001906641478,0.05157266793310251,0.07376145354215467,0.14269614492442712,0.1469344843036341,0,139,139
oasis,32,qsf,random_projection,1,2,0.04809680799371712,0.0025824806158406023,0.04809680799371712,0.06938930796520279,0.10356115134767294,0.1918218452898327,0,139,139
oasis,32,qsf,random_projection,1,3,0.055517984611687034,0.0034462467519188337,0.055517984611687034,0.07648633450596584,0.15763797669825932,0.1931603651928227,0,139,139
oasis,32,qsf,random_projection,2,1,0.050458859082295936,0.0027413466857064022,0.050458859082295936,0.06984462770465664,0.11081898862605094,0.1610715841095145,0,139,139
oasis,32,qsf,random_projection,2,2,0.04900450614907103,0.002600613458386892,0.04900450614907103,0.06704400904752704,0.11862350134930588,0.1460105931540383,0,139,139
oasis,32,qsf,random_projection,2,3,0.05050356223879471,0.0028613902454887514,0.05050356223879471,0.07077960438171184,0.13880473917156902,0.1633308888871422,0,139,139
oasis,32,qsf,random_projection,3,1,0.051391287472084254,0.002738599657319109,0.051391287472084254,0.07021888978184158,0.08830514642970083,0.0961758001050004,0,139,139
oasis,32,qsf,random_projection,3,2,0.04817452322603521,0.0024537024379274017,0.04817452322603521,0.07048602512881265,0.08281621995971265,0.1220761750456597,0,139,139
oasis,32,qsf,random_projection,3,3,0.05231923147165639,0.002881572383588619,0.05231923147165639,0.07245442004763449,0.10150087464489421,0.1203699727179387,0,139,139
oasis,32,qsf,random_projection,4,1,0.05287838938825868,0.0029352432238258794,0.05287838938825868,0.07066583266650804,0.0864839108275553,0.1469204913969699,0,139,139
oasis,32,qsf,random_projection,4,2,0.053133138051287006,0.0030844435753019385,0.053133138051287006,0.07397265678639212,0.09138395250174848,0.2103891653439444,0,139,139
oasis,32,qsf,random_projection,4,3,0.050578424599942606,0.002772831562251395,0.050578424599942606,0.07146580451779087,0.1151970549491007,0.1614661524935619,0,139,139
oasis,32,qsf,random_projection,5,1,0.05181812016532033,0.0028376316448480016,0.05181812016532033,0.07540424190117258,0.10571370075992162,0.1102641788719499,0,139,139
oasis,32,qsf,random_projection,5,2,0.051867329995694086,0.0028834734202437865,0.051867329995694086,0.07421607277790974,0.11658834815946909,0.1314730403622262,0,139,139
oasis,32,qsf,random_projection,5,3,0.05644587709498486,0.0034953216308435805,0.05644587709498486,0.08180563798541553,0.12492011818420168,0.1886173529114991,0,139,139
oasis,32,qsf,random_robust,1,1,0.04981996610173663,0.0026793638690096573,0.04981996610173663,0.07439231370604818,0.11660792864556527,0.1374691898886248,0,139,139
oasis,32,qsf,random_robust,1,2,0.046464540852812916,0.0023578948774627285,0.046464540852812916,0.06851126934739486,0.09070536446338073,0.1662775065876334,0,139,139
oasis,32,qsf,random_robust,1,3,0.05392949906471053,0.0031433775969957737,0.05392949906471053,0.07714301672121307,0.12423427920289232,0.1660755429368863,0,139,139
oasis,32,qsf,random_robust,2,1,0.04884178750239097,0.0025967941703333754,0.04884178750239097,0.06729350634150176,0.10432572143328753,0.1744401805747606,0,139,139
oasis,32,qsf,random_robust,2,2,0.04744692438585033,0.002411281369907355,0.04744692438585033,0.06411351654755819,0.10143659273477207,0.1420007149959733,0,139,139
oasis,32,qsf,random_robust,2,3,0.04807264298201868,0.0025402687983730756,0.04807264298201868,0.06687201350230687,0.0950725983765031,0.1803593940443676,0,139,139
oasis,32,qsf,random_robust,3,1,0.050312950878829976,0.0026204723638780614,0.050312950878829976,0.07011516051110038,0.08078710241255783,0.0868193750708477,0,139,139
oasis,32,qsf,random_robust,3,2,0.046936958791978074,0.002308842712324674,0.046936958791978074,0.06799348425152063,0.08015613222426371,0.0973182225301317,0,139,139
oasis,32,qsf,random_robust,3,3,0.050364375176318546,0.0026442166247917596,0.050364375176318546,0.0713917289563893,0.08865578133963822,0.0929058571421604,0,139,139
oasis,32,qsf,random_robust,4,1,0.05105239926373842,0.0027860604613263746,0.05105239926373842,0.07194920283334932,0.08867302061344885,0.1681549586831302,0,139,139
oasis,32,qsf,random_robust,4,2,0.051662046568871516,0.002855698969919317,0.051662046568871516,0.07008554489709284,0.08682795612005537,0.1770636904912927,0,139,139
oasis,32,qsf,random_robust,4,3,0.04920190464327292,0.0025604801755407234,0.04920190464327292,0.06517023647195178,0.09171637072128826,0.1349281838804207,0,139,139
oasis,32,qsf,random_robust,5,1,0.05063889911306464,0.0026982403287522886,0.05063889911306464,0.07354171930722965,0.09062045650912634,0.1120515732276118,0,139,139
oasis,32,qsf,random_robust,5,2,0.049904088865162385,0.0026572937493112496,0.049904088865162385,0.07185346536440683,0.10422047233886976,0.1227439943419282,0,139,139
oasis,32,qsf,random_robust,5,3,0.054940546801446964,0.0032488643328636305,0.054940546801446964,0.0806379646977773,0.1038574296443327,0.1668125062177828,0,139,139
oasis,32,qsf,selected_bounded_residual,1,1,0.047434588718220094,0.0024059429684418123,0.047434588718220094,0.06708247569683583,0.09426641687637904,0.1398063353044212,0,139,139
oasis,32,qsf,selected_bounded_residual,1,2,0.0440863016631492,0.002106610374856464,0.0440863016631492,0.06200506217284809,0.10295383967428597,0.1379971075650488,0,139,139
oasis,32,qsf,selected_bounded_residual,1,3,0.0497936037922213,0.0026902470634953086,0.0497936037922213,0.07104716944002333,0.11193950205552029,0.1573429922480545,0,139,139
oasis,32,qsf,selected_bounded_residual,2,1,0.04693711507522131,0.002361231748318307,0.04693711507522131,0.06466116331552156,0.10359616578183137,0.1380293047490051,0,139,139
oasis,32,qsf,selected_bounded_residual,2,2,0.04195530457680362,0.0019041684406562313,0.04195530457680362,0.05839766800375029,0.08496925026404968,0.1441267915142298,0,139,139
oasis,32,qsf,selected_bounded_residual,2,3,0.04807264298201868,0.0025402687983730756,0.04807264298201868,0.06687201350230687,0.0950725983765031,0.1803593940443676,0,139,139
oasis,32,qsf,selected_bounded_residual,3,1,0.048439764045927654,0.002464501646595405,0.048439764045927654,0.06795114963935152,0.08378144992557601,0.1185453447867568,0,139,139
oasis,32,qsf,selected_bounded_residual,3,2,0.04218368308712575,0.0018792189602667348,0.04218368308712575,0.06154507892206975,0.0815094508993277,0.0918837002918453,0,139,139
oasis,32,qsf,selected_bounded_residual,3,3,0.049166534079855224,0.002533314288905404,0.049166534079855224,0.06903888344368332,0.087283643208428,0.105549721991228,0,139,139
oasis,32,qsf,selected_bounded_residual,4,1,0.04577031059683987,0.0022153103779248232,0.04577031059683987,0.06417867173637391,0.07987312067553852,0.13157412573405,0,139,139
oasis,32,qsf,selected_bounded_residual,4,2,0.04185574404556618,0.0019031060964569374,0.04185574404556618,0.05702712769048557,0.07315583574020697,0.1572401900536804,0,139,139
oasis,32,qsf,selected_bounded_residual,4,3,0.04942879999192267,0.00255334364097926,0.04942879999192267,0.06371202703292511,0.08561360349771621,0.122281893676379,0,139,139
oasis,32,qsf,selected_bounded_residual,5,1,0.046881793437884546,0.0023329620515355415,0.046881793437884546,0.06867778091888871,0.0863519417747442,0.1217233432136041,0,139,139
oasis,32,qsf,selected_bounded_residual,5,2,0.04246606092756468,0.0019144394963849971,0.04246606092756468,0.06025909622204386,0.08401397570214712,0.1079882059463815,0,139,139
oasis,32,qsf,selected_bounded_residual,5,3,0.05034769891690732,0.0026884154034059467,0.05034769891690732,0.06785216822610919,0.09509204976788695,0.1404226684200381,0,139,139
oasis,32,qsf,selected_projection,1,1,0.04924034958857551,0.002650783616861164,0.04924034958857551,0.07023638023233422,0.12594726066554404,0.1455745299031274,0,139,139
oasis,32,qsf,selected_projection,1,2,0.04591251386492789,0.002379935027688556,0.04591251386492789,0.06410421848532298,0.12129856153492927,0.1794110302526358,0,139,139
oasis,32,qsf,selected_projection,1,3,0.05102165116201576,0.002855282271203001,0.05102165116201576,0.07388281583805884,0.11828667591007871,0.1719449408209593,0,139,139
oasis,32,qsf,selected_projection,2,1,0.048395161319247704,0.002533801561075387,0.048395161319247704,0.06614062533745114,0.11070977908278766,0.1537293865490068,0,139,139
oasis,32,qsf,selected_projection,2,2,0.043787950134880925,0.0020722140160155523,0.043787950134880925,0.05944338106078777,0.09786453801907623,0.1403471040045143,0,139,139
oasis,32,qsf,selected_projection,2,3,0.05050356223879471,0.0028613902454887514,0.05050356223879471,0.07077960438171184,0.13880473917156902,0.1633308888871422,0,139,139
oasis,32,qsf,selected_projection,3,1,0.049586787891712975,0.002596838123401268,0.049586787891712975,0.06840847874650165,0.08498131727373887,0.135050391556029,0,139,139
oasis,32,qsf,selected_projection,3,2,0.04399883613508685,0.00204293595888071,0.04399883613508685,0.06267934421496786,0.0834175732775882,0.0914832972539081,0,139,139
oasis,32,qsf,selected_projection,3,3,0.050566934944706626,0.0027261704688975206,0.050566934944706626,0.06988296939821766,0.10771560140495608,0.132378091193492,0,139,139
oasis,32,qsf,selected_projection,4,1,0.04697166374067092,0.002328385124358921,0.04697166374067092,0.06495725037180805,0.0823411730493676,0.1262856038509568,0,139,139
oasis,32,qsf,selected_projection,4,2,0.043533201798970904,0.002134896026346803,0.043533201798970904,0.06152356401619036,0.07913569842707885,0.1987230431590418,0,139,139
oasis,32,qsf,selected_projection,4,3,0.05075900263108087,0.002733609358937157,0.05075900263108087,0.06623669377171977,0.1073337993591615,0.1384458758884831,0,139,139
oasis,32,qsf,selected_projection,5,1,0.048541021127821424,0.0025547603933153504,0.048541021127821424,0.06988920865536097,0.11658143292708775,0.1395439824766745,0,139,139
oasis,32,qsf,selected_projection,5,2,0.044392481638814825,0.0020829188860042465,0.044392481638814825,0.06210372930943359,0.09335952125663524,0.0995984292891918,0,139,139
oasis,32,qsf,selected_projection,5,3,0.05155974471599888,0.002869603982951286,0.05155974471599888,0.06958331056007812,0.11267349984166034,0.1591292189700836,0,139,139
oasis,32,qsf,selected_robust,1,1,0.047434588718220094,0.0024059429684418123,0.047434588718220094,0.06708247569683583,0.09426641687637904,0.1398063353044212,0,139,139
oasis,32,qsf,selected_robust,1,2,0.0440863016631492,0.002106610374856464,0.0440863016631492,0.06200506217284809,0.10295383967428597,0.1379971075650488,0,139,139
oasis,32,qsf,selected_robust,1,3,0.0497936037922213,0.0026902470634953086,0.0497936037922213,0.07104716944002333,0.11193950205552029,0.1573429922480545,0,139,139
oasis,32,qsf,selected_robust,2,1,0.04693711507522131,0.002361231748318307,0.04693711507522131,0.06466116331552156,0.10359616578183137,0.1380293047490051,0,139,139
oasis,32,qsf,selected_robust,2,2,0.04195530457680362,0.0019041684406562313,0.04195530457680362,0.05839766800375029,0.08496925026404968,0.1441267915142298,0,139,139
oasis,32,qsf,selected_robust,2,3,0.04807264298201868,0.0025402687983730756,0.04807264298201868,0.06687201350230687,0.0950725983765031,0.1803593940443676,0,139,139
oasis,32,qsf,selected_robust,3,1,0.048439764045927654,0.002464501646595405,0.048439764045927654,0.06795114963935152,0.08378144992557601,0.1185453447867568,0,139,139
oasis,32,qsf,selected_robust,3,2,0.04218368308712575,0.0018792189602667348,0.04218368308712575,0.06154507892206975,0.0815094508993277,0.0918837002918453,0,139,139
oasis,32,qsf,selected_robust,3,3,0.049166534079855224,0.002533314288905404,0.049166534079855224,0.06903888344368332,0.087283643208428,0.105549721991228,0,139,139
oasis,32,qsf,selected_robust,4,1,0.04577031059683987,0.0022153103779248232,0.04577031059683987,0.06417867173637391,0.07987312067553852,0.13157412573405,0,139,139
oasis,32,qsf,selected_robust,4,2,0.04185574404556618,0.0019031060964569374,0.04185574404556618,0.05702712769048557,0.07315583574020697,0.1572401900536804,0,139,139
oasis,32,qsf,selected_robust,4,3,0.04942879999192267,0.00255334364097926,0.04942879999192267,0.06371202703292511,0.08561360349771621,0.122281893676379,0,139,139
oasis,32,qsf,selected_robust,5,1,0.046881793437884546,0.0023329620515355415,0.046881793437884546,0.06867778091888871,0.0863519417747442,0.1217233432136041,0,139,139
oasis,32,qsf,selected_robust,5,2,0.04246606092756468,0.0019144394963849971,0.04246606092756468,0.06025909622204386,0.08401397570214712,0.1079882059463815,0,139,139
oasis,32,qsf,selected_robust,5,3,0.05034769891690732,0.0026884154034059467,0.05034769891690732,0.06785216822610919,0.09509204976788695,0.1404226684200381,0,139,139
oasis,32,qsf,selected_sources_ordinary,1,1,0.04960204628445557,0.002746548348690059,0.04960204628445557,0.07023638023233422,0.1437050627493975,0.1548682527457862,0,139,139
oasis,32,qsf,selected_sources_ordinary,1,2,0.04639078877437545,0.0025180643439445508,0.04639078877437545,0.06410421848532298,0.1430049723413125,0.200652878107715,0,139,139
oasis,32,qsf,selected_sources_ordinary,1,3,0.052154424294748036,0.003044880522907268,0.052154424294748036,0.07494102901334737,0.1363677924664413,0.1954674368421529,0,139,139
oasis,32,qsf,selected_sources_ordinary,2,1,0.04883207609850828,0.002667973546914961,0.04883207609850828,0.06618076959639062,0.11620326612184939,0.199173711120771,0,139,139
oasis,32,qsf,selected_sources_ordinary,2,2,0.043787950134880925,0.0020722140160155523,0.043787950134880925,0.05944338106078777,0.09786453801907623,0.1403471040045143,0,139,139
oasis,32,qsf,selected_sources_ordinary,2,3,0.05050356223879471,0.0028613902454887523,0.05050356223879471,0.07077960438171184,0.13880473917156902,0.1633308888871422,0,139,139
oasis,32,qsf,selected_sources_ordinary,3,1,0.0503017406888124,0.002678569437091347,0.0503017406888124,0.06909955757004521,0.0950499889643341,0.1350534629274001,0,139,139
oasis,32,qsf,selected_sources_ordinary,3,2,0.044076755798463756,0.0020570103759249302,0.044076755798463756,0.06267934421496786,0.08750031831427693,0.0957290578234774,0,139,139
oasis,32,qsf,selected_sources_ordinary,3,3,0.050818284970606795,0.0027901744677861517,0.050818284970606795,0.06988296939821766,0.11550442089439023,0.1506112764156708,0,139,139
oasis,32,qsf,selected_sources_ordinary,4,1,0.047082384475495516,0.0023483358450453345,0.047082384475495516,0.06495725037180805,0.09188308597655169,0.1262856038509568,0,139,139
oasis,32,qsf,selected_sources_ordinary,4,2,0.04363218199078465,0.0021753062028042557,0.04363218199078465,0.06152356401619036,0.07919299594949719,0.2123305068674193,0,139,139
oasis,32,qsf,selected_sources_ordinary,4,3,0.051598503090788096,0.0028658139394783463,0.051598503090788096,0.06507620414392933,0.12403175384712556,0.1512136555472612,0,139,139
oasis,32,qsf,selected_sources_ordinary,5,1,0.048541021127821424,0.0025547603933153504,0.048541021127821424,0.06988920865536097,0.11658143292708775,0.1395439824766745,0,139,139
oasis,32,qsf,selected_sources_ordinary,5,2,0.044538427196642784,0.0021124632400146524,0.044538427196642784,0.06210372930943359,0.09775999113713452,0.1113602538072229,0,139,139
oasis,32,qsf,selected_sources_ordinary,5,3,0.05199004089192849,0.002966947439325379,0.05199004089192849,0.07047713174703761,0.12486615454305854,0.1743661510184239,0,139,139
oasis,32,qsf,spatial_robust,1,1,0.04502463962193833,0.0021462918247633516,0.04502463962193833,0.06322037515366975,0.09652327728071558,0.10545982104247,0,139,139
oasis,32,qsf,spatial_robust,1,2,0.044469421696969415,0.002115326369915633,0.044469421696969415,0.06149221438253932,0.08982402351250311,0.1368719587608753,0,139,139
oasis,32,qsf,spatial_robust,1,3,0.04715296868612065,0.002402760210543156,0.04715296868612065,0.06638668905256148,0.11218811888017448,0.1411306343744971,0,139,139
oasis,32,qsf,spatial_robust,2,1,0.045284158982379606,0.0022170646806150716,0.045284158982379606,0.06048297349700759,0.09934633374215875,0.1491112863176219,0,139,139
oasis,32,qsf,spatial_robust,2,2,0.04310993882174497,0.0020056180910521335,0.04310993882174497,0.05946214614097796,0.10424492636530748,0.1241457890328067,0,139,139
oasis,32,qsf,spatial_robust,2,3,0.0476405553971362,0.002472219859808587,0.0476405553971362,0.06730459735935655,0.10070507989059013,0.1592309105889695,0,139,139
oasis,32,qsf,spatial_robust,3,1,0.045794446343280774,0.0022168098359651826,0.045794446343280774,0.06048666087646154,0.08014050160285716,0.130790001214303,0,139,139
oasis,32,qsf,spatial_robust,3,2,0.044184974944411884,0.0020508107236779424,0.044184974944411884,0.06078819843432366,0.07718808646573067,0.1065019569818448,0,139,139
oasis,32,qsf,spatial_robust,3,3,0.0476036592943958,0.0023833562244531233,0.0476036592943958,0.06721659289588268,0.0902722937455225,0.1022394167785011,0,139,139
oasis,32,qsf,spatial_robust,4,1,0.04400557580651231,0.002068092055553897,0.04400557580651231,0.05724961541206835,0.07562936052376523,0.1496251101423498,0,139,139
oasis,32,qsf,spatial_robust,4,2,0.04257886457065173,0.0019517880815753499,0.04257886457065173,0.05977599767295174,0.07420896430401631,0.1487257821673722,0,139,139
oasis,32,qsf,spatial_robust,4,3,0.046119563556242534,0.002267472799031061,0.046119563556242534,0.06082099732931353,0.0861922411118536,0.1463457400045012,0,139,139
oasis,32,qsf,spatial_robust,5,1,0.04580667916422129,0.0022413192099340713,0.04580667916422129,0.06409766281722015,0.09603427650825841,0.1231206893581749,0,139,139
oasis,32,qsf,spatial_robust,5,2,0.04415971163617138,0.0020787332588069166,0.04415971163617138,0.06134591106682723,0.09298644843935831,0.1095454355869703,0,139,139
oasis,32,qsf,spatial_robust,5,3,0.0484261537570862,0.002544168022022128,0.0484261537570862,0.06823833505897987,0.09743401513745754,0.1625468603278111,0,139,139
oasis,32,qsf,template_random_bounded_residual,1,1,0.030182814563738475,0.0010638022538264336,0.030182814563738475,0.05539722773971748,0.06784051023333969,0.1086353875466451,0,139,139
oasis,32,qsf,template_random_bounded_residual,1,2,0.027080755768580246,0.0008513750805480007,0.027080755768580246,0.04366989229303167,0.07191863045766576,0.0935975639318614,0,139,139
oasis,32,qsf,template_random_bounded_residual,1,3,0.0319021799673142,0.0011800724937312771,0.0319021799673142,0.056724234415582345,0.07178069879652918,0.105154703611563,0,139,139
oasis,32,qsf,template_random_bounded_residual,2,1,0.02702796284639159,0.0008050746366877935,0.02702796284639159,0.04025543400987677,0.0573799589265448,0.0629320824795365,0,139,139
oasis,32,qsf,template_random_bounded_residual,2,2,0.026322379457974433,0.0007596198267895417,0.026322379457974433,0.04365227815054577,0.05114708784679516,0.0581718833520176,0,139,139
oasis,32,qsf,template_random_bounded_residual,2,3,0.027634962788565334,0.0008295700842566835,0.027634962788565334,0.04328957978911277,0.05598942697948651,0.058982861539664,0,139,139
oasis,32,qsf,template_random_bounded_residual,3,1,0.029895593530497613,0.0010265997742446758,0.029895593530497613,0.05632326043948947,0.0650298497697115,0.0779924445255405,0,139,139
oasis,32,qsf,template_random_bounded_residual,3,2,0.027647293627467047,0.000887772484511995,0.027647293627467047,0.049810333657817195,0.06102472674741052,0.0774812203759994,0,139,139
oasis,32,qsf,template_random_bounded_residual,3,3,0.030386576399530393,0.0010510187163049935,0.030386576399530393,0.05421439634473699,0.06553993649790969,0.0791389071908594,0,139,139
oasis,32,qsf,template_random_bounded_residual,4,1,0.02869415909718177,0.0009226781076781165,0.02869415909718177,0.05251035661935599,0.05495678987476761,0.0801110202509385,0,139,139
oasis,32,qsf,template_random_bounded_residual,4,2,0.02863948930659316,0.0009438835525938217,0.02863948930659316,0.04695428324436026,0.07257790552437288,0.0956921196170791,0,139,139
oasis,32,qsf,template_random_bounded_residual,4,3,0.028366111541598134,0.0008986863836704567,0.028366111541598134,0.045424500223726544,0.06469426065399062,0.0796178414095288,0,139,139
oasis,32,qsf,template_random_bounded_residual,5,1,0.030549935943685512,0.0010501031938155712,0.030549935943685512,0.052615659858563375,0.0650769382607803,0.0673144689248883,0,139,139
oasis,32,qsf,template_random_bounded_residual,5,2,0.028989739688658405,0.0009526987814281282,0.028989739688658405,0.052448334624590254,0.06071135011952197,0.0654089090669145,0,139,139
oasis,32,qsf,template_random_bounded_residual,5,3,0.03347632172208283,0.0012881097191801971,0.03347632172208283,0.06067145456728175,0.07369715687036611,0.0768545741795377,0,139,139
oasis,32,qsf,template_random_projection,1,1,0.032611740908651786,0.0012500612271574118,0.032611740908651786,0.06059472539560927,0.07220214737623835,0.128892377943357,0,139,139
oasis,32,qsf,template_random_projection,1,2,0.030106809601811144,0.0010683650112018547,0.030106809601811144,0.05173401283813352,0.08318163618553213,0.1160152987276752,0,139,139
oasis,32,qsf,template_random_projection,1,3,0.0341957723526772,0.0013638614738216898,0.0341957723526772,0.06012747997714547,0.08225237850198448,0.1259915743116197,0,139,139
oasis,32,qsf,template_random_projection,2,1,0.029272421178611927,0.0009380244668338671,0.029272421178611927,0.0486404228995087,0.06455864288941968,0.066621069211872,0,139,139
oasis,32,qsf,template_random_projection,2,2,0.02863404273247777,0.000895291478678589,0.02863404273247777,0.04632744695847866,0.055854541985610524,0.0704473003512196,0,139,139
oasis,32,qsf,template_random_projection,2,3,0.02982812642710604,0.0009625009560714906,0.02982812642710604,0.046449483941131686,0.061243881897839705,0.0697243568575742,0,139,139
oasis,32,qsf,template_random_projection,3,1,0.032142021518076554,0.0011754885788559232,0.032142021518076554,0.059471256680673046,0.06633712959523878,0.0796119399928332,0,139,139
oasis,32,qsf,template_random_projection,3,2,0.03030863639592205,0.0010774107354237512,0.03030863639592205,0.05914208496983737,0.07522370047250573,0.0925147010204909,0,139,139
oasis,32,qsf,template_random_projection,3,3,0.03210915931097978,0.0011660130435105108,0.03210915931097978,0.05632157708658717,0.07445554493784583,0.0829355486237669,0,139,139
oasis,32,qsf,template_random_projection,4,1,0.031462487991062715,0.0011026639534795527,0.031462487991062715,0.05580250265967009,0.06640114066742203,0.0829506471531308,0,139,139
oasis,32,qsf,template_random_projection,4,2,0.03112693314892862,0.0011246060504207702,0.03112693314892862,0.049847597701511065,0.078261709831281,0.1159344211563129,0,139,139
oasis,32,qsf,template_random_projection,4,3,0.03033376181892354,0.0010278640120978337,0.03033376181892354,0.047812697215897856,0.07385368315142243,0.0848417978725036,0,139,139
oasis,32,qsf,template_random_projection,5,1,0.033023563339742594,0.0012092347793969719,0.033023563339742594,0.05508107795030043,0.06664313276447946,0.070907033288881,0,139,139
oasis,32,qsf,template_random_projection,5,2,0.031449602063109934,0.0011129667944713092,0.031449602063109934,0.05424348179993656,0.06465573615241513,0.0865947219822318,0,139,139
oasis,32,qsf,template_random_projection,5,3,0.0357900853156793,0.001457994464438975,0.0357900853156793,0.06496236858462276,0.07684000327651005,0.0800889104682144,0,139,139
oasis,32,qsf,template_random_robust,1,1,0.030182814563738475,0.0010638022538264336,0.030182814563738475,0.05539722773971748,0.06784051023333969,0.1086353875466451,0,139,139
oasis,32,qsf,template_random_robust,1,2,0.027080755768580246,0.0008513750805480007,0.027080755768580246,0.04366989229303167,0.07191863045766576,0.0935975639318614,0,139,139
oasis,32,qsf,template_random_robust,1,3,0.0319021799673142,0.0011800724937312771,0.0319021799673142,0.056724234415582345,0.07178069879652918,0.105154703611563,0,139,139
oasis,32,qsf,template_random_robust,2,1,0.02702796284639159,0.0008050746366877935,0.02702796284639159,0.04025543400987677,0.0573799589265448,0.0629320824795365,0,139,139
oasis,32,qsf,template_random_robust,2,2,0.026322379457974433,0.0007596198267895417,0.026322379457974433,0.04365227815054577,0.05114708784679516,0.0581718833520176,0,139,139
oasis,32,qsf,template_random_robust,2,3,0.027634962788565334,0.0008295700842566835,0.027634962788565334,0.04328957978911277,0.05598942697948651,0.058982861539664,0,139,139
oasis,32,qsf,template_random_robust,3,1,0.029895593530497613,0.0010265997742446758,0.029895593530497613,0.05632326043948947,0.0650298497697115,0.0779924445255405,0,139,139
oasis,32,qsf,template_random_robust,3,2,0.027647293627467047,0.000887772484511995,0.027647293627467047,0.049810333657817195,0.06102472674741052,0.0774812203759994,0,139,139
oasis,32,qsf,template_random_robust,3,3,0.030386576399530393,0.0010510187163049935,0.030386576399530393,0.05421439634473699,0.06553993649790969,0.0791389071908594,0,139,139
oasis,32,qsf,template_random_robust,4,1,0.02869415909718177,0.0009226781076781165,0.02869415909718177,0.05251035661935599,0.05495678987476761,0.0801110202509385,0,139,139
oasis,32,qsf,template_random_robust,4,2,0.02863948930659316,0.0009438835525938217,0.02863948930659316,0.04695428324436026,0.07257790552437288,0.0956921196170791,0,139,139
oasis,32,qsf,template_random_robust,4,3,0.028366111541598134,0.0008986863836704567,0.028366111541598134,0.045424500223726544,0.06469426065399062,0.0796178414095288,0,139,139
oasis,32,qsf,template_random_robust,5,1,0.030549935943685512,0.0010501031938155712,0.030549935943685512,0.052615659858563375,0.0650769382607803,0.0673144689248883,0,139,139
oasis,32,qsf,template_random_robust,5,2,0.028989739688658405,0.0009526987814281282,0.028989739688658405,0.052448334624590254,0.06071135011952197,0.0654089090669145,0,139,139
oasis,32,qsf,template_random_robust,5,3,0.03347632172208283,0.0012881097191801971,0.03347632172208283,0.06067145456728175,0.07369715687036611,0.0768545741795377,0,139,139
oasis,32,qsf,template_selected_bounded_residual,1,1,0.028387919813922986,0.0009935285307425819,0.028387919813922986,0.05023199937681564,0.06701469336167472,0.1454875243380557,0,139,139
oasis,32,qsf,template_selected_bounded_residual,1,2,0.02539879105267622,0.0007444160803192791,0.02539879105267622,0.040230231321139336,0.06695244912782333,0.0907690890113733,0,139,139
oasis,32,qsf,template_selected_bounded_residual,1,3,0.028878446057362925,0.00099315167154413,0.028878446057362925,0.051053569483890414,0.07866038180127412,0.1157280039789146,0,139,139
oasis,32,qsf,template_selected_bounded_residual,2,1,0.027305626518447666,0.0008205096602443374,0.027305626518447666,0.042726266152755314,0.06014269664151877,0.0715474884811449,0,139,139
oasis,32,qsf,template_selected_bounded_residual,2,2,0.024612874358308237,0.0006592066153057511,0.024612874358308237,0.039341925388986176,0.04746183285378834,0.0511850266124133,0,139,139
oasis,32,qsf,template_selected_bounded_residual,2,3,0.027634962788565334,0.0008295700842566835,0.027634962788565334,0.04328957978911277,0.05598942697948651,0.058982861539664,0,139,139
oasis,32,qsf,template_selected_bounded_residual,3,1,0.028884401524278326,0.0009657039238336387,0.028884401524278326,0.05317412148231033,0.07249738659528314,0.0779818814792656,0,139,139
oasis,32,qsf,template_selected_bounded_residual,3,2,0.025457733345861138,0.0007334344797344419,0.025457733345861138,0.046387683928895466,0.05110855743450731,0.0676910649231114,0,139,139
oasis,32,qsf,template_selected_bounded_residual,3,3,0.02844230103089078,0.0009283120092538548,0.02844230103089078,0.05096325397658666,0.06340824565379585,0.0792113228843343,0,139,139
oasis,32,qsf,template_selected_bounded_residual,4,1,0.027040571117061693,0.0008150486673409941,0.027040571117061693,0.045933281204668656,0.06347412695254416,0.0739701501818579,0,139,139
oasis,32,qsf,template_selected_bounded_residual,4,2,0.024457168637544307,0.0006730497386086518,0.024457168637544307,0.03887478443236362,0.058379986809826465,0.077681561287826,0,139,139
oasis,32,qsf,template_selected_bounded_residual,4,3,0.026593590931613512,0.0007984153261130633,0.026593590931613512,0.04476439524989388,0.0647584131560818,0.0831118968518675,0,139,139
oasis,32,qsf,template_selected_bounded_residual,5,1,0.028422771915977366,0.0009051879714772432,0.028422771915977366,0.04858426150688931,0.06072172383659918,0.0697388561802267,0,139,139
oasis,32,qsf,template_selected_bounded_residual,5,2,0.025387367943241035,0.0007099312367856554,0.025387367943241035,0.04143057764169815,0.05147912563570417,0.0530442336899906,0,139,139
oasis,32,qsf,template_selected_bounded_residual,5,3,0.028337573534191654,0.0008896238529444642,0.028337573534191654,0.04916940418564421,0.05554190316988228,0.05619169617633,0,139,139
oasis,32,qsf,template_selected_projection,1,1,0.030515676058454205,0.0011395795801210217,0.030515676058454205,0.05437521723455142,0.07177331156913014,0.1542558708995569,0,139,139
oasis,32,qsf,template_selected_projection,1,2,0.0276960800898405,0.0009027469764417768,0.0276960800898405,0.04417305728790454,0.0804266325954213,0.1085569260601153,0,139,139
oasis,32,qsf,template_selected_projection,1,3,0.030583491612059838,0.0011113352393496518,0.030583491612059838,0.05296040519841592,0.08335880610438642,0.1221108868741933,0,139,139
oasis,32,qsf,template_selected_projection,2,1,0.029281922407221692,0.000935583141366787,0.029281922407221692,0.04783783948374429,0.06377983803731235,0.069159098297431,0,139,139
oasis,32,qsf,template_selected_projection,2,2,0.027104038458649223,0.0008033516488914467,0.027104038458649223,0.04134578912262526,0.05017731198562832,0.0775014039807981,0,139,139
oasis,32,qsf,template_selected_projection,2,3,0.02982812642710604,0.0009625009560714906,0.02982812642710604,0.046449483941131686,0.061243881897839705,0.0697243568575742,0,139,139
oasis,32,qsf,template_selected_projection,3,1,0.03046815030119805,0.001058631758212146,0.03046815030119805,0.054978903940069636,0.07027190850285574,0.0775118818154573,0,139,139
oasis,32,qsf,template_selected_projection,3,2,0.027458436067700816,0.0008557335886818043,0.027458436067700816,0.049480806809109316,0.06486116207636487,0.0771812646405912,0,139,139
oasis,32,qsf,template_selected_projection,3,3,0.030081849854585802,0.0010319531927819006,0.030081849854585802,0.054158637197017814,0.06757186896798029,0.0826392879323942,0,139,139
oasis,32,qsf,template_selected_projection,4,1,0.02916411003472412,0.0009439968499869195,0.02916411003472412,0.048686164150299666,0.06940799831909453,0.0797759173337785,0,139,139
oasis,32,qsf,template_selected_projection,4,2,0.02660959348947809,0.0008019244136597662,0.02660959348947809,0.03964569173097722,0.06173239627382376,0.0969034646870024,0,139,139
oasis,32,qsf,template_selected_projection,4,3,0.02844473108813935,0.0009151766122895058,0.02844473108813935,0.047658123836231185,0.06852974231888437,0.0940617517292304,0,139,139
oasis,32,qsf,template_selected_projection,5,1,0.031143926430855787,0.0010710966596852757,0.031143926430855787,0.05206518600031063,0.06490352823771287,0.0747355760761148,0,139,139
oasis,32,qsf,template_selected_projection,5,2,0.027566463169450012,0.0008350373062077597,0.027566463169450012,0.04298807807441199,0.05380401176686682,0.0732563146392303,0,139,139
oasis,32,qsf,template_selected_projection,5,3,0.030406375627455944,0.0010168228326013706,0.030406375627455944,0.05023846073291814,0.060423580106404834,0.0650352143105694,0,139,139
oasis,32,qsf,template_selected_robust,1,1,0.028387919813922986,0.0009935285307425819,0.028387919813922986,0.05023199937681564,0.06701469336167472,0.1454875243380557,0,139,139
oasis,32,qsf,template_selected_robust,1,2,0.02539879105267622,0.0007444160803192791,0.02539879105267622,0.040230231321139336,0.06695244912782333,0.0907690890113733,0,139,139
oasis,32,qsf,template_selected_robust,1,3,0.028878446057362925,0.00099315167154413,0.028878446057362925,0.051053569483890414,0.07866038180127412,0.1157280039789146,0,139,139
oasis,32,qsf,template_selected_robust,2,1,0.027305626518447666,0.0008205096602443374,0.027305626518447666,0.042726266152755314,0.06014269664151877,0.0715474884811449,0,139,139
oasis,32,qsf,template_selected_robust,2,2,0.024612874358308237,0.0006592066153057511,0.024612874358308237,0.039341925388986176,0.04746183285378834,0.0511850266124133,0,139,139
oasis,32,qsf,template_selected_robust,2,3,0.027634962788565334,0.0008295700842566835,0.027634962788565334,0.04328957978911277,0.05598942697948651,0.058982861539664,0,139,139
oasis,32,qsf,template_selected_robust,3,1,0.028884401524278326,0.0009657039238336387,0.028884401524278326,0.05317412148231033,0.07249738659528314,0.0779818814792656,0,139,139
oasis,32,qsf,template_selected_robust,3,2,0.025457733345861138,0.0007334344797344419,0.025457733345861138,0.046387683928895466,0.05110855743450731,0.0676910649231114,0,139,139
oasis,32,qsf,template_selected_robust,3,3,0.02844230103089078,0.0009283120092538548,0.02844230103089078,0.05096325397658666,0.06340824565379585,0.0792113228843343,0,139,139
oasis,32,qsf,template_selected_robust,4,1,0.027040571117061693,0.0008150486673409941,0.027040571117061693,0.045933281204668656,0.06347412695254416,0.0739701501818579,0,139,139
oasis,32,qsf,template_selected_robust,4,2,0.024457168637544307,0.0006730497386086518,0.024457168637544307,0.03887478443236362,0.058379986809826465,0.077681561287826,0,139,139
oasis,32,qsf,template_selected_robust,4,3,0.026593590931613512,0.0007984153261130633,0.026593590931613512,0.04476439524989388,0.0647584131560818,0.0831118968518675,0,139,139
oasis,32,qsf,template_selected_robust,5,1,0.028422771915977366,0.0009051879714772432,0.028422771915977366,0.04858426150688931,0.06072172383659918,0.0697388561802267,0,139,139
oasis,32,qsf,template_selected_robust,5,2,0.025387367943241035,0.0007099312367856554,0.025387367943241035,0.04143057764169815,0.05147912563570417,0.0530442336899906,0,139,139
oasis,32,qsf,template_selected_robust,5,3,0.028337573534191654,0.0008896238529444642,0.028337573534191654,0.04916940418564421,0.05554190316988228,0.05619169617633,0,139,139
